공연ID,대표공연명,연도,첫공연일,회차수,출처,장르1,장르혼합,장르출처
120510_01,예울마루 개관기념 KBS열린음악회,2012,20120510,1,운영대장,클래식,,대장
120521_01,여수엑스포심포니오케스트라왈츠콘서트,2012,20120521,1,운영대장,클래식,,대장
120522_01,여수시립합창단 제61회 정기연주회,2012,20120522,1,운영대장,클래식,,대장
120601_01,창작오페라 <손양원>,2012,20120601,3,운영대장,클래식,,대장
120610_01,한-요르단 수교 50주년 기념] 요르단 국립민속예술단,2012,20120610,1,운영대장,발레/연극,,대장
120614_01,창작오페라 <귀항>_2012,2012,20120614,3,운영대장,클래식,,대장
120617_01,[한-모로코 수교 50주년 기념] 모로코 라바트 안달루시아 오케스트라,2012,20120617,1,운영대장,클래식,,대장
120628_01,"배병우의 <대양을 향하여>를 위한 <거문고,소리,피아노 그리고 춤>",2012,20120628,1,운영대장,기타,,대장
120629_01,2012 여수엑스포 축하음악회 - 여수필하모닉오케스트라 제 24회 연주회,2012,20120629,1,운영대장,클래식,,대장
120704_01,제15회 대학생 국토대장정 출정식,2012,20120704,1,운영대장,기타,,대장
120704_02,제14회 지속가능발전전국대회,2012,20120704,3,운영대장,기타,,대장
120707_01,[2012 여수 엑스포 축하기념] 뉴욕 주립 청소년 오케스트라 (Empire State Youth Orchestra) 초청 연주회,2012,20120707,1,운영대장,클래식,,대장
120712_01,창작가무악극 <오돌래>,2012,20120712,3,운영대장,기타,,대장
120721_01,광주시립무용단 한국창작발레 성웅 이순신,2012,20120721,1,운영대장,발레/연극,,대장
120727_01,"전남도립국악단 판페라 ""이순신"" - 민초와 함께 부르는 의로운 함성",2012,20120727,1,운영대장,기타,,대장
120728_01,유럽거장들과 함께하는 Music Travel,2012,20120728,1,운영대장,클래식,,대장
120731_01,2012 여수국제장애인EXPO,2012,20120731,2,운영대장,기타,,대장
120807_01,여수엑스포심포니오케스트라 Gala Concert,2012,20120807,1,운영대장,클래식,,대장
120815_01,815광복절기념 축하음악회 <한국환상곡>2012,2012,20120815,1,운영대장,클래식,,대장
120911_01,시공간으로의 여행 - 평양 예술단,2012,20120911,1,운영대장,발레/연극,,대장
120913_01,드뷔시 탄생 150주년 기념 전남대학교 피아노 교수음악회,2012,20120913,1,운영대장,클래식,,대장
120914_01,제22회 남도시립합창제,2012,20120914,1,운영대장,클래식,,대장
120915_01,관객과 호흡하는 김동규 가을콘서트,2012,20120915,1,운영대장,대중,,대장
120921_01,이문세 붉은노을,2012,20120921,2,운영대장,대중,,대장
121013_01,이미자 孝 콘서트 - 세월과 함께 부른 나의 노래,2012,20121013,2,운영대장,대중,,대장
121018_01,"제21회 전국무용제개막식
춤, 대양을 품다",2012,20121018,1,운영대장,발레/연극,,대장
121019_01,"제21회 전국무용제 <춤, 대양을 품다>",2012,20121019,8,운영대장,발레/연극,,대장
121020_01,녹색환경 글쓰기대회 2012,2012,20121020,1,운영대장,기타,,대장
121027_01,"제21회 전국무용제폐막식
춤, 대양을 품다",2012,20121027,1,운영대장,발레/연극,,대장
121030_01,여수학생연극페스티벌_제1회,2012,20121030,2,운영대장,발레/연극,,대장
121102_01,"여수 학생.학부모 합창페스티벌""내노래에 날개를 달다""_제1회",2012,20121102,2,운영대장,클래식,,대장
121107_01,여도오케스트라 심포니 페스티벌,2012,20121107,1,운영대장,클래식,,대장
121110_01,초특급애니뮤지컬 <로보카 폴리>,2012,20121110,5,운영대장,뮤지컬,,대장
121110_02,카르페디엠 플룻앙상블 창단연주회,2012,20121110,1,운영대장,클래식,,대장
121113_01,제4회 성가합창제,2012,20121113,1,운영대장,클래식,,대장
121114_01,전남교육음악제_제9회,2012,20121114,1,운영대장,클래식,,대장
121116_01,연극 <옥탑방고양이>,2012,20121116,5,운영대장,발레/연극,,대장
121121_01,여수교원교향악단 제5회 정기연주회,2012,20121121,1,운영대장,클래식,,대장
121123_01,컬투쇼 <2년만의 미친투어>,2012,20121123,3,운영대장,대중,,대장
121129_01,여도국악관현악단 제6회 정기연주회 <사랑나눔음악회>,2012,20121129,1,운영대장,클래식,,대장
121204_01,여수YWCA합창단 제13회 정기연주회,2012,20121204,1,운영대장,클래식,,대장
121206_01,여수시립합창단 제62회 정기연주회 <헨델 오라토리오 '메시아'>,2012,20121206,1,운영대장,클래식,,대장
121208_01,제4회 가족콘서트,2012,20121208,1,운영대장,대중,,대장
121212_01,여수학생 오케스트라 페스티벌_2012,2012,20121212,2,운영대장,클래식,,대장
121213_01,희망에너지교실,2012,20121213,1,운영대장,기타,,대장
121215_01,금난새와 함께하는 송년음악회,2012,20121215,1,운영대장,클래식,,대장
121218_01,여수시립국악단 제24회 정기연주회 <좋지 아니한가>,2012,20121218,1,운영대장,클래식,,대장
121220_01,크리스마스칸타타_2012,2012,20121220,1,운영대장,뮤지컬,,대장
121222_01,이루마콘서트 <기억에 머무르다>,2012,20121222,1,운영대장,클래식,,대장
121225_01,양성원과레봉벡의 <FUN한여행>,2012,20121225,1,운영대장,클래식,,대장
121227_01,"제정화 젊은소리 여덟번째 ""유쾌한 수다""",2012,20121227,1,운영대장,기타,,대장
121229_01,국립발레단의 <호두까기인형>,2012,20121229,2,운영대장,발레/연극,,대장
130119_01,뮤지컬 <맘마미아>,2013,20130119,4,운영대장,뮤지컬,,대장
130125_01,금난새의 신년음악회,2013,20130125,1,운영대장,클래식,,대장
130213_01,종합예술제,2013,20130213,1,운영대장,클래식,,대장
130215_01,연극 <아버지>,2013,20130215,3,운영대장,발레/연극,,대장
130222_01,김제동토크콘서트 <노브레이크>시즌4,2013,20130222,2,운영대장,대중,,대장
130226_01,시민과의 대화,2013,20130226,1,운영대장,기타,,대장
130301_01,지역예술인재콘서트,2013,20130301,2,운영대장,대중,,대장
130305_01,여수심포니오케스트라신포니에타연주회 <카운터테너루이스초이초청>,2013,20130305,1,운영대장,클래식,,대장
130316_01,양성원바흐무반주첼로모음곡전곡연주회,2013,20130316,1,운영대장,클래식,,대장
130317_01,"브라이언 크레인 내한 공연 ""사랑, 봄의 이야기""",2013,20130317,1,운영대장,클래식,,대장
130326_01,최정원&친구들의뮤지컬 콘서트,2013,20130326,1,운영대장,대중,,대장
130329_01,김영철의 FUNFUN 클래식,2013,20130329,1,운영대장,클래식,,대장
130402_01,신춘음악회,2013,20130402,1,운영대장,클래식,,대장
130411_01,앙상블 네우마와 함께하는 희망 콘서트,2013,20130411,1,운영대장,클래식,,대장
130413_01,연극 <친정엄마와 2박3일>,2013,20130413,2,운영대장,발레/연극,,대장
130418_01,"힐링음악회 I <봄 피아노, 책을 품다>",2013,20130418,1,운영대장,클래식,,대장
130418_02,마음톡톡캠프,2013,20130418,17,운영대장,기타,,대장
130420_01,코믹연극 <너와함께라면>,2013,20130420,2,운영대장,발레/연극,,대장
130426_01,김성녀의 <벽속의요정>,2013,20130426,2,운영대장,뮤지컬,,대장
130502_01,"김영옥 명창 ""이순신을 노래하다""",2013,20130502,1,운영대장,기타,,대장
130508_01,뮤지컬 <노틀담의 꼽추>,2013,20130508,8,운영대장,뮤지컬,,대장
130510_01,박완규출판기념식 및 이홍렬초청강연,2013,20130510,1,운영대장,기타,,대장
130515_01,태교음악회,2013,20130515,1,운영대장,클래식,,대장
130516_01,여수시립합창단 제63회 정기연주회,2013,20130516,1,운영대장,클래식,,대장
130518_01,예울마루개관1주년특별공연 <서울시향연주회>,2013,20130518,1,운영대장,클래식,,대장
130525_01,가족뮤지컬 <넌 특별하단다>,2013,20130525,2,운영대장,어린이·가족,,대장
130528_01,프라임 필하모닉오케스트라 초청 음악회,2013,20130528,1,운영대장,클래식,,대장
130531_01,어린이명품뮤지컬 <브레멘음악대>,2013,20130531,4,운영대장,어린이·가족,,대장
130604_01,뮤직드라마 <당신만이>,2013,20130604,4,운영대장,뮤지컬,,대장
130607_01,파가니니 카프리스 24개 전곡연주_바이올리니스트 임재홍,2013,20130607,1,운영대장,클래식,,대장
130608_01,개그빅콘서트,2013,20130608,2,운영대장,대중,,대장
130611_01,여수세계합창제_개막식,2013,20130611,1,운영대장,클래식,,대장
130612_01,여수세계합창제 콘서트 시리즈 1_미국 합창의 밤,2013,20130612,1,운영대장,대중,,대장
130613_01,여수세계합창제 콘서트 시리즈 2_필리핀 합창의 밤,2013,20130613,1,운영대장,대중,,대장
130614_01,여수세계합창제 콘서트 시리즈 3_민속음악 & Pop & Jazz,2013,20130614,1,운영대장,대중,,대장
130615_01,여수세계합창제 콘서트 시리즈 4_혼성합창의 밤,2013,20130615,1,운영대장,대중,,대장
130617_01,여수세계합창제_폐막식,2013,20130617,1,운영대장,클래식,,대장
130619_01,"힐링음악회Ⅱ <피아노,영화를만나다>""찰리채플린의 모던타임즈""",2013,20130619,1,운영대장,클래식,,대장
130621_01,재능나눔 콘서트,2013,20130621,1,운영대장,대중,,대장
130621_02,The주현미Show,2013,20130621,2,운영대장,대중,,대장
130622_01,"루마니아티미쇼아라 필하모닉 그들이 전하는 ""달콤한 클래식 읽기""",2013,20130622,1,운영대장,클래식,,대장
130623_01,폴포츠 내한공연,2013,20130623,1,운영대장,클래식,,대장
130628_01,제5회 피아노 듀오 연주회,2013,20130628,1,운영대장,클래식,,대장
130629_01,사운드오브뮤직_농림축산식품부주최,2013,20130629,2,운영대장,뮤지컬,,대장
130711_01,프레미에앙상블,2013,20130711,1,운영대장,클래식,,대장
130713_01,국립국악관현악단 <잔치>,2013,20130713,2,운영대장,기타,,대장
130716_01,서울예고와 함께하는 2013 청소년 음악회,2013,20130716,1,운영대장,클래식,,대장
130719_01,모스틀리 필하모닉 영화음악콘서트,2013,20130719,1,운영대장,대중,,대장
130813_01,희망에너지교실_학교폭력예방교육,2013,20130813,4,운영대장,기타,,대장
130815_01,815광복절기념 축하음악회 <한국환상곡>2013,2013,20130815,1,운영대장,클래식,,대장
130823_01,창극 홍길동_전남도립국악단 기획공연,2013,20130823,1,운영대장,기타,,대장
130824_01,문지영 피아노 독주회,2013,20130824,1,운영대장,클래식,,대장
130903_01,아르스노바 남성합창단 제5회 정기 연주회,2013,20130903,1,운영대장,클래식,,대장
130907_01,백건우 피아노리사이틀,2013,20130907,1,운영대장,클래식,,대장
130910_01,아가페합창단 제19회 정기연주회,2013,20130910,1,운영대장,클래식,,대장
130926_01,여수심포니오케스트라_낭만으로의여행,2013,20130926,1,운영대장,클래식,,대장
130928_01,여수영재오케스트라 제1회 정기연주회,2013,20130928,1,운영대장,클래식,,대장
131001_01,내친구첼로,2013,20131001,1,운영대장,클래식,,대장
131007_01,여수마칭(관악)페스티벌,2013,20131007,1,운영대장,기타,,대장
131010_01,여수시립합창단 제64회 정기연주회,2013,20131010,1,운영대장,클래식,,대장
131011_01,태교음악회_남편과함께하는,2013,20131011,1,운영대장,클래식,,대장
131015_01,전남대학교 피아노 교수음악회 <브람스를 좋아하세요?>,2013,20131015,1,운영대장,클래식,,대장
131016_01,"힐링음악회Ⅲ <피아노,여행을만나다>",2013,20131016,1,운영대장,클래식,,대장
131019_01,녹색환경 글쓰기대회 2013,2013,20131019,1,운영대장,기타,,대장
131022_01,가을밤의세레나데 2013,2013,20131022,1,운영대장,클래식,,대장
131024_01,전남대학교 예술대학 음악학과 제29회 정기연주회,2013,20131024,1,운영대장,클래식,,대장
131025_01,여수청소년관악단 제2회 정기연주회,2013,20131025,1,운영대장,클래식,,대장
131026_01,여수어머니리코더합주단 제11회 정기연주회,2013,20131026,1,운영대장,클래식,,대장
131026_02,번개맨의 비밀2 <우리영웅번개맨>,2013,20131026,5,운영대장,뮤지컬,,대장
131029_01,신의 아그네스,2013,20131029,1,운영대장,발레/연극,,대장
131030_01,여수학생연극페스티벌_제2회,2013,20131030,1,운영대장,발레/연극,,대장
131031_01,"여수 학생.학부모 합창페스티벌""내노래에 날개를 달다""_제2회",2013,20131031,1,운영대장,클래식,,대장
131101_01,조이아뮤지션스의 힐링음악회,2013,20131101,1,운영대장,클래식,,대장
131102_01,권혁주 파가니니로불사르다,2013,20131102,1,운영대장,클래식,,대장
131102_02,남진콘서트2013 <내노래의 이력서>,2013,20131102,2,운영대장,대중,,대장
131105_01,그남자 카운트테너 루이스쵸이를 만나자,2013,20131105,1,운영대장,클래식,,대장
131109_01,2013 메세나대상 수상 기념 <프레미에앙상블> 연주회,2013,20131109,1,운영대장,클래식,,대장
131112_01,"공제회와 함께 거니는 ""문화의 숲, 예술의 정원""",2013,20131112,1,운영대장,대중,,대장
131115_01,한국형뮤지컬 <오돌레>_2013,2013,20131115,2,운영대장,기타,,대장
131116_01,예술의전당콘서트실황중계 <토요콘서트>,2013,20131116,1,운영대장,대중,,대장
131119_01,여도오케스트라 제15회 정기연주회,2013,20131119,1,운영대장,클래식,,대장
131120_01,여수학생 오케스트라 페스티벌_2013,2013,20131120,2,운영대장,클래식,,대장
131121_01,요절복통 코믹연극 <경로당폰팅사건>,2013,20131121,5,운영대장,발레/연극,,대장
131123_01,여수교원교향악단 제6회 정기연주회,2013,20131123,1,운영대장,클래식,,대장
131124_01,발렌티나리시차 피아노리사이틀,2013,20131124,1,운영대장,클래식,,대장
131126_01,제 7회 전남초등교육음악제,2013,20131126,1,운영대장,클래식,,대장
131127_01,Prof.Andreas Lehmann & Lux Ensemble,2013,20131127,1,운영대장,클래식,,대장
131128_01,여수시립합창단 오페라갈라콘서트,2013,20131128,1,운영대장,클래식,,대장
131129_01,여수필하모닉오케스트라 제25회 정기연주회,2013,20131129,1,운영대장,클래식,,대장
131130_01,세종솔로이스츠의세레나데,2013,20131130,1,운영대장,클래식,,대장
131202_01,뮤지컬 <식구를 찾아서>_노동조합,2013,20131202,3,운영대장,발레/연극,,대장
131205_01,아카데미아 금관 5중주,2013,20131205,1,운영대장,클래식,,대장
131207_01,희망에너지교실_콘서트,2013,20131207,1,운영대장,대중,,대장
131207_02,크리스마스칸타타_2013,2013,20131207,1,운영대장,뮤지컬,,대장
131210_01,<아카데미>성악아카데미발표회1,2013,20131210,1,운영대장,,,미상
131210_02,한국음악협회여수지부 제38회 정기연주회,2013,20131210,1,운영대장,클래식,,대장
131212_01,"힐링음악회Ⅳ <피아노,크리스마스>",2013,20131212,1,운영대장,클래식,,대장
131214_01,여수시민합창제,2013,20131214,1,운영대장,클래식,,대장
131217_01,알라딘과 요술램프,2013,20131217,2,운영대장,뮤지컬,,대장
131217_02,여수YWCA합창단 제14회 정기연주회_신동원과함께하는,2013,20131217,1,운영대장,클래식,,대장
131219_01,전남교사리코더합주단 제13회 정기연주회,2013,20131219,1,운영대장,클래식,,대장
131220_01,이루마 힐링콘서트,2013,20131220,1,운영대장,대중,,대장
131224_01,서울발레시어터의 <호두까기인형>,2013,20131224,2,운영대장,발레/연극,,대장
131228_01,난타(NANTA),2013,20131228,4,운영대장,뮤지컬,,대장
131231_01,팝페라 콘서트,2013,20131231,1,운영대장,대중,,대장
140111_01,PT콘서트,2014,20140111,1,운영대장,대중,,대장
140118_01,직장연합30주년축제,2014,20140118,1,운영대장,클래식,,대장
140120_01,예울마루 음악캠프 개막식,2014,20140120,1,운영대장,,,미상
140123_01,예울마루 음악캠프기념 합동연주회_연세대&영재오케스트라,2014,20140123,1,운영대장,,,미상
140125_01,빈소년합창단 신년음악회_2014,2014,20140125,1,운영대장,클래식,,대장
140214_01,뮤지컬 <아가씨와건달들>,2014,20140214,5,운영대장,뮤지컬,,대장
140222_01,주믿음 1집 앨범 쇼케이스,2014,20140222,1,운영대장,대중,,대장
140304_01,신춘음악회,2014,20140304,1,운영대장,클래식,,대장
140314_01,김혜자의 모노드라마 <오스카! 신에게 보내는 편지>,2014,20140314,2,운영대장,발레/연극,,대장
140318_01,<아카데미>클래식파노라마_상반기,2014,20140318,10,운영대장,,,미상
140322_01,양성원&엔리코파체듀오리사이틀,2014,20140322,1,운영대장,클래식,,대장
140326_01,이화회 정기총회 및 단합대회,2014,20140326,1,운영대장,,,미상
140328_01,김제동 토크콘서트 <노브레이크>시즌5,2014,20140328,2,운영대장,대중,,대장
140410_01,더 베이스 갱(THE BASS GANG),2014,20140410,1,운영대장,클래식,,대장
140412_01,카르페디엠 정기연주회,2014,20140412,1,운영대장,클래식,,대장
140416_01,제34회 장애인의 날 기념식,2014,20140416,1,운영대장,,,미상
140418_01,바이올리니스트 조진주 리사이틀(VOICE),2014,20140418,1,운영대장,클래식,,대장
140418_02,웃음의 대학,2014,20140418,3,운영대장,발레/연극,,대장
140419_01,전장수 기타리스트 독주회,2014,20140419,1,운영대장,클래식,,대장
140423_01,피아니스트 강현주와 함께 떠나는 세계음악여행_프라하의 봄,2014,20140423,1,운영대장,클래식,,대장
140501_01,가족뮤지컬 <구름빵>,2014,20140501,6,운영대장,어린이·가족,,대장
140513_01,라트라비아타(LATRAVIARA) 갈라콘서트,2014,20140513,1,운영대장,대중,,대장
140514_01,부영초등학교 교가 녹음,2014,20140514,1,운영대장,,,미상
140523_01,광양만권 진로상담교사 간담회,2014,20140523,1,운영대장,,,미상
140523_02,예울마루개관2주년기념공연 <KBS교향악단연주회>,2014,20140523,1,운영대장,클래식,,대장
140529_01,<아카데미>영어뮤지컬아카데미발표회1,2014,20140529,1,운영대장,,,미상
140531_01,아카펠라그룹 메이트리 미니콘서트,2014,20140531,1,운영대장,,,미상
140610_01,<아카데미>한국예술종합학교찾아가는문화행사_종강콘서트,2014,20140610,1,운영대장,,,미상
140610_02,여수지역 유망 솔리스트를 위한 Gala Concert,2014,20140610,1,운영대장,클래식,,대장
140612_01,여수시립합창단 제65회 정기연주회,2014,20140612,1,운영대장,클래식,,대장
140614_01,리틀엔젤스 여수 특별공연,2014,20140614,2,운영대장,기타,,대장
140617_01,<아카데미>성악아카데미발표회2,2014,20140617,1,운영대장,,,미상
140618_01,LIG보험 합창대회,2014,20140618,1,운영대장,,,미상
140619_01,피아노 듀오 & 솔로 연주회,2014,20140619,1,운영대장,클래식,,대장
140620_01,"디퍼런트 디토(Ditto) “그리하여,밤”",2014,20140620,1,운영대장,클래식,,대장
140624_01,"김영옥 명창 ""이순신의 충효충절을 소리한""",2014,20140624,1,운영대장,기타,,대장
140627_01,최현우 매직 콘서트 더셜록,2014,20140627,4,운영대장,대중,,대장
140629_01,프로코피에프필하모니오케스트라와 여수심포니오케스트라 그들이 전하는 공감음악회,2014,20140629,1,운영대장,클래식,,대장
140705_01,눈물기도,2014,20140705,1,운영대장,클래식,,대장
140711_01,창작오페라 <귀항>_2014,2014,20140711,2,운영대장,클래식,,대장
140717_01,테너임산과 나라사랑친구사랑,2014,20140717,1,운영대장,클래식,,대장
140819_01,독일작센유스윈드오케스트라,2014,20140819,1,운영대장,클래식,,대장
140820_01,무지개상자캠프,2014,20140820,2,운영대장,,,미상
140822_01,한여름밤의세레나데,2014,20140822,1,운영대장,클래식,,대장
140823_01,"손양원기념음악회 ""La Clemenza(용서)""",2014,20140823,1,운영대장,클래식,,대장
140826_01,피아니스트 강현주와 함께 떠나는 세계음악여행_지중해의 여름,2014,20140826,1,운영대장,클래식,,대장
140828_01,방미가바이올린리사이틀,2014,20140828,1,운영대장,클래식,,대장
140902_01,아르스노바 남성합창단 제6회 정기연주회,2014,20140902,1,운영대장,클래식,,대장
140913_01,클래식 오디세이_United Flute Orchestra와 Harpist 박수원이 선사하는,2014,20140913,1,운영대장,클래식,,대장
140914_01,염은하바이올린리사이틀,2014,20140914,1,운영대장,클래식,,대장
140916_01,김선욱 피아노 리사이틀,2014,20140916,1,운영대장,클래식,,대장
140917_01,헝가리부다페스트 색소폰 콰르텟 연주회,2014,20140917,1,운영대장,클래식,,대장
140919_01,국제아트페스티벌 남도예술은행그림경매,2014,20140919,1,운영대장,,,미상
140919_02,여수시민과 함께하는 예술의 향연_전남예고공연,2014,20140919,1,운영대장,클래식,,대장
140920_01,브라이언 크레인 콘서트_CF＆드라마 음악의 거장,2014,20140920,1,운영대장,대중,,대장
140923_01,"제정화 젊은소리 열번째판 ""꿈꾸는 바다""",2014,20140923,1,운영대장,클래식,,대장
140923_02,<아카데미>클래식파노라마_하반기,2014,20140923,10,운영대장,,,미상
140923_03,이성열바이올린독주회,2014,20140923,1,운영대장,클래식,,대장
140926_01,여수심포니오케스트라 제3회 정기연주회,2014,20140926,1,운영대장,클래식,,대장
140927_01,도이치방송교향악단내한공연,2014,20140927,1,운영대장,클래식,,대장
140927_02,옳고바른마음쓰기,2014,20140927,1,운영대장,,,미상
140930_01,한국음악협회여수지부 제39회 정기연주회,2014,20140930,1,운영대장,클래식,,대장
141002_01,피아니스트 강현주와 함께 떠나는 세계음악여행_파리의 가을,2014,20141002,1,운영대장,클래식,,대장
141006_01,마음톡톡캠프,2014,20141006,6,운영대장,,,미상
141009_01,음악이흐르는광장영화관 오프닝 축하연주회,2014,20141009,1,운영대장,클래식,,운영자확정
141014_01,여수아가페합창단 정기연주회,2014,20141014,1,운영대장,클래식,,대장
141015_01,JK앙상블,2014,20141015,1,운영대장,클래식,,대장
141016_01,모던타임즈,2014,20141016,1,운영대장,클래식,,대장
141017_01,가을밤의세레나데,2014,20141017,1,운영대장,클래식,,대장
141018_01,쿨페라 <사랑의 묘약>,2014,20141018,2,운영대장,기타,,대장
141024_01,뮤지컬 <브로드웨이 42번가>,2014,20141024,5,운영대장,뮤지컬,,대장
141030_01,여수.성남 시립국악단 교류음악회 <지란지교를 꿈꾸며..>,2014,20141030,1,운영대장,클래식,,대장
141031_01,여수학생연극페스티벌_제3회,2014,20141031,1,운영대장,발레/연극,,대장
141101_01,여수영재오케스트라 제2회 정기연주회,2014,20141101,1,운영대장,클래식,,대장
141104_01,<아카데미>영어뮤지컬아카데미녹음,2014,20141104,2,운영대장,,,미상
141106_01,모차르트그룹최초내한공연,2014,20141106,1,운영대장,클래식,,대장
141107_01,<김동규>김동규의 열정 라틴콘서트,2014,20141107,1,운영대장,대중,,대장
141108_01,여수어머니리코더합주단 제12회 정기연주회,2014,20141108,1,운영대장,클래식,,대장
141114_01,"여수 학생.학부모 합창페스티벌""내노래에 날개를 달다""_제3회",2014,20141114,1,운영대장,클래식,,대장
141115_01,여수청소년관악단 제3회 정기연주회,2014,20141115,1,운영대장,클래식,,대장
141118_01,여수YWCA합창단 제15회 정기연주회,2014,20141118,1,운영대장,클래식,,대장
141120_01,여도국악관현악단 제7회 정기연주회 <사랑나눔음악회>,2014,20141120,1,운영대장,클래식,,대장
141121_01,앙상블 네우마의 scent of Autumn(가을의 향기),2014,20141121,1,운영대장,클래식,,대장
141122_01,"여수시립합창단 제66회 정기연주회""한창석 상임 지후자 취임기념 음악회""",2014,20141122,1,운영대장,클래식,,대장
141125_01,여수학생 오케스트라 페스티벌_2014,2014,20141125,2,운영대장,클래식,,대장
141128_01,전남학생예술교육페스티벌(연극),2014,20141128,1,운영대장,발레/연극,,대장
141202_01,여수교직원합창단창단연주회_내마음의강물,2014,20141202,1,운영대장,클래식,,대장
141204_01,피아니스트 강현주와 함께 떠나는 세계음악여행_화이트 인 뉴욕,2014,20141204,1,운영대장,클래식,,대장
141206_01,WBC복지TV개국 4주년기념 갈라콘서트,2014,20141206,1,운영대장,대중,,대장
141206_02,희망에너지교실,2014,20141206,1,운영대장,,,미상
141209_01,KCO첼로앙상블연주회,2014,20141209,1,운영대장,클래식,,대장
141210_01,<아카데미>클래식파노라마콘서트,2014,20141210,1,운영대장,,,미상
141211_01,전남학생예술교육페스티벌(오케스트라부문),2014,20141211,1,운영대장,클래식,,대장
141213_01,여수리코더 제9회 페스티벌,2014,20141213,1,운영대장,기타,,대장
141216_01,여수시립국악단 제28회 정기연주회_동백 바람에 날리어,2014,20141216,1,운영대장,클래식,,대장
141216_02,<아카데미>영어뮤지컬아카데미발표회2,2014,20141216,1,운영대장,,,미상
141218_01,여수시립합창단 송년음악회,2014,20141218,1,운영대장,클래식,,대장
141218_02,<아카데미>성악아카데미발표회3,2014,20141218,1,운영대장,,,미상
141219_01,제3회 지역예술인재콘서트_내꿈에날개를,2014,20141219,1,운영대장,대중,,대장
141219_02,이루마 전국투어 콘서트 _HEART,2014,20141219,1,운영대장,대중,,대장
141220_01,여수교원교향악단 제7회 정기연주회,2014,20141220,1,운영대장,클래식,,대장
141223_01,연극 <짬뽕>,2014,20141223,10,운영대장,발레/연극,,대장
141227_01,도서지역 오케스트라 캠프 연주회,2014,20141227,2,운영대장,클래식,,대장
141230_01,여수 클래식 영재육성을 위한 음악회,2014,20141230,1,운영대장,클래식,,대장
150105_01,여수 소년소녀합창단,2015,20150105,5,운영대장,,,미상
150109_01,뮤지컬 <시카고>,2015,20150109,5,운영대장,뮤지컬,,대장
150118_01,빈소년합창단 신년음악회,2015,20150118,1,운영대장,클래식,,대장
150121_01,2014 꿈 끼 탐색주간 학생영상작품 UCC공모전 수상자 체험학습,2015,20150121,1,운영대장,,,미상
150214_01,대신기공 경영설명회,2015,20150214,1,운영대장,,,미상
150304_01,스티븐김 초청공연,2015,20150304,2,운영대장,기타,,대장
150310_01,신춘음악회,2015,20150310,1,운영대장,클래식,,대장
150319_01,아카데미 클래식 파노라마,2015,20150319,16,운영대장,,,미상
150327_01,전남극동방송 설립추진음악회,2015,20150327,1,운영대장,클래식,,대장
150328_01,전시 카이스트전 과학특강,2015,20150328,1,운영대장,,,미상
150330_01,세계적인 아티스트 초청 <음악스케치>,2015,20150330,1,운영대장,클래식,,대장
150402_01,피아니스트 강현주와 함께하는 원스어폰어타임_헬로우!1825,2015,20150402,1,운영대장,클래식,,대장
150418_01,함신익과 심포니 송이 함께하는 BASF 창립 150주년 기념음악회,2015,20150418,2,운영대장,클래식,,대장
150421_01,여수 시립합창단 제67회 정기연주회 <결혼이야기>,2015,20150421,1,운영대장,클래식,,대장
150430_01,<가족뮤지컬>Why? 마법사와 쫓겨난 임금,2015,20150430,6,운영대장,어린이·가족,,대장
150507_01,WBC 복지TV 전남 꿈나무 희망찾기 가족힐링 갈라콘서트,2015,20150507,1,운영대장,대중,,대장
150508_01,언덕을 넘어서 가자,2015,20150508,2,운영대장,발레/연극,,대장
150515_01,세종솔로이스츠의 낭만,2015,20150515,1,운영대장,클래식,,대장
150522_01,뮤지컬 캣츠,2015,20150522,5,운영대장,뮤지컬,,대장
150527_01,"여수,안산 시립국악단 교류음악회, 소리 그리고 놀이",2015,20150527,1,운영대장,클래식,,대장
150527_02,2015 문화가 있는 날 직장배달콘서트,2015,20150527,1,운영대장,대중,,대장
150528_01,예울마루 아카데미 클래식파노라마 종강콘서트,2015,20150528,1,운영대장,대중,,대장
150530_01,희망의 아이콘 폴포츠 여수공연,2015,20150530,1,운영대장,어린이·가족,,대장
150601_01,마음톡톡캠프,2015,20150601,8,운영대장,,,미상
150602_01,현악사중주 파개그니니 내한공연,2015,20150602,1,운영대장,클래식,,대장
150604_01,아카데미 예울마루 영어뮤지컬 발표회,2015,20150604,1,운영대장,,,미상
150605_01,아카데미 예울마루 성악아카데미 발표회,2015,20150605,1,운영대장,,,미상
150609_01,가슴뛰는 시작 with 여수 심포니 오케스트라,2015,20150609,1,운영대장,클래식,,대장
150611_01,"6월 이야기 : Pieces,songs,and Miniatures",2015,20150611,1,운영대장,클래식,,대장
150714_01,클라세 앙상블과 함께하는 쉽게 듣고 배우는 클래식 향연,2015,20150714,1,운영대장,클래식,,대장
150716_01,러시아 피아니스트 끼릴카슈닌 피아노 리사이틀,2015,20150716,1,운영대장,클래식,,대장
150718_01,전남 제 3회 전국음악콩쿠르,2015,20150718,2,운영대장,,,미상
150725_01,제 7회 피아노 듀오&솔로 연주회 DUO&SOLO PIANO CONCERT,2015,20150725,1,운영대장,클래식,,대장
150729_01,예울마루 여성영화산책_할머니와란제리(07.29),2015,20150729,1,운영대장,기타,,대장
150730_01,"안성완 독창회 ""그리움""",2015,20150730,1,운영대장,클래식,,대장
150801_01,2015년 칠곡 세계 사물놀이겨루기한마당 한려지역아동센터 굴렁쇠 놀이패 연습,2015,20150801,1,운영대장,,,미상
150818_01,피아니스트 강현주와 함께하는 원스어폰어타임 로맨틱1865,2015,20150818,1,운영대장,클래식,,대장
150821_01,서주희 바이올린 독주회,2015,20150821,1,운영대장,클래식,,대장
150822_01,어린이 영어뮤지컬 발표회 뮤지컬 동아리 다다다 발표회,2015,20150822,1,운영대장,,,미상
150822_02,바이올리니스트 오주영 내한공연,2015,20150822,1,운영대장,클래식,,대장
150825_01,김선욱&이상엔더스 듀오콘서트,2015,20150825,1,운영대장,클래식,,대장
150826_01,예울마루 여성영화산책_세컨드마더(08.26),2015,20150826,1,운영대장,기타,,운영자확정
150826_02,제2회 여수 클래식 영재육성을 위한 음악회,2015,20150826,1,운영대장,클래식,,대장
150829_01,블록버스터 뮤지컬 헬로카봇,2015,20150829,5,운영대장,어린이·가족,,대장
150901_01,김진호 피아노 리사이틀,2015,20150901,1,운영대장,클래식,,대장
150902_01,한독교류 나라사랑 음악회,2015,20150902,2,운영대장,클래식,,대장
150903_01,뮤지컬 빨래,2015,20150903,6,운영대장,뮤지컬,,대장
150906_01,춤으로 만나는 아시아,2015,20150906,1,운영대장,발레/연극,,대장
150908_01,한국음악협회여수지부 제40회 정기연주회,2015,20150908,1,운영대장,클래식,,대장
150918_01,"여수시립국악단 제29회 정기공연 황진이, 풍류에 노닐다.",2015,20150918,2,운영대장,기타,,대장
150919_01,2015 여수유스오케스트라 협주곡의 밤,2015,20150919,1,운영대장,클래식,,대장
150924_01,"피아니스트 박종화 콘서트 NUNAYA 동요, 클래식이 되다.",2015,20150924,1,운영대장,클래식,,대장
150930_01,예울마루 여성영화산책_골든차일드(09.30),2015,20150930,1,운영대장,기타,,운영자확정
150930_02,달려라 피아노 <기증받은 피아노예울에서 춤추다>,2015,20150930,2,운영대장,,,미상
151003_01,기독교통일학회 특별학술대회,2015,20151003,1,운영대장,,,미상
151006_01,예울마루 성악 아카데미,2015,20151006,2,운영대장,,,미상
151010_01,허영만전 특강,2015,20151010,4,운영대장,,,미상
151013_01,피아니스트 강현주와 함께하는 원스어픈어타임_코스모1905,2015,20151013,1,운영대장,클래식,,대장
151014_01,감성듀오 유리상자 이세준과 함께하는 태교토크콘서트,2015,20151014,1,운영대장,대중,,대장
151015_01,"행복한 유아, 좋은 선생님 되기",2015,20151015,1,운영대장,,,미상
151015_02,여수시립합창단 68회 정기연주회 <4인 4색>,2015,20151015,1,운영대장,클래식,,대장
151016_01,가을밤의세레나데,2015,20151016,1,운영대장,클래식,,대장
151017_01,농협푸른음악회,2015,20151017,1,운영대장,클래식,,대장
151020_01,여수심포니 오케스트라 정기연주회 <가을 베토벤을 느끼다>,2015,20151020,1,운영대장,클래식,,대장
151021_01,제4회 여수학생연극제,2015,20151021,1,운영대장,발레/연극,,대장
151022_01,모던타임즈,2015,20151022,2,운영대장,클래식,,대장
151024_01,제4회 여수청소년관악단 정기연주회,2015,20151024,1,운영대장,클래식,,대장
151024_02,제13회 여수어머니리코더합주단 정기연주회,2015,20151024,1,운영대장,클래식,,대장
151028_01,예울마루 여성영화산책_토헤즈(10.28),2015,20151028,1,운영대장,기타,,운영자확정
151030_01,LUX앙상블 제3회 정기연주회(& prof.Andreas Lehmann),2015,20151030,1,운영대장,클래식,,대장
151031_01,뮤지컬 명성황후 20주년 기념공연,2015,20151031,4,운영대장,뮤지컬,,대장
151103_01,제21회 여수아가페합창단 정기연주회 믿음의 여행,2015,20151103,1,운영대장,클래식,,대장
151107_01,국립현대무용단 이미아직,2015,20151107,1,운영대장,발레/연극,,대장
151110_01,내 노래에 날개를 달다,2015,20151110,1,운영대장,클래식,,대장
151112_01,여수 사랑의 부부합창단 제9회 정기연주회 행복한 동행,2015,20151112,1,운영대장,클래식,,대장
151114_01,이미자 55주년 효 콘서트,2015,20151114,2,운영대장,대중,,대장
151117_01,제 12회 전남교육음악제,2015,20151117,1,운영대장,클래식,,대장
151118_01,제3회 인도영화축제 5일간의 인도여행,2015,20151118,6,운영대장,,,미상
151119_01,여수YWCA합창단 제16회 정기연주회,2015,20151119,1,운영대장,클래식,,대장
151120_01,여수 여도오케스트라 제16회 정기연주회,2015,20151120,1,운영대장,클래식,,대장
151121_01,장미여관 여수콘서트,2015,20151121,1,운영대장,대중,,대장
151121_02,제13회 그레이스 콘서트,2015,20151121,1,운영대장,대중,,대장
151124_01,2015 학생오케스트라 페스티벌,2015,20151124,2,운영대장,클래식,,대장
151124_02,클래식 파노라마 종강콘서트,2015,20151124,1,운영대장,,,미상
151125_01,예울마루 여성영화산책_마이스키니시스터(11.25),2015,20151125,1,운영대장,기타,,운영자확정
151126_01,어린이 영어뮤지컬 발표회,2015,20151126,1,운영대장,,,미상
151126_02,여수필하모닉오케스트라 제27회 정기연주회,2015,20151126,1,운영대장,클래식,,대장
151127_01,성악아카데미 발표회,2015,20151127,1,운영대장,,,미상
151128_01,양성원&엔리코파체 첼로소나타 베토벤 전곡시리즈,2015,20151128,2,운영대장,클래식,,대장
151201_01,여수교직원합창단 제2회 정기연주회 고향의 노래,2015,20151201,1,운영대장,클래식,,대장
151203_01,(사)뿌리패예술단 여수시지부 정기연주회 불휘,2015,20151203,1,운영대장,클래식,,대장
151204_01,피어클랑 스트링 콰르텟 연주회,2015,20151204,1,운영대장,클래식,,대장
151204_02,"이혜란의 토크 콘서트 사랑해요, 그대",2015,20151204,1,운영대장,대중,,대장
151205_01,여수교원교향악단 여덟번째 연주회,2015,20151205,1,운영대장,클래식,,대장
151206_01,첼리스트 김기용&피아니스트 한네롯바이겔트 듀오리사이틀,2015,20151206,1,운영대장,클래식,,대장
151208_01,K'Arts와 LDP무용단의 Unique Play,2015,20151208,1,운영대장,발레/연극,,대장
151210_01,2015 파리나무 십자가 소년합창단 특별초청공연,2015,20151210,1,운영대장,클래식,,대장
151212_01,제10회 리코더 페스티벌,2015,20151212,1,운영대장,기타,,대장
151219_01,2015 여수 윈드오케스트라 Vituoso Trombone Ensemble,2015,20151219,1,운영대장,클래식,,대장
151222_01,피아니스트 강현주와 함께하는 원스어픈어타임_모던1945,2015,20151222,1,운영대장,클래식,,대장
151223_01,경숙이경숙아버지,2015,20151223,8,운영대장,발레/연극,,대장
151224_01,인터내셔널 쇼팽음반발매기념 임동혁 피아노 리사이틀,2015,20151224,1,운영대장,클래식,,대장
151228_01,2015 제4회 지역 예술인재 콘서트,2015,20151228,1,운영대장,대중,,대장
151228_02,2015 송년음악회 휠체어는 나의 날개,2015,20151228,1,운영대장,클래식,,대장
151229_01,여수유스(영재)오케스트라 제3회 정기연주회,2015,20151229,1,운영대장,클래식,,대장
151230_01,예울마루 여성영화산책_반짝이는 박수소리(12.30),2015,20151230,1,운영대장,기타,,운영자확정
151230_02,"금호아시아나 문화가 있는 날 <클래식 음악선물 VI-Love, 사랑>",2015,20151230,1,운영대장,클래식,,대장
160104_01,연세대 음대 오케스트라,2016,20160104,1,운영대장,,,미상
160107_01,연세대 음대 오케스트라 합동연주회,2016,20160107,1,운영대장,,,미상
160115_01,여수청소년국악관현악캠프(동계)_어울림_1회,2016,20160115,1,운영대장,기타,,대장
160116_01,애국지사 손양원 기념 신년콘서트,2016,20160116,1,운영대장,클래식,,대장
160122_01,용호기계기술 워크샵,2016,20160122,1,운영대장,,,미상
160130_01,"2016 신년음악회 심포니W,송소희",2016,20160130,2,운영대장,클래식,,대장
160219_01,열린챔버오케스트라 제11회 정기연주회,2016,20160219,1,운영대장,클래식,,대장
160224_01,예울마루 여성영화산책(02.24),2016,20160224,1,운영대장,기타,,운영자확정
160226_01,조상님께 바치는 댄스,2016,20160226,2,운영대장,발레/연극,,대장
160304_01,손열음 피아노 리사이틀,2016,20160304,1,운영대장,클래식,,대장
160308_01,아카데미 클래식 파노라마,2016,20160308,20,운영대장,,,미상
160326_01,바람이 불어오는 곳,2016,20160326,2,운영대장,뮤지컬,,대장
160331_01,환경오염통합관리법 설명회,2016,20160331,1,운영대장,,,미상
160406_01,"피아니스트 강현주와 함께하는 위대한 작가들의 음악책갈피Ⅰ
로맹롤랑의 사랑 베토벤",2016,20160406,1,운영대장,클래식,,대장
160414_01,앙상블 네우마 제2회 정기연주회,2016,20160414,2,운영대장,클래식,,대장
160416_01,여수 심포니 스트링 앙상블 창단 연주회_시작 그리고 울림,2016,20160416,1,운영대장,클래식,,대장
160421_01,피아니스트 문지영 & 수원시립교향악단 연주회,2016,20160421,1,운영대장,클래식,,대장
160427_01,예울마루 여성영화산책(04.27),2016,20160427,1,운영대장,기타,,운영자확정
160428_01,송승환의 명작동화뮤지컬 오즈의 마법사,2016,20160428,6,운영대장,뮤지컬,,대장
160503_01,타악앙상블 Meta Regular Concert,2016,20160503,1,운영대장,클래식,,대장
160512_01,2016 여수자유학기제 지원단 위촉 및 진로체험처 홍보의 날,2016,20160512,1,운영대장,,,미상
160513_01,한국페스티벌앙상블 창단30주년 기념연주 해설이 있는 드보르작의 세계,2016,20160513,1,운영대장,클래식,,대장
160518_01,여수시립국악단 연습,2016,20160518,1,운영대장,,,미상
160519_01,여수시립합창단 제69회 정기연주회 한국 동서양을 만나다,2016,20160519,1,운영대장,클래식,,대장
160520_01,유키구라모토 콘서트 MISTY LAKE LOUISE,2016,20160520,1,운영대장,대중,,대장
160521_01,키예프 국립발레단 내한공연,2016,20160521,2,운영대장,발레/연극,,대장
160525_01,YWCA여성영화산책,2016,20160525,1,운영대장,,,미상
160527_01,오월愛,2016,20160527,1,운영대장,기타,,대장
160530_01,여수 무지개학교 교육지구 협약 및 선포식,2016,20160530,1,운영대장,,,미상
160601_01,어린이영어뮤지컬발표회,2016,20160601,1,운영대장,,,미상
160603_01,성악아카데미 발표회,2016,20160603,1,운영대장,,,미상
160604_01,한국음악협회여수지부 제41회 정기연주회,2016,20160604,1,운영대장,클래식,,대장
160610_01,뮤지컬 맘마미아,2016,20160610,4,운영대장,뮤지컬,,대장
160616_01,창조경제혁신센터 1주년 기념,2016,20160616,1,운영대장,,,미상
160618_01,2016 아르스노바 남성합창단 창단10주년 기념 제7회정기연주회,2016,20160618,1,운영대장,클래식,,대장
160620_01,현악사중주 파개그니니 내한공연,2016,20160620,1,운영대장,클래식,,대장
160624_01,연극 늘근도둑이야기,2016,20160624,3,운영대장,발레/연극,,대장
160629_01,예울마루 여성영화산책(06.29),2016,20160629,1,운영대장,기타,,운영자확정
160702_01,광주연우회 여수연주회 님을 꿈꾸는 계절에,2016,20160702,1,운영대장,클래식,,대장
160704_01,여수 무지개학교 교육지구 학부모 아카데미 연찬회,2016,20160704,1,운영대장,,,미상
160708_01,"피아니스트 강현주와 함께하는 위대한 작가들의 음악책갈피Ⅱ 하루키의 영감,드뷔시",2016,20160708,1,운영대장,클래식,,대장
160713_01,러시아 피아니스트 끼릴카슈닌 미항여수 러시아를 품다,2016,20160713,1,운영대장,클래식,,대장
160714_01,오페라 갈라콘서트,2016,20160714,1,운영대장,클래식,,대장
160715_01,2016 장범준 전국 콘서트 사랑에 빠져요,2016,20160715,2,운영대장,대중,,대장
160716_01,2016 유스오케스트라 앙상블 연주회,2016,20160716,1,운영대장,클래식,,대장
160717_01,하루쯤은 클래식,2016,20160717,1,운영대장,클래식,,대장
160722_01,여수특집 생방송 투데이,2016,20160722,1,운영대장,,,미상
160723_01,Andreas hartsmann & 클래시칸 앙상블,2016,20160723,1,운영대장,클래식,,대장
160725_01,마음톡톡캠프,2016,20160725,1,운영대장,,,미상
160812_01,여수청소년국악관현악캠프(하계)_어울림_2회,2016,20160812,1,운영대장,기타,,대장
160820_01,제3회 여수 클래식 영재육성을 위한 음악회,2016,20160820,1,운영대장,클래식,,대장
160826_01,한불 상호교류의 해 기념 <실내악 페스티벌>_여수에서 만나는 프랑스의 낭만,2016,20160826,7,운영대장,클래식,,대장
160831_01,예울마루 여성영화산책(08.31),2016,20160831,1,운영대장,기타,,운영자확정
160831_02,앙상블 클라비어 여름밤 콘서트,2016,20160831,1,운영대장,클래식,,대장
160910_01,장애인&비장애인 전문 예술가와 함께하는 '희망다리 콘서트',2016,20160910,1,운영대장,대중,,대장
160917_01,장윤정 스위트 타임,2016,20160917,2,운영대장,대중,,대장
160921_01,2016년 전라남도 학생 예술교육페스티벌,2016,20160921,2,운영대장,뮤지컬,Y,대장최빈
160923_01,소프라노 윤한나 귀국 독창회,2016,20160923,1,운영대장,클래식,,대장
160924_01,전남동부지역 KBS 방송 60년 2016 시민행복합창제,2016,20160924,1,운영대장,클래식,,대장
160926_01,가족 한마음 행사,2016,20160926,4,운영대장,,,미상
160927_01,아카데미 화요인문학,2016,20160927,6,운영대장,,,미상
160930_01,"2016 만9,900원의 행복
<자전거 탄 풍경>",2016,20160930,1,운영대장,대중,,대장
161001_01,"2016 만9,900원의 행복
<유리상자>",2016,20161001,2,운영대장,대중,,대장
161002_01,"2016 만9,900원의 행복
<서영은>",2016,20161002,2,운영대장,대중,,대장
161007_01,스모키보컬 크리스노먼 내한공연,2016,20161007,1,운영대장,대중,,대장
161012_01,피아니스트 강현주와 함께하는 위대한 작가들의 음악책갈피Ⅲ 앙드레지드의 헌정 쇼팽,2016,20161012,1,운영대장,클래식,,대장
161019_01,뮤직&조이 뮤지컬 명작 콘서트(교직원공제회),2016,20161019,1,운영대장,대중,,대장
161020_01,"아름다운 동행, 여수 사랑의 부부합창단 창단 20주년 기념 및 제10회 정기연주회",2016,20161020,1,운영대장,클래식,,대장
161021_01,"가을편지, 여수심포니 오케스트라 제5회 정기연주회",2016,20161021,1,운영대장,클래식,,대장
161021_02,내 친구 찰리: 어린이 클래식음악 마임극,2016,20161021,1,운영대장,어린이·가족,,대장
161022_01,KBS교향악단 연주회,2016,20161022,1,운영대장,클래식,,대장
161022_02,가을밤의 세레나데,2016,20161022,1,운영대장,클래식,,대장
161026_01,예울마루 여성영화산책(10.26)_업포러브,2016,20161026,1,운영대장,기타,,운영자확정
161027_01,난타 여수공연,2016,20161027,6,운영대장,뮤지컬,,대장
161028_01,2016 제5회 여수 학생 연극 페스티벌,2016,20161028,1,운영대장,발레/연극,,대장
161029_01,이지인 귀국 피아노 리사이틀,2016,20161029,1,운영대장,클래식,,대장
161101_01,전남동부극동방송개국1주년축하음악회,2016,20161101,1,운영대장,클래식,,대장
161102_01,"문학Concert 여수로 오이다, 얼릉 오이다.",2016,20161102,1,운영대장,대중,,대장
161102_02,제5회 여수 학생학부모 합창페스티벌 내노래에 날개를 달다,2016,20161102,1,운영대장,클래식,,대장
161104_01,"앙상블 네우마, 클래식을 선물하다",2016,20161104,1,운영대장,클래식,,대장
161105_01,애양청소년오케스트라FROM 제1회 정기연주회,2016,20161105,1,운영대장,클래식,,대장
161108_01,(사)뿌리패예술단 창단30주년 기념 DRUM TOUR,2016,20161108,1,운영대장,기타,,대장
161110_01,피어클랑 콰르텟 정기연주회,2016,20161110,1,운영대장,클래식,,대장
161111_01,전장수 클래식 기타 독주회,2016,20161111,1,운영대장,클래식,,대장
161112_01,제14회 여수어머니리코더합주단 정기연주회,2016,20161112,1,운영대장,클래식,,대장
161112_02,NH필하모닉오케스트라 해설이 있는 연주회,2016,20161112,1,운영대장,클래식,,대장
161113_01,꿈다락 토요문화학교 희로애락 뮤지컬 발표회,2016,20161113,1,운영대장,,,미상
161114_01,2016 제5회 여수학생오케스트라 페스티벌,2016,20161114,2,운영대장,클래식,,대장
161117_01,여수필하모닉오케스트라 제28회 정기연주회,2016,20161117,1,운영대장,클래식,,대장
161118_01,제8회 여도국악관현악단정기연주회,2016,20161118,1,운영대장,클래식,,대장
161119_01,여수YWCA합창단 제17회 정기연주회 THE NEW STORY,2016,20161119,1,운영대장,클래식,,대장
161119_02,The어울림 여수오카리나앙상블 예울 제2회정기연주회,2016,20161119,1,운영대장,클래식,,대장
161125_01,뮤지컬 <노트르담 드 파리>,2016,20161125,4,운영대장,뮤지컬,,대장
161201_01,리틀발레리나 & 어린이영어뮤지컬 발표회,2016,20161201,1,운영대장,,,미상
161202_01,여수시립국악단 제32회 정기공연 거울나라,2016,20161202,1,운영대장,기타,,대장
161203_01,피아니스트 문윤미와 함께하는 겨울이야기,2016,20161203,1,운영대장,클래식,,대장
161206_01,2016감사음악회 고맙습니다.사랑합니다.행복하세요,2016,20161206,1,운영대장,클래식,,대장
161206_02,여수교직원합창단울림 제3회 정기연주회 희망의 나라로,2016,20161206,1,운영대장,클래식,,대장
161208_01,여수시립합창단 제70회 정기연주회_환희의 송가,2016,20161208,1,운영대장,클래식,,대장
161209_01,2016 하반기 성악아카데미발표회,2016,20161209,1,운영대장,,,미상
161210_01,제11회 여수리코더페스티벌,2016,20161210,1,운영대장,대중,,대장
161214_01,피아니스트 강현주와 함께하는 위대한 작가들의 음악책갈피Ⅳ 톨스토이의 눈물 차이콥스키,2016,20161214,1,운영대장,클래식,,대장
161215_01,여수교원교향악단 아홉번째 연주회,2016,20161215,1,운영대장,클래식,,대장
161216_01,정경화리사이틀,2016,20161216,1,운영대장,클래식,,대장
161217_01,여수청소년관악단정기연주회,2016,20161217,1,운영대장,클래식,,대장
161217_02,마음톡톡 힐링콘서트,2016,20161217,1,운영대장,,,미상
161223_01,국립극단 연극 타조소년들,2016,20161223,4,운영대장,발레/연극,,대장
161223_02,뮤지컬 그날들,2016,20161223,4,운영대장,뮤지컬,,대장
161227_01,초록우산 드림오케스트라 여수 창단연주회,2016,20161227,1,운영대장,클래식,,대장
161228_01,희망동행콘서트,2016,20161228,1,운영대장,대중,,대장
161228_02,예울마루 여성영화산책(12.28)_할머니의 먼집,2016,20161228,1,운영대장,기타,,운영자확정
161229_01,유스오케스트라 정기연주회,2016,20161229,1,운영대장,클래식,,대장
161229_02,지역인재콘서트,2016,20161229,1,운영대장,대중,,대장
161230_01,연극 러브액추얼리,2016,20161230,3,운영대장,발레/연극,,대장
170106_01,연세대학교와 함께하는 도서지역오케스트라 합동연주회,2017,20170106,1,운영대장,,,미상
170112_01,임헌정과 코리안심포니오케스트라가 함께하는 2017 예울마루 신년음악회,2017,20170112,1,운영대장,클래식,,대장
170120_01,제3회 여수청소년 국악관현악캠프 어울림,2017,20170120,1,운영대장,국악,,운영자확정
170211_01,젊음의 행진,2017,20170211,4,운영대장,뮤지컬,,대장
170216_01,열린챔버오케스트라 제11회 정기연주회,2017,20170216,1,운영대장,클래식,,대장
170222_01,예울마루 여성영화산책(02.22)_홍콩은 언제나 내일,2017,20170222,1,운영대장,기타,,운영자확정
170314_01,아카데미 화요인문학,2017,20170314,3,운영대장,,,미상
170314_02,아카데미 클래식 파노라마,2017,20170314,3,운영대장,,,미상
170323_01,2017 예울마루 브런치 콘서트 ART&ARTISTⅠ_홍신자의 거울,2017,20170323,1,운영대장,클래식,,대장
170325_01,신춘음악회,2017,20170325,1,운영대장,클래식,,대장
170407_01,공룡이 살아있다,2017,20170407,5,운영대장,뮤지컬,,대장
170407_02,앙상블네우마 제5회 정기연주회,2017,20170407,1,운영대장,클래식,,대장
170410_01,한국국토정보공사와 국립발레단의 찾아가는 발레이야기,2017,20170410,1,운영대장,발레/연극,,대장
170419_01,피아니스트 강현주의 음악으로 그린 그림Ⅰ_사랑과 꿈,2017,20170419,1,운영대장,클래식,,대장
170422_01,칸타빌레 플룻 앙상블 창단연주회,2017,20170422,1,운영대장,클래식,,대장
170423_01,제26회 매일클래식 풍자와 저항,2017,20170423,1,운영대장,클래식,,대장
170426_01,예울마루 여성영화산책(04.26)_귀향,2017,20170426,1,운영대장,기타,,운영자확정
170427_01,여수시립합창단 제71회 정기연주회 봄... 노래를 그리다,2017,20170427,1,운영대장,클래식,,대장
170510_01,전남대학교 여수캠퍼스 개교 100주년 기념음악회,2017,20170510,1,운영대장,클래식,,대장
170519_01,여수시립국악단 제33회 정기공연 바람이 전하는 말,2017,20170519,1,운영대장,기타,,대장
170524_01,2017 예울마루 브런치 콘서트 ART&ARTISTⅡ_김성녀의 무대인생,2017,20170524,1,운영대장,클래식,,대장
170526_01,뮤지컬 영웅,2017,20170526,4,운영대장,뮤지컬,,대장
170530_01,전남동부극동방송여성합창단창단연주회,2017,20170530,1,운영대장,클래식,,대장
170602_01,뉴뮤직퍼포먼스,2017,20170602,1,운영대장,대중,,대장
170607_01,2017 남도국제음악제,2017,20170607,1,운영대장,클래식,,대장
170608_01,2017 문지영 피아노 리사이틀,2017,20170608,1,운영대장,클래식,,대장
170609_01,평화통일 공감메아리,2017,20170609,1,운영대장,클래식,,대장
170609_02,성악아카데미 발표회,2017,20170609,2,운영대장,,,미상
170615_01,변강쇠 점찍고 옹녀,2017,20170615,2,운영대장,기타,,대장
170617_01,2017 피아노 듀오&솔로 연주회,2017,20170617,1,운영대장,클래식,,대장
170621_01,한국판소리보존회 여수지부 창립축하공연,2017,20170621,1,운영대장,기타,,대장
170623_01,앙상블 디토 '디베르티멘토',2017,20170623,1,운영대장,클래식,,대장
170624_01,장미여관 여수콘서트,2017,20170624,1,운영대장,대중,,대장
170628_01,예울마루 여성영화산책(06.28)_책속의 소녀,2017,20170628,1,운영대장,기타,,운영자확정
170629_01,헬로!오페라 <사랑의 묘약>,2017,20170629,1,운영대장,클래식,,대장
170630_01,금난새와 한경필하모닉 오케스트라,2017,20170630,1,운영대장,클래식,,대장
170704_01,어린이영어뮤지컬발표회,2017,20170704,1,운영대장,,,미상
170712_01,피아니스트 강현주의 음악으로 그린 그림Ⅱ_빛과 그림자,2017,20170712,1,운영대장,클래식,,대장
170715_01,"사랑의 미항, 여수. 러시아를 품다",2017,20170715,1,운영대장,클래식,,대장
170721_01,이은미 WITH 민경인 트리오,2017,20170721,1,운영대장,대중,,대장
170804_01,제4회 여수청소년 국악관현악캠프 어울림,2017,20170804,1,운영대장,기타,,대장
170812_01,"여수영재교육원 예술영재 앙상블 연주회""꿈의 날개를 펴자""",2017,20170812,1,운영대장,클래식,,대장
170817_01,헬로!오페라 <마술피리>,2017,20170817,1,운영대장,클래식,,대장
170818_01,2017 여수국제음악제,2017,20170818,3,운영대장,클래식,,대장
170819_01,제4회 여수클래식 영재육성을 위한 음악회,2017,20170819,1,운영대장,클래식,,대장
170830_01,예울마루 여성영화산책(08.30)_미씽: 사라진 여자,2017,20170830,1,운영대장,기타,,운영자확정
170901_01,KBS교향악단과 함께하는 제 1회 여수음악제 개막식,2017,20170901,1,운영대장,클래식,,대장
170903_01,KBS교향악단과 함께하는 제 1회 여수음악제 폐막식,2017,20170903,1,운영대장,클래식,,대장
170905_01,2017 전라남도 학생예술교육페스티벌_복합장르,2017,20170905,1,운영대장,뮤지컬,,대장
170907_01,2017 전라남도 학생예술교육페스티벌_오케스트라,2017,20170907,2,운영대장,클래식,,대장
170909_01,제1회 사랑의 음악회,2017,20170909,1,운영대장,클래식,,대장
170909_02,한영애 2017 콘서트,2017,20170909,1,운영대장,대중,,대장
170912_01,여수시립합창단 제72회 정기연주회_3해음악회,2017,20170912,1,운영대장,클래식,,대장
170912_02,이성열 바이올린 리사이틀,2017,20170912,1,운영대장,클래식,,대장
170913_01,EBS육아학교,2017,20170913,1,운영대장,,,미상
170914_01,정가영 귀국 바이올린 연주회,2017,20170914,1,운영대장,클래식,,대장
170915_01,다비드 프레이 & 세종솔로이스츠,2017,20170915,1,운영대장,클래식,,대장
170916_01,"손양원 순교 67주기 기념 ""박지혜와 더 밴드"" 초청음악회",2017,20170916,1,운영대장,클래식,,대장
170916_02,12인의 피아니스트가 들려주는 이야기,2017,20170916,1,운영대장,클래식,,대장
170920_01,2017 예울마루 브런치 콘서트 ART&ARTISTⅢ_천상의 소리 곽정,2017,20170920,1,운영대장,클래식,,대장
170921_01,뮤지컬 정글북,2017,20170921,6,운영대장,뮤지컬,,대장
170928_01,양성원 바흐 무반주 첼로 모음곡 전곡 연주,2017,20170928,1,운영대장,클래식,,대장
171011_01,피아니스트 강현주의 음악으로 그린 그림Ⅲ_여행과 고독,2017,20171011,1,운영대장,클래식,,대장
171014_01,가을밤의 세레나데,2017,20171014,1,운영대장,클래식,,대장
171019_01,연극 유도소년,2017,20171019,4,운영대장,발레/연극,,대장
171025_01,예울마루 여성영화산책(10.25)_소녀레슬러,2017,20171025,1,운영대장,기타,,운영자확정
171027_01,예울마루 실내악 페스티벌,2017,20171027,6,운영대장,클래식,,대장
171030_01,"전남CBS 창립 14주년 기념 ""DECODA 챔버 앙상블"" 내한공연",2017,20171030,1,운영대장,클래식,,대장
171031_01,여수심포니오케스트라 제6회 정기연주회 <오케스트라 시에 물들다>,2017,20171031,1,운영대장,클래식,,대장
171102_01,조합원과 함께 김제동 콘서트,2017,20171102,1,운영대장,대중,,대장
171104_01,여수아가페합창단 제22회 정기연주회,2017,20171104,1,운영대장,클래식,,대장
171104_02,애양청소년오케스트라 제2회 정기연주회,2017,20171104,1,운영대장,클래식,,대장
171106_01,KFEA한국 플루트 교육자 협회 초청 <네가 걸어온 길이 아름다워>,2017,20171106,2,운영대장,클래식,,대장
171107_01,2017 감사음악회,2017,20171107,1,운영대장,클래식,,대장
171109_01,여수 YWCA합창단 제18회 정기연주회,2017,20171109,1,운영대장,클래식,,대장
171111_01,전남동부극동방송 개국2주년기념 어린이합창단 연주회,2017,20171111,1,운영대장,어린이·가족,,대장
171111_02,칸타빌레 플룻 앙상블 연주회,2017,20171111,1,운영대장,클래식,,대장
171116_01,필하모닉오케스트라 제 29회 정기연주회,2017,20171116,1,운영대장,클래식,,대장
171117_01,변진섭 데뷔 30주년 여수콘서트,2017,20171117,2,운영대장,대중,,대장
171118_01,한국음악협회여수지부 제42회 정기연주회,2017,20171118,1,운영대장,클래식,,대장
171122_01,2017 여수 학생학부모 합창 페스티벌,2017,20171122,1,운영대장,클래식,,대장
171123_01,제6회 여수학생오케스트라 페스티벌,2017,20171123,2,운영대장,클래식,,대장
171125_01,"제12회, 여수리코더페스티벌",2017,20171125,1,운영대장,기타,,대장
171201_01,브로드웨이 42번가,2017,20171201,4,운영대장,뮤지컬,,대장
171206_01,영어뮤지컬 발표회,2017,20171206,1,운영대장,,,미상
171208_01,"여수 교직원합창단 울림, 제4회 정기연주회",2017,20171208,1,운영대장,클래식,,대장
171209_01,여수시립합창단 2017 송년음악회,2017,20171209,1,운영대장,클래식,,대장
171213_01,피아니스트 강현주의음악으로 그린그림_냉정과열정,2017,20171213,1,운영대장,클래식,,대장
171214_01,여수교원교향악단 제10회 정기연주회,2017,20171214,1,운영대장,클래식,,대장
171216_01,여수영재원오케스트라 정기연주회,2017,20171216,1,운영대장,클래식,,대장
171217_01,전남꿈키움창의학교,2017,20171217,1,운영대장,,,미상
171219_01,마음톡톡 발표회,2017,20171219,1,운영대장,,,미상
171222_01,체코 소년합창단 보니푸에리,2017,20171222,1,운영대장,클래식,,대장
171222_02,뮤지컬 쿵짝,2017,20171222,6,운영대장,뮤지컬,,대장
171227_01,여성영화산책(12.27),2017,20171227,1,운영대장,기타,,운영자확정
171227_02,여수시립국악단 제34회 정기공연 <동백>,2017,20171227,1,운영대장,기타,,대장
171228_01,지역예술인재콘서트_네꿈에 날개를!,2017,20171228,1,운영대장,대중,,대장
171231_01,김경호콘서트,2017,20171231,2,운영대장,대중,,대장
180118_01,2018 예울마루 신년음악회,2018,20180118,1,운영대장,클래식,,대장
180209_01,제 13회 열림챔버오케스트라 정기연주회,2018,20180209,1,운영대장,클래식,,대장
180302_01,8090 추억여행 콘서트,2018,20180302,1,운영대장,대중,,대장
180311_01,박지혜 플룻독주회,2018,20180311,1,운영대장,클래식,,대장
180315_01,강현주의 브런치콘서트 Classic on Screen Ⅰ,2018,20180315,1,운영대장,클래식,,대장
180323_01,뮤지컬 광화문연가,2018,20180323,4,운영대장,뮤지컬,,대장
180330_01,초록우산 드림오케스트라 정기연주회,2018,20180330,1,운영대장,클래식,,대장
180407_01,신춘음악회,2018,20180407,1,운영대장,클래식,,대장
180410_01,소리.Klang2018(한독문화교류),2018,20180410,1,운영대장,클래식,,대장
180412_01,마음놀이터,2018,20180412,1,운영대장,클래식,,대장
180414_01,시크릿쥬쥬,2018,20180414,5,운영대장,뮤지컬,,대장
180419_01,여수시립국악단 '어화둥둥',2018,20180419,1,운영대장,기타,,대장
180420_01,뮤지컬 <배달왔습니다>,2018,20180420,1,운영대장,뮤지컬,,대장
180428_01,앙상블여수,2018,20180428,1,운영대장,클래식,,대장
180428_02,동물원 데뷔30주년 기념콘서트,2018,20180428,1,운영대장,대중,,대장
180503_01,여수시립합창단 정기연주회,2018,20180503,1,운영대장,클래식,,대장
180505_01,통제영의 바람 / 해와 달 이야기,2018,20180505,2,운영대장,뮤지컬,,대장
180512_01,2018 예울마루 야외콘서트,2018,20180512,1,운영대장,대중,,대장
180516_01,코리안심포니오케스트라의 금상첨화,2018,20180516,1,운영대장,클래식,,대장
180519_01,최백호 청춘콘서트-회귀,2018,20180519,1,운영대장,대중,,대장
180524_01,헬로!오페라 <잔니스키키>,2018,20180524,1,운영대장,클래식,,대장
180530_01,2018 남도국제음악제,2018,20180530,1,운영대장,클래식,,대장
180615_01,코리안솔로이스츠&임지영,2018,20180615,1,운영대장,클래식,,대장
180616_01,빛고을 실내악의 향연,2018,20180616,1,운영대장,클래식,,대장
180623_01,NEUMA de TANGO(네우마정기연주회),2018,20180623,1,운영대장,클래식,,대장
180628_01,강현주의 브런치콘서트 Classic on Screen Ⅱ,2018,20180628,1,운영대장,클래식,,대장
180708_01,앙상블여수&우크라이나 필하모니 오케스트라,2018,20180708,1,운영대장,클래식,,대장
180714_01,윤슬trio,2018,20180714,1,운영대장,클래식,,대장
180715_01,3人3色 우정콘서트 'Friendship',2018,20180715,1,운영대장,대중,,대장
180719_01,제5회 에스쳄버소사이어티 정기연주회,2018,20180719,1,운영대장,클래식,,대장
180720_01,창조경제혁신센터 J-유레카,2018,20180720,1,운영대장,,,미상
180721_01,정화용 플루트 독주회,2018,20180721,1,운영대장,클래식,,대장
180725_01,러시아 피아니스트 키릴까슈닌 여수 내한공연,2018,20180725,1,운영대장,클래식,,대장
180728_01,"여수영재교육원 예술영재 앙상블 연주회 ""영화 속 이야기""",2018,20180728,1,운영대장,클래식,,대장
180802_01,여수심포니오케스트라와 이민진패밀리의 뮤직샤워,2018,20180802,1,운영대장,클래식,,대장
180810_01,"제73차 국제와이즈맨 여수세계대회(뮤지컬과 오페라갈라쇼, 송승환의 오리지널 난타)",2018,20180810,3,운영대장,클래식,,대장
180817_01,"광주은행 메세나 나눔, 어린이뮤지컬 슈퍼맨처럼",2018,20180817,4,운영대장,어린이·가족,,대장
180823_01,헬로!오페라 <코지 판 투테>,2018,20180823,1,운영대장,클래식,,대장
180823_02,2018 여수국제음악제&앙상블,2018,20180823,3,운영대장,클래식,,대장
180824_01,더 비기닝 여수 클래식 영재육성을 위한 음악회,2018,20180824,1,운영대장,클래식,,대장
180830_01,KBS교향악단과 함께하는 제2회 여수음악제-음악학교수료식,2018,20180830,1,운영대장,클래식,,대장
180830_02,KBS교향악단과 함께하는 제2회 여수음악제-개막공연,2018,20180830,1,운영대장,클래식,,대장
180831_01,KBS교향악단과 함께하는 제2회 여수음악제-야노슈카앙상블,2018,20180831,1,운영대장,클래식,,대장
180901_01,KBS교향악단과 함께하는 제2회 여수음악제-만하임 체임버 오케스트라,2018,20180901,1,운영대장,클래식,,대장
180901_02,KBS교향악단과 함께하는 제2회 여수음악제-그란데보체,2018,20180901,1,운영대장,클래식,,대장
180902_01,KBS교향악단과 함께하는 제2회 여수음악제-폐막공연,2018,20180902,1,운영대장,클래식,,대장
180906_01,정경화&조성진 듀오콘서트,2018,20180906,1,운영대장,클래식,,대장
180907_01,"손양원 순교 68주기 기념 ""국립합창단 초청음악회""",2018,20180907,1,운영대장,클래식,,대장
180913_01,뮤지컬 보물섬,2018,20180913,6,운영대장,뮤지컬,,대장
180920_01,강현주의 브런치콘서트 Classic on Screen Ⅲ,2018,20180920,1,운영대장,클래식,,대장
181002_01,한국음악협회여수지부 제43회 정기연주회,2018,20181002,1,운영대장,클래식,,대장
181004_01,판소리콘서트 소리맞장Ⅰ,2018,20181004,1,운영대장,대중,,대장
181004_02,여수 사랑의부부합창단 제11회 정기연주회 아름다운동행,2018,20181004,1,운영대장,클래식,,대장
181005_01,마칭페스티벌 녹음,2018,20181005,1,운영대장,,,미상
181007_01,"2018년 만9,900원의 행복 서영은 콘서트",2018,20181007,2,운영대장,대중,,대장
181012_01,2018 예울마루 실내악페스티벌,2018,20181012,8,운영대장,클래식,,대장
181016_01,페인터즈 히어로,2018,20181016,5,운영대장,발레/연극,,대장
181020_01,"여순1019 70주년 창작오페라, 1948년 침묵",2018,20181020,2,운영대장,클래식,,대장
181025_01,"여수시립합창단 제74회 정기연주회 <사랑품고, 가을피다>",2018,20181025,1,운영대장,클래식,,대장
181026_01,여수장애인종합복지관 2018감사음악회,2018,20181026,1,운영대장,클래식,,대장
181027_01,제42회 여수예술제 한국음악협회 여수시지부 <가을밤의 세레나데>,2018,20181027,1,운영대장,클래식,,대장
181030_01,양성원&엔리코파체 듀오콘서트,2018,20181030,1,운영대장,클래식,,대장
181101_01,"(사)뿌리패예술단 여수시지부 정기연주회 ""진동""",2018,20181101,1,운영대장,클래식,,대장
181102_01,뮤지컬디바 홍지민과 함께하는 뮤지컬&오페라스타,2018,20181102,1,운영대장,클래식,,대장
181103_01,여수 플룻콰르텟 창단연주회,2018,20181103,1,운영대장,클래식,,대장
181107_01,The color 더칼라,2018,20181107,1,운영대장,대중,,대장
181108_01,"여수필하모닉오케스트라 정기연주회 ""갈라""",2018,20181108,1,운영대장,클래식,,대장
181109_01,"2018, 제7회 여수학생오케스트라 페스티벌",2018,20181109,2,운영대장,클래식,,대장
181110_01,"전남극동방송 개국3주년기년 기념연주회 ""살아나리라""",2018,20181110,1,운영대장,클래식,,대장
181110_02,제16회 여수어머니리코더합주단 정기연주회,2018,20181110,1,운영대장,클래식,,대장
181116_01,뮤지컬 <시카고>,2018,20181116,4,운영대장,뮤지컬,,대장
181123_01,국립발레단 호두까기인형,2018,20181123,2,운영대장,발레/연극,,대장
181201_01,여수 시민오케스트라 정기발표회,2018,20181201,1,운영대장,클래식,,대장
181206_01,강현주의 브런치콘서트 Classic on Screen Ⅳ,2018,20181206,1,운영대장,클래식,,대장
181208_01,여수시립예술단과 함께하는 2018송년음악회,2018,20181208,1,운영대장,클래식,,대장
181211_01,"여수교직원합창단 울림, 제5회 정기연주회 ""걱정말아요, 그대""",2018,20181211,1,운영대장,클래식,,대장
181213_01,"여수교원교향악단, 제11회 정기연주회",2018,20181213,1,운영대장,클래식,,대장
181214_01,"여수심포니오케스트라 제7회 정기연주회 ""가을,멘델스존을 만나다""",2018,20181214,1,운영대장,클래식,,대장
181215_01,마음톡톡 발표회,2018,20181215,1,운영대장,,,미상
181221_01,뮤지컬 <식구를 찾아서>,2018,20181221,6,운영대장,뮤지컬,,대장
181222_01,예울마루 크리스마스콘서트,2018,20181222,1,운영대장,클래식,,대장
181229_01,여수영재교육원 오케스트라 정기연주회,2018,20181229,1,운영대장,클래식,,대장
181230_01,"2018 제7회 지역예술인재콘서트 ""네꿈에 날개를""",2018,20181230,1,운영대장,대중,,대장
190105_01,2019 윤종신 전국투어 콘서트 “계절은 너에게 배웠어”,2019,20190105,1,운영대장,대중,,대장
190112_01,PARK WON TOUR,2019,20190112,1,운영대장,대중,,대장
190117_01,2019 예울마루 신년음악회,2019,20190117,1,운영대장,클래식,,대장
190119_01,CY Orchestra 창단연주,2019,20190119,1,운영대장,클래식,,대장
190126_01,여수청소년플룻앙상블 제 5회 정기연주회,2019,20190126,1,운영대장,클래식,,대장
190224_01,보헤미안 '랩소디 퀸' 내한공연 & 프레디 머큐리 미공개 사진전,2019,20190224,2,운영대장,대중,,대장
190228_01,"제14회 열린챔버오케스트라 정기연주회 <청춘, 꽃보다 아름답다>",2019,20190228,1,운영대장,클래식,,대장
190306_01,제55회 전라남도 미술대전 심사위원위촉식,2019,20190306,1,운영대장,기타,,대장
190321_01,서주희 귀국 바이올린 독주회,2019,20190321,1,운영대장,클래식,,대장
190323_01,"만 9,900원의 행복 ""유리상자 콘서트""",2019,20190323,2,운영대장,대중,,대장
190329_01,Klangflair 피아노듀오리사이틀,2019,20190329,1,운영대장,클래식,,대장
190329_02,연극 <오이디푸스>,2019,20190329,4,운영대장,발레/연극,,대장
190331_01,제55회 전라남도 미술대전 시상식,2019,20190331,1,운영대장,기타,,대장
190411_01,신춘음악회,2019,20190411,1,운영대장,클래식,,대장
190413_01,연극 늘근도둑이야기,2019,20190413,3,운영대장,발레/연극,,대장
190416_01,트리오 오원 초청 음악회,2019,20190416,1,운영대장,클래식,,대장
190418_01,"피아니스트 강현주의 브런치콘서트 <음악가들의 뮤즈들Ⅰ> -라인강의 뮤즈, 클라라와 슈만",2019,20190418,1,운영대장,클래식,,대장
190419_01,초록우산드림오케스트라 정기연주회,2019,20190419,1,운영대장,클래식,,대장
190427_01,싱어롱 콘서트 뮤지컬 <무지개 물고기>,2019,20190427,6,운영대장,대중,,대장
190502_01,여수시립합창단 제 75회 정기연주회 <그대앞의 눈부신 5월>,2019,20190502,1,운영대장,클래식,,대장
190507_01,조수미콘서트,2019,20190507,1,운영대장,클래식,,대장
190511_01,이승환콘서트,2019,20190511,1,운영대장,대중,,대장
190517_01,국립발레단 호이 랑,2019,20190517,2,운영대장,발레/연극,,대장
190523_01,헬로! 오페라 <봄봄>,2019,20190523,1,운영대장,클래식,,대장
190525_01,김지원 귀국 첼로 독주회,2019,20190525,1,운영대장,클래식,,대장
190526_01,김창옥 토크 콘서트,2019,20190526,1,운영대장,대중,,대장
190528_01,전남CBS 창립 16주년기념 특별공연 <첼리스트 양성원과 서울첼로오케스트라>,2019,20190528,1,운영대장,클래식,,대장
190529_01,2019 남도국제음악제,2019,20190529,1,운영대장,클래식,,대장
190530_01,여수 YWCA합창단 제 19회 정기연주회,2019,20190530,1,운영대장,클래식,,대장
190608_01,2019 동서화합천사프로젝트 오케스트라 협연 합동연주회 <영호남화합의하모니>,2019,20190608,1,운영대장,클래식,,대장
190618_01,전남동부극동방송 여성합창단 제2회 정기연주회,2019,20190618,1,운영대장,클래식,,대장
190619_01,에스챔버소사이어티 제4회 정기연주회,2019,20190619,1,운영대장,클래식,,대장
190621_01,2019 장범준 전국공연 <노래방에서>,2019,20190621,2,운영대장,대중,,대장
190627_01,"피아니스트 강현주의 브런치콘서트 <음악가들의 뮤즈들ⅠI> -비엔나의 팜므파탈,알마와 말러",2019,20190627,1,운영대장,클래식,,대장
190629_01,홍정인 플룻 독주회,2019,20190629,1,운영대장,클래식,,대장
190629_02,여수아가페합창단 제 23회 정기연주회,2019,20190629,1,운영대장,클래식,,대장
190630_01,앙상블 여수와 금노상 지휘자가 함께하는 생상스의 '동물의 사육제',2019,20190630,1,운영대장,클래식,,대장
190706_01,2019 캥거루 창작 동요제(제13회),2019,20190706,1,운영대장,클래식,,대장
190709_01,한국전력과 함께하는 희망사랑 콘서트,2019,20190709,1,운영대장,대중,,대장
190711_01,바리톤 이중현 독창회,2019,20190711,1,운영대장,클래식,,대장
190713_01,악기로 떠나는 시대별 음악여행_여수영재교육원 예술영재 엉상블 연주회,2019,20190713,1,운영대장,클래식,,대장
190719_01,뮤지컬 지킬앤하이드,2019,20190719,4,운영대장,뮤지컬,,대장
190820_01,"2019년 후원자, 자원봉사, 지역소외계층을 위한 감사음악회",2019,20190820,1,운영대장,클래식,,대장
190822_01,2019 여수 국제음악제&앙상블,2019,20190822,3,운영대장,클래식,,대장
190823_01,제6회 여수클래식 영재육성을 위한 음악회 THE BEGINNING,2019,20190823,1,운영대장,클래식,,대장
190828_01,헬로!오페라 <돈 파스콸레>,2019,20190828,1,운영대장,클래식,,대장
190829_01,KBS교향악단과 함께하는 제3회 여수음악제 - [아름다운 한국인 스페셜 I] 오프닝 콘서트 with 선우예권,2019,20190829,1,운영대장,클래식,,대장
190829_02,피아니스트 금혜승 & 키릴카슈닌 피아노듀오,2019,20190829,1,운영대장,클래식,,대장
190830_01,KBS교향악단과 함께하는 제3회 여수음악제 - [행복을 여는 클래식 I] 유키 구라모토와 친구들,2019,20190830,1,운영대장,클래식,,대장
190831_01,"KBS교향악단과 함께하는 제3회 여수음악제 - [행복을 여는 클래식 II] 아침의 클래식 with 강동석과 친구들, 앙상블 여수",2019,20190831,1,운영대장,클래식,,대장
190901_01,KBS교향악단과 함께하는 제3회 여수음악제 - [아름다운 한국인 스페셜 II] 피날레 콘서트 with 강동석,2019,20190901,1,운영대장,클래식,,대장
190903_01,제14회 임산부의 날 기념 비커밈맘2 가족공감뮤지컬,2019,20190903,1,운영대장,뮤지컬,,대장
190905_01,라하영 바이올린 귀국 독주회,2019,20190905,1,운영대장,클래식,,대장
190907_01,손양원목사 순교69주년기념 박지혜와 락밴드 초청음악회,2019,20190907,1,운영대장,클래식,,대장
190919_01,"피아니스트 강현주의 브런치콘서트 <음악가들의 뮤즈들Ⅲ>_몸마르트의 첫사랑, 발라동와 사티",2019,20190919,1,운영대장,클래식,,대장
190920_01,2019 지역문화예술육성 공연예술지원_연극 야천,2019,20190920,1,운영대장,클래식,,대장
190921_01,전남수묵화발전을 위한 세미나,2019,20190921,1,운영대장,기타,,대장
190921_02,여수마칭페스티벌,2019,20190921,1,운영대장,클래식,,대장
190926_01,트리오제이 창단 연주회 <멘델스존 트리오 전곡 연주회>,2019,20190926,1,운영대장,클래식,,대장
190926_02,뮤지컬 <더 스토리 오브 언더더씨>,2019,20190926,6,운영대장,뮤지컬,,대장
191001_01,여수시립합창단 제76회 정기연주회 가을이여 사랑이여,2019,20191001,1,운영대장,클래식,,대장
191003_01,여수와 로마가 사랑한 스핀토 소프라노 <박소은 독창회>,2019,20191003,1,운영대장,클래식,,대장
191005_01,제5회 전남아동.청소년 문화예술 축제,2019,20191005,1,운영대장,대중,,대장
191005_02,타악앙상블-JOY OF PERCUSSION,2019,20191005,1,운영대장,클래식,,대장
191005_03,2019 예울마루 야외콘서트,2019,20191005,1,운영대장,대중,,대장
191009_01,2019 평화통일 공감 메아리,2019,20191009,1,운영대장,클래식,,대장
191011_01,2019 예울마루 실내악페스티벌,2019,20191011,4,운영대장,클래식,,대장
191016_01,제 43회 여수예술제,2019,20191016,1,운영대장,클래식,,대장
191017_01,제7회 여수 학생 합창 페스티벌,2019,20191017,1,운영대장,클래식,,대장
191019_01,가을밤의 세레나데,2019,20191019,1,운영대장,클래식,,대장
191022_01,명작 단편소설 뮤지컬 <얼쑤>,2019,20191022,5,운영대장,뮤지컬,,대장
191023_01,김경일 교수특강,2019,20191023,1,운영대장,기타,,대장
191028_01,전남학교예술교육페스티벌_오케스트라,2019,20191028,3,운영대장,클래식,,대장
191031_01,CTS전남방송 개국15주년 기념음악회,2019,20191031,1,운영대장,클래식,,대장
191101_01,"전남학교예술교육페스티벌_뮤지컬,연극등",2019,20191101,1,운영대장,뮤지컬,,대장
191102_01,"2019 만9,900원의 행복 유리상자콘서트 시즌3",2019,20191102,2,운영대장,대중,,대장
191102_02,제 17회 여수어머니리코더합주단 정기연주회,2019,20191102,1,운영대장,클래식,,대장
191106_01,여수시 초청 락음국악단 특별연주회,2019,20191106,1,운영대장,클래식,,대장
191108_01,여수심포니오케스트라 명연주자 초대전 '첼리스트 김규식 With 무누스 앙상블,2019,20191108,1,운영대장,클래식,,대장
191108_02,시로 읽는 여수 <행복 시낭송 콘서트>,2019,20191108,1,운영대장,대중,,대장
191112_01,여수시립국악단 제36회 정기공연,2019,20191112,1,운영대장,기타,,대장
191113_01,2019 지역 예술인 페스티벌,2019,20191113,6,운영대장,클래식,,대장
191114_01,여수필하모닉오케스트라 제31회 정기연주회,2019,20191114,1,운영대장,클래식,,대장
191118_01,제8회 여수학생오케스트라 페스티벌,2019,20191118,2,운영대장,클래식,,대장
191122_01,트리오 오원 10주년 기념음악회,2019,20191122,1,운영대장,클래식,,대장
191123_01,한국음악협회여수지부 제44회 정기연주회,2019,20191123,1,운영대장,클래식,,대장
191129_01,뮤지컬 <맘마미아>,2019,20191129,4,운영대장,뮤지컬,,대장
191205_01,피아니스트 강현주의 브런치콘서트 <음악가들의 뮤즈들Ⅳ> -레닌그라드의 흥행사 디아길레프와스트라빈스키,2019,20191205,1,운영대장,클래식,,대장
191205_02,여수장로합창단 창단 20주년 공연,2019,20191205,1,운영대장,클래식,,대장
191207_01,여수오카리나앙상블 예울 제5회 정기연주회 'THE TOGETHER',2019,20191207,1,운영대장,클래식,,대장
191210_01,여수교직원합창단 울림 제 6회 정기연주회,2019,20191210,1,운영대장,클래식,,대장
191213_01,여수시립예술단 송년음악회 미래를 향한 여수의 행복,2019,20191213,1,운영대장,클래식,,대장
191214_01,마음톡톡발표회,2019,20191214,1,운영대장,기타,,대장
191215_01,2019 여수영재교육원 예술영재 정기연주회,2019,20191215,1,운영대장,클래식,,대장
191217_01,여수교원교향악단 제 12회 정기연주회,2019,20191217,1,운영대장,클래식,,대장
191218_01,국민연극 라이어 Ⅰ,2019,20191218,9,운영대장,발레/연극,,대장
191218_02,국민연극 라이어 Ⅰ-특별공연,2019,20191218,2,운영대장,발레/연극,,대장
191219_01,사라장 바이올린 리사이틀,2019,20191219,1,운영대장,클래식,,대장
191224_01,넌버벌 퍼포먼스 코미디극 옹알스,2019,20191224,1,운영대장,발레/연극,,대장
191228_01,"만 9,900원의 행복 ""서영은 콘서트""",2019,20191228,2,운영대장,대중,,대장
191230_01,지역인재콘서트 내꿈의 날개를,2019,20191230,1,운영대장,대중,,대장
200104_01,윤슬트리오 피아노 트리오의 밤,2020,20200104,1,운영대장,클래식,,대장
200116_01,2020 예울마루 신년음악회,2020,20200116,1,운영대장,클래식,,대장
200130_01,여수시민과함께하는콘서트월드사랑나눔음악회,2020,20200130,1,운영대장,클래식,,대장
200201_01,"전남동부극동방송 어린이합창단 제2회 정기연주회 ""기쁨""",2020,20200201,1,운영대장,어린이·가족,,대장
200507_01,김동준 피아노 독주회,2020,20200507,1,운영대장,클래식,,대장
200605_01,플루티스트 윤혜리의 NIGHT FANTASY,2020,20200605,1,운영대장,클래식,,대장
200611_01,전남CBS 창립 17주년 기념 특별공연 JUMP,2020,20200611,1,운영대장,뮤지컬,,대장
200613_01,"발렌타인 30,",2020,20200613,1,운영대장,클래식,,대장
200618_01,Trio J가 들려주는 시대의 멜로디,2020,20200618,1,운영대장,클래식,,대장
200619_01,브런치콘서트 <술술클래식>,2020,20200619,2,운영대장,클래식,,대장
200620_01,이음 스트링 챔버오케스트라 창단연주회 <피어나다>,2020,20200620,1,운영대장,클래식,,대장
200623_01,신춘음악회,2020,20200623,1,운영대장,클래식,,대장
200626_01,2020 Theatre 이문세,2020,20200626,2,운영대장,대중,,대장
200808_01,섬으로 떠나는 클래식 여행,2020,20200808,1,운영대장,클래식,,대장
200814_01,연극 <개세끼들>,2020,20200814,5,운영대장,발레/연극,,대장
200820_01,2020여수국제음악제 땡큐클래식,2020,20200820,1,운영대장,클래식,,대장
200916_01,헬로!오페라 <세빌리아의이발사>,2020,20200916,1,운영대장,클래식,,대장
200929_01,락음국악단 한가위 효 콘서트,2020,20200929,1,운영대장,대중,,대장
201009_01,제정화의 젊은소리 열한번째 판 '심청'그녀의 이야기Ⅰ,2020,20201009,1,운영대장,기타,,대장
201010_01,2020 여수영재교육원 오케스트라 협연의밤 연주회_무관중,2020,20201010,1,운영대장,클래식,,대장
201016_01,2020 예울마루 실내악페스티벌,2020,20201016,4,운영대장,클래식,,대장
201022_01,환상가족음악극 <리틀 뮤지션>,2020,20201022,6,운영대장,뮤지컬,,대장
201024_01,피아니스트 김지은과 함께하는 Traum Festival,2020,20201024,1,운영대장,클래식,,대장
201027_01,여수시립합창단 제 77회 정기연주회 '가을이 익어가오',2020,20201027,1,운영대장,클래식,,대장
201029_01,채동선실내악단 신여수춘향가,2020,20201029,1,운영대장,클래식,,대장
201030_01,손양원목사 70주년 기념 음악회 'SBS김정택예술단',2020,20201030,1,운영대장,클래식,,대장
201104_01,블루투어 비전포럼,2020,20201104,1,운영대장,,,미상
201106_01,CTS전남방송 개국 16주년 기념음악회,2020,20201106,1,운영대장,클래식,,대장
201107_01,열린심포니오케스트라 제 15회 정기연주회,2020,20201107,1,운영대장,클래식,,대장
201107_02,"루미아플룻콰이어 제14회 정기연주회 이색조우, 은빛가락에 어우르다",2020,20201107,1,운영대장,클래식,,대장
201113_01,COVID19'극복 위로 공연,2020,20201113,1,운영대장,대중,,대장
201114_01,"무소르그스키 전람회의 그림_앙상블여수, 그림을만나다.",2020,20201114,1,운영대장,클래식,,대장
201117_01,한국음악협회여수지부 제45회 정기연주회,2020,20201117,1,운영대장,클래식,,대장
201119_01,여수심포니오케스트라 제9회 정기연주회 베토벤 탄생 250주년 기념음악회,2020,20201119,1,운영대장,클래식,,대장
201120_01,클래식 산책 해설이 있는 오페라 갈라 콘서트 오페라 '라 트라비아타',2020,20201120,1,운영대장,클래식,,대장
201121_01,네번째 주민혁 클라리넷 독주회,2020,20201121,1,운영대장,클래식,,대장
201121_02,제44회 여수예술제,2020,20201121,1,운영대장,클래식,,대장
201126_01,조성진 피아노리사이틀,2020,20201126,2,운영대장,클래식,,대장
201203_01,이혜란 피아노 독주회,2020,20201203,1,운영대장,클래식,,대장
201205_01,헬로!오페라 <피가로의 결혼>,2020,20201205,1,운영대장,클래식,,대장
201212_01,제2회 서경진 가야금 독주회,2020,20201212,1,운영대장,클래식,,대장
201213_01,제6회 오카리나앙상블 예울 '지금 여기',2020,20201213,1,운영대장,클래식,,대장
201217_01,여수시립국악단 제37회 정기공연 '다독이다'(비대면),2020,20201217,1,운영대장,기타,,대장
201218_01,섬을 노래하다,2020,20201218,1,운영대장,클래식,,대장
201220_01,유진 청소년 오케스트라 Togther We Can,2020,20201220,1,운영대장,클래식,,대장
201225_01,리처드 용재오닐 <선물 2020>,2020,20201225,1,운영대장,클래식,,대장
201229_01,창작뮤지컬 <별이쏟아진다>(비대면),2020,20201229,1,운영대장,뮤지컬,,대장
201229_02,창작뮤지컬 <별이쏟아진다>,2020,20201229,4,운영대장,뮤지컬,,운영자확정
210114_01,2021 예울마루 신년음악회,2021,20210114,1,운영대장,클래식,,대장
210116_01,JOY OF PERCUSSION 제2회 정기연주회,2021,20210116,1,운영대장,클래식,,대장
210123_01,"함춘호와 앙상블콰이어, 그리고 여수",2021,20210123,1,운영대장,클래식,,대장
210313_01,내셔널솔리스텐앙상블 ＆ 피아졸라사계 윤소영,2021,20210313,1,운영대장,클래식,,대장
210319_01,2021 예울마루 실내악페스티벌 스프링 콘서트 <비엔나의 로망스>,2021,20210319,1,운영대장,클래식,,대장
210325_01,브런치 콘서트 <쇼팽으로 만나는 지브리>,2021,20210325,1,운영대장,클래식,,대장
210327_01,"영남의 소리, 춤",2021,20210327,1,운영대장,기타,,대장
210408_01,신춘음악회,2021,20210408,1,운영대장,클래식,,대장
210415_01,제3회 트리오제이 정기연주회,2021,20210415,1,운영대장,클래식,,대장
210423_01,뮤지컬 <캣츠> 40주년 내한공연,2021,20210423,5,운영대장,뮤지컬,,대장
210429_01,매직 드로잉 가족극 「두들팝」,2021,20210429,20,운영대장,어린이·가족,,대장
210430_01,열린심포니오케스트라 제 16회 정기연주회,2021,20210430,1,운영대장,클래식,,대장
210522_01,헬로!오페라 <신데렐라>,2021,20210522,1,운영대장,클래식,,대장
210525_01,"여수시립합창단 제 78회 정기연주회
<카르미나 부라나>",2021,20210525,1,운영대장,클래식,,대장
210529_01,광주시립발레단 <차이콥스키 발레 명작 시리즈>,2021,20210529,2,운영대장,발레/연극,,대장
210605_01,임현정의 리스트 초절기교 에튀드 전곡,2021,20210605,1,운영대장,클래식,,대장
210610_01,여수시립국악단 제 38회 정기공연_꽃물에 배띄워,2021,20210610,1,운영대장,기타,,대장
210612_01,어울림합창단과 아카데미 윤슬 교류연주,2021,20210612,1,운영대장,클래식,,대장
210617_01,"브런치 콘서트 <피아졸라,바흐를 만나다>",2021,20210617,1,운영대장,클래식,,대장
210619_01,이음스트링챔버오케스트라 제2회 정기연주회,2021,20210619,1,운영대장,클래식,,대장
210626_01,앙상블여수 정기연주회_나를 찾는 기억,2021,20210626,1,운영대장,클래식,,대장
210703_01,조은앙상블 제24회 정기연주회 <오페라의 전설>,2021,20210703,1,운영대장,클래식,,대장
210716_01,여수심포니오케스트라 제10회 정기연주회_피아노협주곡의 밤,2021,20210716,1,운영대장,클래식,,대장
210808_01,레이어스 클래식 라이브 콘서트 'LOVE SIGNAL',2021,20210808,1,운영대장,대중,,대장
210813_01,연극 <완벽한 타인>,2021,20210813,3,운영대장,발레/연극,,대장
210821_01,헬로!오페라 <헨젤과 그레텔>,2021,20210821,1,운영대장,클래식,,대장
210822_01,"김시율의 첫소리, 내드름",2021,20210822,1,운영대장,기타,,대장
210827_01,세종솔로이스츠 콘서트 오페라 <람메르무어의 루치아>,2021,20210827,1,운영대장,클래식,,대장
210828_01,2021 여수국제음악제 & 앙상블,2021,20210828,3,운영대장,클래식,,대장
210901_01,"KBS교향악단과 함께하는 제5회 여수음악제 - 거장과 거장의 만남, 정명훈 ＆ 개릭 올슨",2021,20210901,1,운영대장,클래식,,대장
210904_01,JOY OF PERCUSSION 베토벤 5번 운명교향곡,2021,20210904,1,운영대장,클래식,,대장
210904_02,"미얀마의 봄, 광주를 만나다",2021,20210904,1,운영대장,기타,,대장
210905_01,KBS교향악단과 함께하는 제5회 여수음악제 - 피아니스트 김정원과 함께하는 “뷰티풀 선데이”,2021,20210905,1,운영대장,클래식,,대장
210909_01,브런치콘서트 <모차르트VS슈베르트>,2021,20210909,1,운영대장,클래식,,대장
210909_02,서주희 바이올린 독주회 Ⅲ with Fantasy,2021,20210909,1,운영대장,클래식,,대장
210910_01,KBS교향악단과 함께하는 제5회 여수음악제 - 금난새와 여수 꿈나무 드림 콘서트,2021,20210910,1,운영대장,클래식,,대장
210911_01,KBS교향악단과 함께하는 제5회 여수음악제 - 금난새와 함께하는 “행복한 토요일”,2021,20210911,1,운영대장,클래식,,대장
210911_02,조성진 피아노 리사이틀,2021,20210911,1,운영대장,클래식,,대장
210915_01,이춘희 명창과 함께하는 추석맞이 효 공연,2021,20210915,1,운영대장,기타,,대장
210917_01,클라라 주미 강 & 김선욱 듀오 리사이틀,2021,20210917,1,운영대장,클래식,,대장
210930_01,우용기 피아노 독주회,2021,20210930,1,운영대장,클래식,,대장
210930_02,뮤지컬 <알사탕>,2021,20210930,6,운영대장,어린이·가족,,대장
211005_01,2021 지역예술인과 세계적거장들의 만남 Wald String Orchestra in Yeosu,2021,20211005,1,운영대장,뮤지컬,,대장
211012_01,손양원 목사 순교 71주기 기념 창작오페라,2021,20211012,1,운영대장,클래식,,대장
211013_01,제 45회 여수예술제 개막공연,2021,20211013,1,운영대장,클래식,,대장
211014_01,2021 예울마루 실내악페스티벌 <렉처콘서트>,2021,20211014,1,운영대장,클래식,,대장
211015_01,2021 예울마루 실내악페스티벌,2021,20211015,4,운영대장,클래식,,대장
211019_01,여순사건 오페라 1948년 침묵,2021,20211019,2,운영대장,클래식,,대장
211022_01,여수시립합창단 제 79회 정기연주회,2021,20211022,1,운영대장,클래식,,대장
211024_01,제 15회 여수 용문사 산사음악회,2021,20211024,1,운영대장,클래식,,대장
211028_01,뮤지컬 <전설의 리틀 농구단>,2021,20211028,4,운영대장,뮤지컬,,대장
211028_02,가을밤의 세레나데,2021,20211028,1,운영대장,클래식,,대장
211030_01,가야금 앙상블 뜰연 제 2회 정기연주회,2021,20211030,1,운영대장,클래식,,대장
211101_01,2021 전라남도 학교예술교육 페스티벌,2021,20211101,4,운영대장,클래식,,대장
211106_01,제 28회 전남합창제,2021,20211106,1,운영대장,,,미상
211111_01,2021 지역 예술인 페스티벌 <국악>,2021,20211111,2,운영대장,기타,,대장
211113_01,루미아플룻콰이어 제 15회 정기연주회 희희락락 씽씽씽,2021,20211113,1,운영대장,클래식,,대장
211114_01,여수YMCA,2021,20211114,1,운영대장,,,미상
211118_01,달빛처럼,2021,20211118,1,운영대장,대중,,대장
211120_01,제 10회 한독음악교류 유진 청소년 오케스트라 연주회,2021,20211120,1,운영대장,클래식,,대장
211121_01,MODAFE LEGEND STAGE in Yeosu,2021,20211121,1,운영대장,발레/연극,,대장
211123_01,한국음악협회여수지부 제46회 정기연주회,2021,20211123,1,운영대장,클래식,,대장
211126_01,여수시립국악단 제 39회 정기공연,2021,20211126,1,운영대장,기타,,대장
211127_01,여문樂(락)페스티벌,2021,20211127,1,운영대장,대중,,대장
211128_01,"두 개의 선율, 하나의 울림 허혜정&정기쁨 바이올린 듀오 콘서트",2021,20211128,1,운영대장,대중,,대장
211130_01,남도국제음악제,2021,20211130,1,운영대장,클래식,,대장
211202_01,"브런치콘서트 <북유럽 휘바클래식, 시벨리우스와 그리그>",2021,20211202,1,운영대장,클래식,,대장
211203_01,여수심포니 오케스트라 <섬을 노래하다>,2021,20211203,1,운영대장,클래식,,대장
211205_01,에스챔버 소사이어티 제 5회 정기연주회,2021,20211205,1,운영대장,클래식,,대장
211210_01,뮤지컬 <시카고>,2021,20211210,5,운영대장,뮤지컬,,대장
211214_01,여수교원교향악단 제 13회 정기연주회,2021,20211214,1,운영대장,클래식,,대장
211216_01,여수시립예술단과 함께하는 2021 송년음악회,2021,20211216,1,운영대장,클래식,,대장
211216_02,국민연극 <라이어3탄 : 튀어!>,2021,20211216,14,운영대장,발레/연극,,대장
211217_01,The BEGINNING 제 8회 여수클래식 영재육성을 위한 음악회,2021,20211217,1,운영대장,클래식,,대장
211218_01,2021 여수영재교육원 예술영재 정기연주회,2021,20211218,1,운영대장,클래식,,대장
211219_01,피아졸라 100주년 퀸텟 내한공연,2021,20211219,1,운영대장,클래식,,대장
211224_01,페인터즈,2021,20211224,4,운영대장,발레/연극,,대장
211226_01,Wald 오케스트라와 함께하는 유진 청소년 유망신예 협연의 밤,2021,20211226,1,운영대장,클래식,,대장
211230_01,클래식산책 해설이 있는 오페라 갈라콘서트 <CARMEN>,2021,20211230,1,운영대장,클래식,,대장
220102_01,임현정의 바흐 렉쳐콘서트,2022,20220102,1,운영대장,대중,,대장
220108_01,어린이 가족 뮤지컬 <신데렐라>,2022,20220108,3,운영대장,어린이·가족,,대장
220115_01,쇼콰이어그룹 하모나이즈의 해피홀릭 콘서트,2022,20220115,1,운영대장,대중,,대장
220118_01,연희판놀음 <상생의 비나리>,2022,20220118,1,운영대장,기타,,대장
220120_01,2022 예울마루 신년음악회,2022,20220120,1,운영대장,클래식,,대장
220122_01,뮤지컬 번개맨 : 검은 번개맨의 정체는?,2022,20220122,5,운영대장,뮤지컬,,대장
220126_01,유세형 피아노 독주회,2022,20220126,1,운영대장,클래식,,대장
220204_01,연극 <친정엄마와 2박3일>,2022,20220204,3,운영대장,발레/연극,,대장
220224_01,클래식 음악여행,2022,20220224,1,운영대장,클래식,,대장
220225_01,연극 <더 드레서>,2022,20220225,3,운영대장,발레/연극,,대장
220312_01,와이즈맨,2022,20220312,1,운영대장,,,미상
220324_01,브런치콘서트 <엔니오 모리꼬네를 위하여>,2022,20220324,1,운영대장,클래식,,대장
220326_01,김창옥 토크콘서트 시즌 2,2022,20220326,2,운영대장,대중,,대장
220330_01,SAVE THE PLANET(미디어아트 X VRI String Quartet의 환경메시지 ),2022,20220330,1,운영대장,클래식,,대장
220331_01,전남동부극동포럼,2022,20220331,1,운영대장,,,미상
220407_01,신춘음악회,2022,20220407,1,운영대장,클래식,,대장
220409_01,2022 Joy Of Percussion 제 3회 정기연주회,2022,20220409,1,운영대장,클래식,,대장
220415_01,뮤지컬 <레베카>,2022,20220415,5,운영대장,뮤지컬,,대장
220422_01,열린심포니오케스트라 제 17회 정기연주회,2022,20220422,1,운영대장,클래식,,대장
220423_01,가곡연주회-세미나콘서트' 이탈리아를 Let's SING!,2022,20220423,1,운영대장,클래식,,대장
220429_01,"다시 봄, 그대와 희망을 꿈꾸며",2022,20220429,1,운영대장,클래식,,대장
220430_01,2022 여수오케스트라 기획연주,2022,20220430,1,운영대장,클래식,,대장
220519_01,여수시립합창단 제80회 정기연주회 <오월이 전하는 꽃비>,2022,20220519,1,운영대장,클래식,,대장
220526_01,여수심포니오케스트라 제11회 정기연주회 거장의 울림,2022,20220526,1,운영대장,클래식,,대장
220529_01,모인콰르텟 제1회 정기연주회 <모인콰르텟과 함께하는 5월의 마지막 밤>,2022,20220529,1,운영대장,클래식,,대장
220603_01,조재혁 쇼팽 음반발매 기념 리사이틀,2022,20220603,1,운영대장,클래식,,대장
220611_01,이은결 MAGIC&ILLUSION,2022,20220611,3,운영대장,뮤지컬,,대장
220616_01,브런치콘서트 <쇼팽으로 만나는 디즈니>,2022,20220616,1,운영대장,클래식,,대장
220616_02,트리오제이 제4회 정기연주회,2022,20220616,1,운영대장,클래식,,대장
220618_01,이음스트링챔버오케스트라 제3회 정기연주회 Bohemian Romance,2022,20220618,1,운영대장,클래식,,대장
220624_01,2022 theatre 이문세콘서트 여수,2022,20220624,2,운영대장,대중,,대장
220625_01,앙상블여수 정기연주회 '위로와 평화',2022,20220625,1,운영대장,클래식,,대장
220701_01,와이즈발레단 <VITA>,2022,20220701,2,운영대장,발레/연극,,대장
220705_01,여수 중부새마을금고 40주년 기념음악회,2022,20220705,1,운영대장,클래식,,대장
220708_01,2022 코리안챔버오케스트라 연주회,2022,20220708,1,운영대장,클래식,,대장
220709_01,서진아 피아노 독주회,2022,20220709,1,운영대장,클래식,,대장
220714_01,Summer Festival 맛있는 클래식,2022,20220714,1,운영대장,클래식,,대장
220716_01,2022 이승환 콘서트 <당신이 원하는 바로 그 콘서트>,2022,20220716,1,운영대장,대중,,대장
220722_01,이머시브 가족뮤지컬 <알피>,2022,20220722,4,운영대장,어린이·가족,,대장
220724_01,오래되고 멋진 클래식 <바로크를 추앙하다>,2022,20220724,1,운영대장,클래식,,대장
220806_01,뮤지컬 헬로카봇 시즌6_흔들흔들 댄스파티,2022,20220806,5,운영대장,어린이·가족,,대장
220812_01,뮤지컬 지킬앤하이드 (Jekyll＆Hyde),2022,20220812,4,운영대장,뮤지컬,,대장
220819_01,가족뮤지컬 <캔터빌의 유령>,2022,20220819,4,운영대장,어린이·가족,,대장
220819_02,헬로!오페라 <사랑의 묘약>,2022,20220819,2,운영대장,클래식,,대장
220824_01,7th 2022 여수 ECO 국제음악제,2022,20220824,4,운영대장,클래식,,대장
220827_01,제3회 가야금앙상블 뜰연 너울을 거닐다,2022,20220827,1,운영대장,클래식,,대장
220830_01,해설이 있는 오페라 부파 갈라 콘서트,2022,20220830,1,운영대장,클래식,,대장
220901_01,"브런치콘서트 <빈센트 반 고흐, 그리고 클래식>",2022,20220901,1,운영대장,클래식,,대장
220902_01,KBS교향악단과 함께하는 제6회 여수음악제 개막연주회 - 정명훈의 ‘오르간’ 심포니,2022,20220902,1,운영대장,클래식,,대장
220903_01,KBS교향악단과 함께하는 제6회 여수음악제 특별연주회 1 - 피아니스트 손민수 ‘초절기교’,2022,20220903,1,운영대장,클래식,,대장
220903_02,KBS교향악단과 함께하는 제6회 여수음악제 체임버연주회 1 With 기타리스트 박규희,2022,20220903,1,운영대장,클래식,,대장
220904_01,KBS교향악단과 함께하는 제6회 여수음악제 체임버연주회 2 With 하모니시스트 박종성,2022,20220904,1,운영대장,클래식,,대장
220904_02,KBS교향악단과 함께하는 제6회 여수음악제 특별연주회 2 - 드라마 속 클래식,2022,20220904,1,운영대장,클래식,,대장
220904_03,KBS교향악단과 함께하는 제6회 여수음악제 체임버연주회 3 With 반도네오니스트 고상지,2022,20220904,1,운영대장,클래식,,대장
220907_01,KBS교향악단과 함께하는 제6회 여수음악제 폐막연주회 - 여섯 번째 '결실',2022,20220907,1,운영대장,클래식,,대장
220908_01,2022남도국제음악제,2022,20220908,1,운영대장,클래식,,대장
220913_01,예울마루 개관 10주년 기념 프린지 콘서트 및 야외 영화제,2022,20220913,3,운영대장,시즌,,운영자확정
220916_01,예울마루 개관 10주년 기념 음악회,2022,20220916,1,운영대장,클래식,,대장
220917_01,예울마루 개관 10주년 기념 G콘서트,2022,20220917,1,운영대장,시즌,,운영자확정
220918_01,IYAGI 퓨전공연 출두요!,2022,20220918,1,운영대장,기타,,대장
220920_01,헤럴드경제.남도일보 가을콘서트 “The Magic”,2022,20220920,1,운영대장,대중,,대장
220923_01,국립발레단 전막 발레 <백조의 호수>,2022,20220923,2,운영대장,발레/연극,,대장
220929_01,연극 <갈매기>,2022,20220929,2,운영대장,발레/연극,,대장
220930_01,박준영 독창회,2022,20220930,1,운영대장,클래식,,대장
221001_01,양성원&엔리코 파체 듀오 리사이틀,2022,20221001,1,운영대장,클래식,,대장
221006_01,뮤지컬쇼 <핑크퐁과 아기상어의 월드투어쇼>,2022,20221006,6,운영대장,어린이·가족,,대장
221008_01,제2회 플루트인 정기연주회,2022,20221008,1,운영대장,클래식,,대장
221009_01,제11회 유진오케스트라 정기연주회,2022,20221009,1,운영대장,클래식,,대장
221011_01,제46회 여수예술제,2022,20221011,1,운영대장,클래식,,대장
221013_01,2022 예울마루 실내악페스티벌 렉쳐콘서트,2022,20221013,1,운영대장,클래식,,대장
221014_01,2022 예울마루 실내악페스티벌,2022,20221014,4,운영대장,클래식,,대장
221019_01,1948 그날의 기억 <침묵>,2022,20221019,2,운영대장,클래식,,대장
221021_01,한국음악협회 여수지부 가을밤의세레나데,2022,20221021,1,운영대장,클래식,,대장
221022_01,신비아파트 뮤지컬 시즌5：감염된 도시의 비밀,2022,20221022,5,운영대장,뮤지컬,,대장
221027_01,여수시립국악단 정기공연,2022,20221027,1,운영대장,기타,,대장
221029_01,"쉼표, 잠시 쉬었다 가도 괜찮아",2022,20221029,1,운영대장,클래식,,대장
221101_01,여수필하모닉오케스트라 제34회 정기연주회 송년음악회 실내악시리즈 Ⅲ,2022,20221101,2,운영대장,클래식,,대장
221105_01,2022 최현우 <THE BRAIN>,2022,20221105,4,운영대장,뮤지컬,,대장
221105_02,2022년 희망에너지교실 친환경 창착연극,2022,20221105,1,운영대장,발레/연극,,대장
221108_01,손양원목사 순교 72주기 기념 <The 사랑 Concert>,2022,20221108,1,운영대장,클래식,,대장
221110_01,여수시립합창단 제81회 정기연주회 하이든 천지창조,2022,20221110,1,운영대장,클래식,,대장
221111_01,뮤지컬 <포파이>,2022,20221111,4,운영대장,뮤지컬,,대장
221112_01,JOY OF PERCUSSION 꿈다락 4회 정기연주회,2022,20221112,1,운영대장,클래식,,대장
221113_01,심포니 오브 메이플 스토리,2022,20221113,1,운영대장,클래식,,대장
221115_01,전남 CBS 가족과 함께하는 감사잔치 <바리톤 고성현 콘서트>,2022,20221115,1,운영대장,대중,,대장
221117_01,CTS 전남방송 개국 18주년 기념 <가을음악회>,2022,20221117,1,운영대장,클래식,,대장
221119_01,YB TOUR LIGHTS,2022,20221119,2,운영대장,대중,,대장
221119_02,김선미 waa 판 세번째 여류지화,2022,20221119,1,운영대장,기타,,대장
221120_01,CY오케스트라 제2회 정기연주회,2022,20221120,1,운영대장,클래식,,대장
221122_01,한국음악협회 여수지부 정기연주회,2022,20221122,1,운영대장,클래식,,대장
221124_01,조미숙 독창회,2022,20221124,1,운영대장,클래식,,대장
221126_01,그레이트 서울 인베이전 전국투어 콘서트,2022,20221126,1,운영대장,대중,,대장
221126_02,야망춘향,2022,20221126,1,운영대장,기타,,대장
221127_01,영재오케스트라 정기연주회,2022,20221127,1,운영대장,클래식,,대장
221203_01,뮤지컬 <킹키부츠>,2022,20221203,4,운영대장,뮤지컬,,대장
221207_01,박준영변호사 초청 토크콘서트,2022,20221207,1,운영대장,,,미상
221208_01,브런치콘서트 <크리스마스 첼로의 성가>,2022,20221208,1,운영대장,클래식,,대장
221211_01,신혜미 가야금 독주회,2022,20221211,1,운영대장,클래식,,대장
221213_01,교원교향악단 제14회 정기연주회,2022,20221213,1,운영대장,클래식,,대장
221215_01,섬&사람 마음을 잇다,2022,20221215,1,운영대장,클래식,,대장
221216_01,THE BEGINNING 제8회 여수클래식 영재육성을 위한 음악회,2022,20221216,1,운영대장,클래식,,대장
221216_02,국민연극「라이어2탄 : 그후20년」,2022,20221216,11,운영대장,발레/연극,,대장
221218_01,히사이시조 영화음악 콘서트,2022,20221218,2,운영대장,대중,,대장
221221_01,2022 여수시립예술단 송년음악회,2022,20221221,1,운영대장,클래식,,대장
221224_01,크리스마스 재즈 나잇 CHRISTMAS JAZZ NIGHT,2022,20221224,1,운영대장,클래식,,대장
221230_01,가족오페라 '신콩쥐',2022,20221230,1,운영대장,클래식,,대장
221230_02,박성언의 음악식당 연말콘서트,2022,20221230,1,운영대장,대중,,대장
221231_01,김현철의 유쾌한 오케스트라,2022,20221231,2,운영대장,클래식,,대장
230113_01,하모나이즈 콘서트 The SHOWCHOIR,2023,20230113,1,운영대장,대중,,대장
230119_01,2023 신년음악회,2023,20230119,1,운영대장,클래식,,대장
230211_01,제6회 청소년 플룻 앙상블 정기연주회,2023,20230211,1,운영대장,클래식,,대장
230212_01,2023 이은미 여수 콘서트 녹턴,2023,20230212,1,운영대장,대중,,대장
230216_01,2023 여수오케스트라 정기연주회,2023,20230216,1,운영대장,클래식,,대장
230217_01,한세페다고지 연구회와 함께하는 콩쿠르 릴레이 콘서트,2023,20230217,1,운영대장,대중,,대장
230218_01,제3회 전남동부극동방송 어린이합창단 정기연주회,2023,20230218,1,운영대장,어린이·가족,,대장
230303_01,뮤지컬 <알사탕>,2023,20230303,7,운영대장,어린이·가족,,대장
230318_01,2023 남진 60주년 콘서트,2023,20230318,2,운영대장,대중,,대장
230318_02,프란츠 리스트에게의 헌정 : 이별 홍은혜 피아노 독주회,2023,20230318,1,운영대장,클래식,,대장
230323_01,"브런치콘서트 <미술 속 음악 이야기 - 프리다칼로, 자클린 뒤 프레를 만나다>",2023,20230323,1,운영대장,클래식,,대장
230325_01,바이올리니스트 서주회와 함께하는 제1회 여수 영아티스트 연주회,2023,20230325,1,운영대장,클래식,,대장
230331_01,여수시 개항 100주년 기념 뮤지컬 1598 여수밤바다,2023,20230331,3,운영대장,뮤지컬,,대장
230402_01,히사이시 조 영화음악 콘서트,2023,20230402,1,운영대장,대중,,대장
230407_01,뮤지컬 <브로드웨이42번가>,2023,20230407,4,운영대장,뮤지컬,,대장
230411_01,열린심포니오케스트라 제18회 정기연주회,2023,20230411,1,운영대장,클래식,,대장
230413_01,한국음악협회 여수지부 신춘음악회,2023,20230413,1,운영대장,클래식,,대장
230415_01,시크릿쥬쥬 별의여신 뮤지컬 시즌3 : 마지막 콘서트,2023,20230415,5,운영대장,대중,,대장
230415_02,한치윤&김꽃비 듀오리사이틀,2023,20230415,1,운영대장,클래식,,대장
230420_01,여수시립합창단 제83회 정기연주회 봄내음 가득 오페라 속으로,2023,20230420,1,운영대장,클래식,,대장
230427_01,뮤지컬 <장수탕 선녀님>,2023,20230427,6,운영대장,뮤지컬,,대장
230427_02,"흥보, 그 삶의 무게와 꿈",2023,20230427,1,운영대장,기타,,대장
230506_01,2023 김창옥 토크 콘서트_여수,2023,20230506,2,운영대장,대중,,대장
230509_01,김수연 명창과 함께하는 효 큰잔치,2023,20230509,1,운영대장,기타,,대장
230509_02,명사특강,2023,20230509,3,운영대장,기타,,대장
230519_01,집중력 향상을 위한 <실험실 콘서트>,2023,20230519,2,운영대장,클래식,,대장
230525_01,제12회 정기연주회 낭만주의 거장 차이코프스키&드보르작,2023,20230525,1,운영대장,클래식,,대장
230527_01,EBS 최고다 호기심 딱지,2023,20230527,5,운영대장,뮤지컬,,대장
230602_01,뮤지컬 <여신님이 보고 계셔> 10th Anniversary,2023,20230602,4,운영대장,뮤지컬,,대장
230602_02,이음 스트링 챔버오케스트라 제4회 저익연주회 낭만을 꽃피우다,2023,20230602,1,운영대장,클래식,,대장
230609_01,2023 A-T 여수 고교학점제 선도지구 고교학점제&대학입시 진로특강,2023,20230609,1,운영대장,,,미상
230609_02,국립발레단 <지젤>,2023,20230609,2,운영대장,발레/연극,,대장
230613_01,더비기닝 제9회 여수클래식영재육성을위한음악회,2023,20230613,1,운영대장,클래식,,대장
230615_01,2023 제8회 여수에코국제음악제,2023,20230615,4,운영대장,클래식,,대장
230617_01,2023 여수교육지원청 WEE센터 가족프로그램 목각인형극,2023,20230617,1,운영대장,발레/연극,,대장
230622_01,브런치콘서트 <OST Classic>,2023,20230622,1,운영대장,클래식,,대장
230623_01,세르게이 도렌스키 메모리얼 콘서트 : 2023 여수,2023,20230623,1,운영대장,대중,,대장
230624_01,2023 조항조&진성 앙상블콘서트,2023,20230624,2,운영대장,클래식,,대장
230624_02,제1회 류가연 가야금 독주회,2023,20230624,1,운영대장,클래식,,대장
230625_01,뮤직스토리 인 앙상블여수,2023,20230625,1,운영대장,클래식,,대장
230630_01,강금화 피아노 독주회,2023,20230630,1,운영대장,클래식,,대장
230708_01,제4회 가야금 앙상블 뜰연 정기연주회 더하다 + Add,2023,20230708,1,운영대장,클래식,,대장
230714_01,제4회 위드유앙상블 정기연주회 ROMANCE IN RUSSIAN MUSIC,2023,20230714,1,운영대장,클래식,,대장
230722_01,NEW 뮤지컬 미니특공대 브이레인저스,2023,20230722,5,운영대장,뮤지컬,,대장
230722_02,WALD 오케스트라와 함께하는 청소년 유망신예 협연의 밤,2023,20230722,1,운영대장,클래식,,대장
230805_01,2023 늘봄학교 여름방학 문화예술체험 <잠자는 숲 속의 공주> 목각인형극,2023,20230805,1,운영대장,발레/연극,,대장
230810_01,희망에너지 발표회,2023,20230810,2,운영대장,,,미상
230812_01,신카이 마코토 영화음악 콘서트－여수,2023,20230812,1,운영대장,대중,,대장
230817_01,류희윤 바이올린 독주회,2023,20230817,1,운영대장,클래식,,대장
230820_01,CHEER UP! 청춘 FIRST SERIES SPARKULOUS,2023,20230820,1,운영대장,클래식,,대장
230826_01,헬로!오페라 <마술피리>,2023,20230826,1,운영대장,클래식,,대장
230831_01,해설이 있는 오페라 갈라콘서트 '리골레토',2023,20230831,1,운영대장,클래식,,대장
230901_01,연극 <서교동에서 죽다>,2023,20230901,3,운영대장,발레/연극,,대장
230901_02,‘바리톤 이중현의 여수! 그리고 1948 그날의 노래’,2023,20230901,1,운영대장,클래식,,대장
230902_01,KBS교향악단과 함께하는 제7회 여수음악제 개막연주회 - 정명훈의 ‘브루크너’,2023,20230902,1,운영대장,클래식,,대장
230903_01,세상에서 가장 작은 오케스트라,2023,20230903,1,운영대장,클래식,,대장
230903_02,KBS교향악단과 함께하는 제7회 여수음악제 특별연주회 - 정트리오 ‘세기의 거장들’,2023,20230903,1,운영대장,클래식,,대장
230906_01,KBS교향악단과 함께하는 제7회 여수음악제 실내악 시리즈 1 - 색소포니스트 브랜든 최의 ‘Golden Night’,2023,20230906,1,운영대장,클래식,,대장
230907_01,KBS교향악단과 함께하는 제7회 여수음악제 실내악 시리즈 2 - 테너 존노의 ‘그리움’,2023,20230907,1,운영대장,클래식,,대장
230908_01,KBS교향악단과 함께하는 제7회 여수음악제 실내악 시리즈 3 - Quartet FINALLY의 ‘황제’,2023,20230908,1,운영대장,클래식,,대장
230909_01,KBS교향악단과 함께하는 제7회 여수음악제 폐막연주회 - Music Exhibition,2023,20230909,1,운영대장,클래식,,대장
230914_01,가족뮤지컬 <이상한 엄마>,2023,20230914,6,운영대장,어린이·가족,,대장
230914_02,서주희X김동준 듀오 콘서트,2023,20230914,1,운영대장,대중,,대장
230916_01,"건반과 현의 조화, 트라움 실내악 콘서트",2023,20230916,1,운영대장,클래식,,대장
230919_01,여수필하모닉오케스트라 제35회 정기연주회,2023,20230919,1,운영대장,클래식,,대장
230921_01,브런치콘서트 <미술 속 음악 이야기 - 고흐 vs 고갱>,2023,20230921,1,운영대장,클래식,,대장
230923_01,Y-BRASS 제3회 정기연주회,2023,20230923,1,운영대장,클래식,,대장
230924_01,히사이시 조 영화음악 콘서트 2023_여수 앙코르,2023,20230924,1,운영대장,대중,,대장
231005_01,아름다운 중소기업 나눔콘서트,2023,20231005,1,운영대장,대중,,대장
231006_01,첼리스트 서지수의 TANGO WITH ME,2023,20231006,1,운영대장,클래식,,대장
231007_01,JOY OF PERCUSSION 제7회 정기연주회,2023,20231007,1,운영대장,클래식,,대장
231007_02,2023 예울마루 야외콘서트,2023,20231007,1,운영대장,대중,,대장
231008_01,2023여수재즈페스티벌,2023,20231008,1,운영대장,대중,,대장
231010_01,제47회 여수예술제,2023,20231010,1,운영대장,클래식,,대장
231011_01,10월 그대와 함께 꿈꾸는 희망,2023,20231011,1,운영대장,클래식,,대장
231012_01,2023 예울마루 실내악 페스티벌,2023,20231012,4,운영대장,클래식,,대장
231014_01,가을밤의 세레나데,2023,20231014,1,운영대장,클래식,,대장
231018_01,창작오페라 침묵 '바다에 핀 동백',2023,20231018,2,운영대장,클래식,,대장
231020_01,선우예권 피아노 리사이틀,2023,20231020,1,운영대장,클래식,,대장
231021_01,양성원&엔리코파체 듀오 리사이틀,2023,20231021,1,운영대장,클래식,,대장
231021_02,손양원목사 순교 73주기 기념 콘서트,2023,20231021,1,운영대장,클래식,,대장
231022_01,제12회 한독국제교류 유진청소년 정기연주회,2023,20231022,1,운영대장,클래식,,대장
231026_01,여수시립국악단 제43회 정기공연 '조우',2023,20231026,1,운영대장,기타,,대장
231028_01,뮤지컬 <포파이>,2023,20231028,2,운영대장,뮤지컬,,대장
231028_02,2023 이승철 전국투어 콘서트: RETRO Night,2023,20231028,1,운영대장,대중,,대장
231029_01,루미아플룻콰이어,2023,20231029,1,운영대장,클래식,,대장
231031_01,2023. 제10회 전남학교예술페스티벌,2023,20231031,4,운영대장,클래식,Y,대장최빈
231104_01,뮤지컬 <고고다이노 고고킹의 귀환>,2023,20231104,4,운영대장,뮤지컬,,대장
231104_02,여수시민오케스트라 제7회 정기연주회,2023,20231104,1,운영대장,클래식,,대장
231105_01,2023 졸업무대 창의학교 전남,2023,20231105,1,운영대장,기타,,대장
231107_01,CTS전남방송 개국 19주년 기념 감사콘서트,2023,20231107,1,운영대장,대중,,대장
231108_01,제9회 여수학생오케스트라 페스티벌,2023,20231108,2,운영대장,클래식,,대장
231110_01,세종솔로이스츠와 이안보스트리지의 <일뤼미나시옹>,2023,20231110,1,운영대장,클래식,,대장
231111_01,파파스 10주년 기념 연주회,2023,20231111,1,운영대장,클래식,,대장
231111_02,2023 이승환 콘서트 <이상한 이승환>,2023,20231111,1,운영대장,대중,,대장
231112_01,String Octet Ensemble,2023,20231112,1,운영대장,클래식,,대장
231114_01,에코국제음악제아티스트시리즈,2023,20231114,1,운영대장,클래식,,대장
231117_01,뮤지컬 <그래비티 스페이스>,2023,20231117,6,운영대장,어린이·가족,,대장
231117_02,성악아카데미 발표회,2023,20231117,1,운영대장,,,미상
231118_01,애양청소년오케스트라,2023,20231118,1,운영대장,클래식,,대장
231119_01,주현주 네 번째 소리판 춘향가 2 - 節槪,2023,20231119,1,운영대장,기타,,대장
231124_01,허영만 토크 콘서트,2023,20231124,1,운영대장,대중,,대장
231124_02,뮤지컬 <맘마미아>,2023,20231124,4,운영대장,뮤지컬,,대장
231128_01,전남동부극동방송 여성합창단 제3회 정기연주회,2023,20231128,1,운영대장,클래식,,대장
231130_01,YWCA여성합창단,2023,20231130,1,운영대장,클래식,,대장
231130_02,2023 지역예술인페스티벌,2023,20231130,2,운영대장,클래식,,대장
231202_01,송승환의 오리지널 '난타',2023,20231202,4,운영대장,뮤지컬,,대장
231203_01,클래식기타 듀오 폴리포니 갈라콘서트,2023,20231203,1,운영대장,대중,,대장
231207_01,여수시립예술단 2023 송년음악회 ‘섬섬여수’,2023,20231207,1,운영대장,클래식,,대장
231208_01,제9회 지역예술인재 콘서트 '네 꿈에 날개를',2023,20231208,1,운영대장,대중,,대장
231209_01,환경음악제(자연과 인간의 공존) 지리산 사계,2023,20231209,1,운영대장,클래식,,대장
231210_01,앙상블보니 크리스마스 기획공연 ‘호두까기 인형’,2023,20231210,1,운영대장,클래식,,대장
231212_01,여수하트오케스트라,2023,20231212,1,운영대장,클래식,,대장
231214_01,브런치콘서트 'Christmas Classic',2023,20231214,1,운영대장,클래식,,대장
231214_02,제48회 한국음악협회 여수지부 정기연주회,2023,20231214,1,운영대장,클래식,,대장
231215_01,연극 <옥탑방 고양이>,2023,20231215,15,운영대장,발레/연극,,대장
231216_01,여수영재교육원 오케스트라 정기연주회,2023,20231216,1,운영대장,클래식,,대장
231219_01,여수전남교원오케스트라 제15회 기념 연주회,2023,20231219,1,운영대장,클래식,,대장
231223_01,대니구 크리스마스 콘서트 : HOME,2023,20231223,1,운영대장,클래식,,대장
231224_01,홍진호&박현수&조윤성의 시네마 파라디소,2023,20231224,1,운영대장,클래식,,대장
240119_01,2024 예울마루 신년음악회,2024,20240119,1,운영대장,클래식,,대장
240128_01,김광윤 첫 번째 독주회 - 백미,2024,20240128,1,운영대장,클래식,,대장
240130_01,2024년 EBS 대표강사 초청 학습법 특강,2024,20240130,1,운영대장,기타,,대장
240217_01,엠씨더맥스 이수 콘서트 '기행문',2024,20240217,2,운영대장,대중,,대장
240302_01,이지희&장인규 피아노 조인트 리사이틀,2024,20240302,1,운영대장,클래식,,대장
240316_01,2024 조명섭 ‘달밤 음악회’ 시즌2,2024,20240316,2,운영대장,클래식,,대장
240320_01,"브런치콘서트 <봄, 여행, 춤 그리고 음악>",2024,20240320,1,운영대장,클래식,,대장
240323_01,헬로카봇 뮤지컬 시즌7 <웰컴 투 파라다이스>,2024,20240323,5,운영대장,어린이·가족,,대장
240413_01,히사이시 조 영화음악 콘서트,2024,20240413,1,운영대장,대중,,대장
240418_01,2024 신춘음악회,2024,20240418,1,운영대장,클래식,,대장
240419_01,백은선 최옥산류 가야금 산조 독주회,2024,20240419,1,운영대장,클래식,,대장
240419_02,열린심포니오케스트라 제 19회 정기연주회,2024,20240419,1,운영대장,클래식,,대장
240420_01,루체 클라리넷 앙상블,2024,20240420,1,운영대장,클래식,,대장
240421_01,2024 김창완밴드 전국투어 <개구쟁이> 여수공연,2024,20240421,1,운영대장,대중,,대장
240427_01,2024 주현미 콘서트 <The Original>,2024,20240427,1,운영대장,대중,,대장
240501_01,예울마루 위크,2024,20240501,3,운영대장,기타,,대장
240508_01,어린이 뮤지컬 <폴리팝>,2024,20240508,10,운영대장,어린이·가족,,대장
240511_01,2024 조이 오브 퍼커션 제 5회 정기연주회,2024,20240511,1,운영대장,클래식,,대장
240514_01,뮤지컬 <썸데이>,2024,20240514,8,운영대장,발레/연극,,대장
240518_01,최현우 Answer,2024,20240518,4,운영대장,뮤지컬,,대장
240525_01,2024 이후성 첼로 독주회,2024,20240525,1,운영대장,클래식,,대장
240605_01,"브런치콘서트 <룰루랄라, 우리 함께 노래해요>",2024,20240605,1,운영대장,클래식,,대장
240607_01,여수시립합창단 제 84회 정기연주회 <모짜르트 '레퀴엠'>,2024,20240607,1,운영대장,클래식,,대장
240608_01,2024 김창옥 시즌4 토크 콘서트,2024,20240608,2,운영대장,대중,,대장
240609_01,앙상블여수 정기공연 연주회,2024,20240609,1,운영대장,클래식,,대장
240615_01,이음 스트링 챔버 오케스트라 제 5회 정기연주회,2024,20240615,1,운영대장,클래식,,대장
240615_02,어린이 뮤지컬 바다탐험대 옥토넛3 <바다넘어육지까지>,2024,20240615,5,운영대장,어린이·가족,,대장
240616_01,봄연주회 위풍당당 음악회,2024,20240616,1,운영대장,클래식,,대장
240620_01,제4회 전남동부극동포럼,2024,20240620,1,운영대장,,,미상
240620_02,제 9회 2024 여수에코국제음악제,2024,20240620,4,운영대장,클래식,,대장
240629_01,뽀로로와 친구들의 드림콘서트 - 잃어버린 꿈을 찾아서,2024,20240629,5,운영대장,대중,,대장
240712_01,뮤지컬 <노트르담 드 파리>,2024,20240712,4,운영대장,뮤지컬,,대장
240717_01,여수시립합창단음원제작,2024,20240717,1,운영대장,,,미상
240718_01,2024 WALD 스트링 오케스트라와 함께하는 청소년 협연의 밤,2024,20240718,1,운영대장,클래식,,대장
240719_01,의혈지사 윤형숙 열사 기념사업회,2024,20240719,2,운영대장,기타,,대장
240719_02,2024 뮤지컬 <장영실과 함께하는 별별GPT>,2024,20240719,3,운영대장,어린이·가족,,대장
240727_01,타악앙상블 META 제 4회 정기연주회 <헝가리안 소나타>,2024,20240727,1,운영대장,클래식,,대장
240811_01,"김지안의 소리2-춘향, 이별",2024,20240811,1,운영대장,기타,,대장
240815_01,플루트 기타 듀오 N’kinSuh 리사이틀,2024,20240815,1,운영대장,클래식,,대장
240817_01,연희단팔산대 <무풍(舞風): 바람의 춤>,2024,20240817,2,운영대장,기타,,대장
240822_01,탈북민과 함께부르는 통일기원음악회,2024,20240822,1,운영대장,클래식,,대장
240823_01,헬로! 오페라 <봄봄>,2024,20240823,2,운영대장,클래식,,대장
240825_01,히사이시 조 영화음악 콘서트 2024_여수 앙코르,2024,20240825,1,운영대장,대중,,대장
240829_01,여수심포니오케스트라 제 13회 정기연주회,2024,20240829,1,운영대장,클래식,,대장
240831_01,2024 영호남 4개도시 청소년 교류음악회,2024,20240831,1,운영대장,클래식,,대장
240904_01,"브런치콘서트 <앙리 마티스와 클래식, 그리고 ""스캔들"">",2024,20240904,1,운영대장,클래식,,대장
240905_01,인천시립합창단과 함께하는 <손양원 목사 음악회>,2024,20240905,1,운영대장,클래식,,대장
240905_02,제 1회 여수 국제 웹페스트,2024,20240905,3,운영대장,기타,,대장
240906_01,트리오 인 : 드보르자크,2024,20240906,1,운영대장,클래식,,대장
240907_01,제 2회 남도 전국 합창 경연 페스티벌,2024,20240907,1,운영대장,기타,,대장
240910_01,어린이 뮤지컬 <친구의 전설>,2024,20240910,6,운영대장,어린이·가족,,대장
240914_01,"오누이 <김용임, 진성 콘서트>",2024,20240914,2,운영대장,대중,,대장
240921_01,뮤지컬 캐치! 티니핑 <두근두근 싱어롱 콘서트>,2024,20240921,6,운영대장,대중,,대장
240921_02,JOY OF PERCUSSION 제6회 정기연주회 <지브리X탱고>,2024,20240921,1,운영대장,클래식,,대장
240928_01,"모두 모여락(樂) + 해피 콘서트 "" 짬쏭 """,2024,20240928,1,운영대장,대중,,대장
241010_01,예울마루 실내악 페스티벌 Part 1.,2024,20241010,4,운영대장,클래식,,대장
241012_01,내가 사랑한 프랑스화가와 음악가,2024,20241012,1,운영대장,클래식,,대장
241014_01,제 48회 여수 예술제,2024,20241014,1,운영대장,기타,,대장
241018_01,여순사건 창작오페라 <바다에 핀 동백>,2024,20241018,2,운영대장,클래식,,대장
241020_01,KBS교향악단과 함께하는 여수음악제,2024,20241020,7,운영대장,클래식,,대장
241022_01,CTS 전남방송 개국 20주년 기념 음악회,2024,20241022,1,운영대장,클래식,,대장
241024_01,여수학생오케스트라 페스티벌,2024,20241024,2,운영대장,클래식,,대장
241029_01,전남학생오케스트라 페스티벌-오케스트라,2024,20241029,6,운영대장,클래식,,대장
241030_01,제 48회 여수예술제 - 가을밤의 세레나데,2024,20241030,1,운영대장,클래식,,대장
241101_01,전남학생오케스트라 페스티벌-복합,2024,20241101,2,운영대장,클래식,,대장
241101_02,3테너 콘서트 in 여수,2024,20241101,1,운영대장,클래식,,대장
241102_01,루체 클라리넷 앙상블 정기연주회,2024,20241102,1,운영대장,클래식,,대장
241102_02,VOS 20주년 전국투어 콘서트,2024,20241102,1,운영대장,대중,,대장
241108_01,카메라타 전남 제 13회 정기연주회 <희망나눔 콘서트>,2024,20241108,1,운영대장,클래식,,대장
241109_01,제 8회 여수시민오케스트라 정기연주회 '가을... 비상을 꿈꾸다',2024,20241109,1,운영대장,클래식,,대장
241109_02,2024 여수 남해 음악협회 교류연주회,2024,20241109,1,운영대장,클래식,,대장
241110_01,한독 국제 유진 청소년 오케스트라 제 13회 정기연주회,2024,20241110,1,운영대장,클래식,,대장
241113_01,뮤지컬 <오즈의 의류수거함>,2024,20241113,6,운영대장,뮤지컬,,대장
241116_01,반짝반짝 빛나는 마술사의 방,2024,20241116,3,운영대장,대중,,대장
241122_01,뮤지컬 <젠틀맨스 가이드: 사랑과 살인편>,2024,20241122,4,운영대장,뮤지컬,,대장
241126_01,예울마루 실내악 페스티벌 Part 2.,2024,20241126,1,운영대장,클래식,,대장
241128_01,시립합창단 정기연주회,2024,20241128,1,운영대장,클래식,,대장
241130_01,시민합창제,2024,20241130,1,운영대장,기타,,대장
241130_02,애양청소년 오케스트라 연주회,2024,20241130,1,운영대장,클래식,,대장
241201_01,신혜미 가야금 연주회,2024,20241201,1,운영대장,클래식,,대장
241203_01,"이혜란의 장도 소나타Ⅱ: 새벽빛, 그 소리를 담다.",2024,20241203,1,운영대장,클래식,,대장
241204_01,브런치 콘서트 <그 어느 겨울보다 따뜻한>,2024,20241204,1,운영대장,클래식,,대장
241206_01,"윈터워크-재즈 피아노, 트리오, 재즈 빅밴드와 함께하는 특별한 음악 산책",2024,20241206,1,운영대장,클래식,,대장
241207_01,마음톡톡 힐링콘서트,2024,20241207,1,운영대장,대중,,대장
241209_01,"여수필하모닉오케스트라 제 36회 정기연주회 <2024 송년의 밤, 가족음악회>",2024,20241209,1,운영대장,클래식,,대장
241211_01,연극 <시간을 파는 상점>,2024,20241211,12,운영대장,발레/연극,,대장
241212_01,"여수시립국악단 제 45회 정기공연_창극 <아름다운 사람, 이순신>",2024,20241212,1,운영대장,기타,,대장
241213_01,제 16회 여수전남교원오케스트라 정기연주회 <사제동행>,2024,20241213,1,운영대장,클래식,,대장
241214_01,"2024 여수영재교육원 오케스트라 정기연주회 <차인홍, 안트리오와 꿈을 연주하다>",2024,20241214,1,운영대장,클래식,,대장
241215_01,발레와 함께하는 클래식 음악동화 <호두까기 인형>,2024,20241215,1,운영대장,클래식,,대장
241219_01,창작오페라 <거문도의 캐롤>,2024,20241219,1,운영대장,클래식,,대장
241221_01,아레나 디 베로나 오페라 페스티벌 <라 보엠> 공연실황 상영,2024,20241221,1,운영대장,클래식,,대장
241221_02,제 10회 지역예술인재콘서트 <내 꿈에 날개를>,2024,20241221,1,운영대장,대중,,대장
241224_01,발레 <호두까기 인형>,2024,20241224,2,운영대장,발레/연극,,대장
241225_01,"제 2회 류영숙 전통무용 발표회 <꽃, 춤으로 피어오르다>",2024,20241225,1,운영대장,발레/연극,,대장
250111_01,베베핀 뮤지컬 <우당탕탕 패밀리>,2025,20250111,6,운영대장,어린이·가족,,대장
250111_02,지브리 영화음악 콘서트 <지브리와 사랑에 빠지다>,2025,20250111,1,운영대장,대중,,대장
250116_01,2025 예울마루 신년음악회,2025,20250116,1,운영대장,클래식,,대장
250116_02,2025 신년음악회,2025,20250116,1,확정등록(공식),,,미상
250123_01,"전남동부극동방송 개국 10주년 기념
전속합창단 연합공연",2025,20250123,1,운영대장,클래식,,대장
250208_01,원더매직의 <과학마술콘서트>,2025,20250208,4,운영대장,대중,,대장
250214_01,뮤지컬 <시카고>,2025,20250214,4,운영대장,뮤지컬,,대장
250220_01,콘서트 월드 국제음악제,2025,20250220,1,운영대장,클래식,,대장
250308_01,백건우와 모차르트,2025,20250308,1,운영대장,클래식,,대장
250315_01,2025 이승철 전국투어 콘서트,2025,20250315,1,운영대장,대중,,대장
250327_01,2025 예울마루 브런치콘서트,2025,20250327,1,운영대장,클래식,,대장
250328_01,감마선은 달무늬 얼룩진 금잔화에 어떤 영향을 주었는가?,2025,20250328,3,운영대장,발레/연극,,대장
250329_01,히사이시 조 영화음악 콘서트 2025_파이널 여수,2025,20250329,1,운영대장,대중,,대장
250405_01,뮤지컬 번개맨 시즌2 <번개맨!VS번개맨?>,2025,20250405,6,운영대장,뮤지컬,,대장
250411_01,열린심포니오케스트라 제20회 정기연주회 오페라 헨젤과 그레텔,2025,20250411,2,운영대장,클래식,,대장
250412_01,제13회 한국리스트협회 호남지부 정기연주회,2025,20250412,1,운영대장,클래식,,대장
250415_01,박두규 기타 독주회,2025,20250415,1,운영대장,클래식,,대장
250424_01,무용 <스페인 국립 플라멩코 발레단 내한공연 - 아파나도르>,2025,20250424,2,운영대장,발레/연극,,대장
250503_01,2025 김창옥 토크콘서트 시즌5,2025,20250503,2,운영대장,대중,,대장
250511_01,김유상 이윤희 듀오 리사이틀,2025,20250511,1,운영대장,클래식,,대장
250513_01,뮤지컬 <넌 특별하단다_서커스버전>,2025,20250513,7,운영대장,어린이·가족,,대장
250517_01,2025 예울마루 위크,2025,20250517,1,운영대장,기타,,대장
250517_02,2025 예울마루 위크 <On Island>,2025,20250517,1,확정등록(공식),,,미상
250520_01,베르디 레퀴엠 프리렉처 콘서트,2025,20250520,1,운영대장,대중,,대장
250522_01,2025 예울마루 브런치콘서트 <냠냠 클래식>,2025,20250522,1,운영대장,클래식,,대장
250524_01,가족과 함께하는 음악여행 Harmonic Echo,2025,20250524,1,운영대장,클래식,,대장
250527_01,서주희 바이올린 리사이트,2025,20250527,1,운영대장,클래식,,대장
250529_01,창작발레 <갓 GAT>,2025,20250529,1,운영대장,발레/연극,,대장
250531_01,2025년 남진 60주년 전국투어 콘서트,2025,20250531,1,운영대장,대중,,대장
250601_01,2025 유키 구라모토 콘서트 Peacefully 여수,2025,20250601,1,운영대장,대중,,대장
250605_01,여수시립합창단 제86회 정기연주회 <베르디 레퀴엠>,2025,20250605,1,운영대장,클래식,,대장
250607_01,이음스트링쳄버오케스트라 제6회 정기연주회 with 드보르작 슬라브의 숨결,2025,20250607,1,운영대장,클래식,,대장
250607_02,2025여수재즈페스티벌,2025,20250607,1,운영대장,대중,,대장
250608_01,바리톤 고성현 시인의 사랑과 생애,2025,20250608,1,운영대장,클래식,,대장
250612_01,여수시립국악단 제46회 정기연주회 <창해화>,2025,20250612,1,운영대장,클래식,,대장
250614_01,루체클라리넷 앙상블 목관과 금관의 토요일,2025,20250614,1,운영대장,클래식,,대장
250615_01,시대음악 시리즈 VI. 슈만과 사랑,2025,20250615,1,운영대장,클래식,,대장
250619_01,"제10회 여수 에코 국제 음악제 <비상, 바다를 날다.>",2025,20250619,4,운영대장,클래식,,대장
250621_01,주현주 다섯번째 소리판 <해후>,2025,20250621,1,운영대장,기타,,대장
250704_01,뮤지컬 <명성황후> 30주년 기념공연,2025,20250704,4,운영대장,뮤지컬,,대장
250710_01,2025 예울마루 브런치콘서트 <썸머 페스티벌>,2025,20250710,1,운영대장,클래식,,대장
250712_01,Joy Of Percussion 7회 정기연주회,2025,20250712,1,운영대장,클래식,,대장
250719_01,연극 <꽃의 비밀>,2025,20250719,2,운영대장,발레/연극,,대장
250725_01,멘토와 멘티의 만남 FluteIN 여수청소년플루트앙상블,2025,20250725,1,운영대장,클래식,,대장
250726_01,2025년 여수에코국제음악제_영재오케스트라,2025,20250726,1,운영대장,클래식,,대장
250802_01,가족뮤지컬 <넘버블록스>,2025,20250802,6,운영대장,어린이·가족,,대장
250816_01,리듬 오브 더 라이트 '캔들라이트 콘서트',2025,20250816,1,운영대장,대중,,대장
250816_02,뮤지컬 한글용사 아이야 새로운 이야기 <달라도 친구야!>,2025,20250816,6,운영대장,어린이·가족,,대장
250823_01,타악앙상블 META의 '프랙탈',2025,20250823,1,운영대장,클래식,,대장
250827_01,라벨 150주년 기념 음악회 with Festival M. Ravel,2025,20250827,1,운영대장,클래식,,대장
250829_01,판타지 가족오페라 <신비한 시간여행>,2025,20250829,1,운영대장,클래식,,대장
250830_01,KBS교향악단과 함께하는 제9회 여수음악제 개막연주회 - 마에스트로 정명훈의 ‘환상교향곡’,2025,20250830,1,운영대장,클래식,,대장
250831_01,KBS교향악단과 함께하는 제9회 여수음악제 - 백윤학 지휘자와 함께하는 패밀리 판타지 콘서트,2025,20250831,1,운영대장,클래식,,대장
250831_02,KBS교향악단과 함께하는 제9회 여수음악제 - 임산부를 위한 찾아가는 음악회,2025,20250831,1,운영대장,클래식,,대장
250902_01,KBS교향악단과 함께하는 제9회 여수음악제 - 프랑스 정통 피아니스트 장 에플랑 바부제의 ‘The French’,2025,20250902,1,운영대장,클래식,,대장
250903_01,KBS교향악단과 함께하는 제9회 여수음악제 - 팬텀싱어 우승자 테너 유채훈의 ‘Solus’,2025,20250903,1,운영대장,클래식,,대장
250904_01,열혈건반 <쇼팽 그리고 쇼팽>,2025,20250904,1,운영대장,클래식,,대장
250905_01,KBS교향악단과 함께하는 제9회 여수음악제 - 한국을 대표하는 베이스 바리톤 사무엘 윤의 ‘토크 콘서트’,2025,20250905,1,운영대장,클래식,,대장
250906_01,KBS교향악단과 함께하는 제9회 여수음악제 폐막연주회 - 새로운 도전 ‘카바코스의 쇼스타코비치’,2025,20250906,1,운영대장,클래식,,대장
250911_01,브런치 콘서트 <꼬리에 꼬리를 무는 클래식>,2025,20250911,1,운영대장,클래식,,대장
250913_01,뮤지컬 사랑의 하츄핑,2025,20250913,6,운영대장,어린이·가족,,대장
250918_01,뮤지컬 <설민석의 한국사 대모험 : 안중근>,2025,20250918,6,운영대장,어린이·가족,,대장
250923_01,트리오제이와 친구들 '클래식톡톡',2025,20250923,1,운영대장,클래식,,대장
250926_01,"연극 어느, 어느날",2025,20250926,4,운영대장,발레/연극,,대장
251002_01,"사랑의 성자 산돌 손양원, 베토벤을 만나다",2025,20251002,1,운영대장,클래식,,대장
251011_01,지브리와 사랑에 빠지다 : 지브리 영화음악 콘서트 2025 - 여수 앙코르,2025,20251011,1,운영대장,대중,,대장
251014_01,제49회 여수예술제,2025,20251014,1,운영대장,클래식,,대장
251017_01,2025 실내악 페스티벌 Pre Festival Concert,2025,20251017,1,운영대장,클래식,,대장
251018_01,창작오페라 침묵 1948,2025,20251018,2,운영대장,클래식,,대장
251021_01,제14회 한독국제교류유진청소년 정기연주회,2025,20251021,1,운영대장,클래식,,대장
251023_01,2025 실내악 페스티벌 <동유럽의 춤>,2025,20251023,4,운영대장,클래식,,대장
251028_01,제12회 전남학교예술교육페스티벌_대극장,2025,20251028,6,운영대장,클래식,,대장
251031_01,제12회 전남학교예술교육페스티벌_소극장,2025,20251031,2,운영대장,기타,,대장
251101_01,2025 V.O.S 전국투어콘서트 <동창회>,2025,20251101,1,운영대장,대중,,대장
251104_01,제11회 여수학생 오케스트라 페스티벌,2025,20251104,2,운영대장,클래식,,대장
251104_02,제49회 여수예술제 한국음악협회 여수지부,2025,20251104,1,운영대장,클래식,,대장
251107_01,"여수시립합창단 제87회 정기연주회 네 개의 색, 하나의 노래",2025,20251107,1,운영대장,클래식,,대장
251108_01,소프라노 박준영 리사이틀 ‘물결 위의 선율,2025,20251108,1,운영대장,클래식,,대장
251113_01,여수시립국악단 제47회 정기공연,2025,20251113,1,운영대장,기타,,대장
251115_01,2025 헬로! 오페라 <오페라 하이라이트>,2025,20251115,1,운영대장,클래식,,대장
251122_01,2025 뮤지컬 <킹키부츠>,2025,20251122,4,운영대장,뮤지컬,,대장
251127_01,연극 <내일은 내일에게>,2025,20251127,6,운영대장,발레/연극,,대장
251204_01,2025 예울마루 브런치콘서트_ <크리스마스가 우리 마을에>,2025,20251204,1,운영대장,클래식,,대장
251207_01,OPERA 인턴해녀 PROJECT,2025,20251207,2,운영대장,기타,,대장
251211_01,여수전남교원오케스트라 제17회 정기연주회,2025,20251211,1,운영대장,클래식,,대장
251213_01,우주매직쇼,2025,20251213,4,운영대장,대중,,대장
251213_02,2025 애양청소년 오케스트라 제10회 정기연주회,2025,20251213,1,운영대장,클래식,,대장
251214_01,"신혜미 가야금 독주회 '숨 쉬는 장단, 노해하는 숲'",2025,20251214,1,운영대장,클래식,,대장
251218_01,여수시립합창단과 함께하는 2025년 송년음악회 <HANDAL'S MESSIAH>,2025,20251218,1,운영대장,클래식,,대장
251219_01,뮤지컬 <김종욱 찾기>,2025,20251219,10,운영대장,뮤지컬,,대장
251220_01,2025 여수영재교육원오케스트라 정기연주회,2025,20251220,1,운영대장,클래식,,대장
251225_01,2025 크리스마스 특별공연 발레 <호두까기 인형>,2025,20251225,2,운영대장,발레/연극,,대장
260109_01,2026 신년음악회,2026,20260109,1,운영대장,클래식,,대장
260124_01,뮤지컬 <미세스 다웃파이어>,2026,20260124,4,운영대장,뮤지컬,,대장
260409_01,2026 브런치 콘서트 Ⅰ <클래식과 함께 하는 미술관 여행 Ⅰ>,2026,20260409,1,마스터,클래식,,대장
260416_01,"2026 실내악페스티벌 <실내악, 그 이상의 세계>",2026,20260416,4,마스터,클래식,,대장
260507_01,김영욱×콜레기움 무지쿰 서울 <8 Seasons>,2026,20260507,1,마스터,,,미상
260514_01,어린이 뮤지컬 <100층짜리 집>,2026,20260514,6,마스터,어린이·가족,,대장
260523_01,한국페스티발앙상블 <세상에서 가장 편한 음악>,2026,20260523,1,마스터,클래식,,대장
260530_01,국립심포니오케스트라 <피터와 늑대 & 어미 거위>,2026,20260530,1,마스터,클래식,,대장
260604_01,2026 브런치 콘서트 Ⅱ <클래식과 함께 하는 미술관 여행 Ⅱ>,2026,20260604,1,마스터,클래식,,대장
260613_01,연극 <노인의 꿈>,2026,20260613,1,마스터,,,미상
260619_01,2026 헬로!오페라 <세비야의 이발사>,2026,20260619,2,마스터,클래식,,대장
,,,,,,,,
