ID,수신자,종류,트리거,이전,이후,사유,참조번호,참조요약,KST,읽음,제목
smoke-c2-1,ZZTEST,general,smoke,A,B,C2 backend smoke,0,x,2026-06-01 12:00:00,False,
smoke-c2-2,ZZTEST,general,smoke2,A,B,kst format test,H42,x,2026-06-01 12:34,TRUE,
m1782970032995-v3n4,Jordan Hayes 05274,일반,예정→완료,예정,완료,,90,2026-07-02 인스타그램 브런치 티켓오픈 안내,2026-07-02 05:27,FALSE,
m1783061369972-y5ib,Avery Reed 08336,일반,예정→완료,예정,완료,,99,2026-07-03 문자 브런치 콘서트 T/O,2026-07-03 06:49,TRUE,
m1783061380365-upz1,Cameron Lane 09790,일반,예정→완료,예정,완료,,97,2026-07-03 인스타그램 티켓 오픈,2026-07-03 06:49,FALSE,
m1783065835819-7x7k,Cameron Lane 09790,일반,예정→완료,예정,완료,,97,2026-07-03 인스타그램 티켓 오픈,2026-07-03 08:03,FALSE,
m1783065998616-zsvi,Cameron Lane 09790,일반,예정→완료,예정,완료,,114,2026-07-03 인스타그램 브런치 콘서트 티켓 오픈 홍보 릴스,2026-07-03 08:06,FALSE,
m1783066806621-m3ta,Jordan Hayes 05274,중요,취소,예정,취소,ㄱ,89,2026-07-03 카카오톡 브런치 콘서트 T/O,2026-07-03 08:20,FALSE,
m1783145671048-a1dr,Avery Reed 08336,중요,불편사항 접수,Jordan Bennett 22946,기능 제안,🗣️ 불편사항이 접수됐어요,q1783145666656-602k,[기능 제안] 수정이 가능하면 좋겠습니다!,2026-07-04 06:14,TRUE,
m1783325053617-djmr,Jordan Hayes 05274,일반,신청중→예정,신청 중,예정,,96,46213 인스타그램 티켓 오픈,2026-07-06 08:04,FALSE,
m1783325068719-9w8g,Jordan Hayes 05274,일반,변경,예정,예정,관리자가 신청 내용을 변경했어요,96,2026-07-10 인스타그램 티켓 오픈,2026-07-06 08:04,FALSE,
m1783400636145-7375,Jordan Bennett 22946,일반,신청중→예정,신청 중,예정,,116,46224 인스타그램 숨: 쉬는 섬,2026-07-07 05:03,FALSE,
m1783491599273-mw2b,Taylor Parker 05068,일반,신청중→예정,신청 중,예정,,118,46211 기타 창작스튜디오 입주작가 인터뷰,2026-07-08 06:19,TRUE,
m1783491614400-fd0y,Cameron Lane 09790,일반,예정→완료,예정,완료,,102,2026-07-08 인스타그램 티켓 오픈,2026-07-08 06:20,FALSE,
m1783491647933-um5o,Taylor Parker 05068,일반,예정→완료,예정,완료,,118,2026-07-08 기타 창작스튜디오 입주작가 인터뷰,2026-07-08 06:20,TRUE,
m1783497330454-90sm,Cameron Lane 09790,일반,예정→완료,예정,완료,,119,2026-07-08 블로그·맘카페 조재혁 피아노 리사이틀 블로그 포스팅,2026-07-08 07:55,TRUE,
,,,,,,,,,,,
m1783644875207-hvpp,Jordan Hayes 05274,일반,예정→완료,예정,완료,,95,2026-07-10 문자 뮤지컬 <달 샤베트> T/O,2026-07-10 00:54,FALSE,
m1783644906949-d422,Jordan Hayes 05274,일반,예정→완료,예정,완료,,95,2026-07-10 카카오톡 뮤지컬 <달 샤베트> T/O,2026-07-10 00:55,FALSE,
m1783663902743-jgvh,Jordan Hayes 05274,일반,신청중→예정,신청 중,예정,,97,46213 블로그·맘카페 티켓오픈,2026-07-10 06:11,FALSE,
m1783667327434-qooa,Jordan Hayes 05274,일반,예정→완료,예정,완료,,96,2026-07-10 인스타그램 뮤지컬 <달 샤베트> T/O,2026-07-10 07:08,FALSE,
m1783673967805-f9q4,Jordan Hayes 05274,일반,변경,예정,예정,관리자가 신청 내용을 변경했어요,97,2026-07-10 블로그·맘카페 티켓오픈,2026-07-10 08:59,FALSE,
pn-morning-97-AM2026-07-11-Cameron Lane 09790,Cameron Lane 09790,일반,홍보-당일,,,"Cameron Lane 09790님, 오늘 예정된 16:00 블로그·맘카페 「티켓오픈」를 확인해주세요.",97,2026-07-11 블로그·맘카페 티켓오픈,2026-07-11 09:30,TRUE,📣 오늘 홍보 일정이 있어요
pn-morning-104-AM2026-07-11-Cameron Lane 09790,Cameron Lane 09790,일반,홍보-당일,,,"Cameron Lane 09790님, 오늘 예정된 17:00 블로그·맘카페 「9월 브런치 콘서트 홍보」를 확인해주세요.",104,2026-07-11 블로그·맘카페 9월 브런치 콘서트 홍보,2026-07-11 09:30,FALSE,📣 오늘 홍보 일정이 있어요
pn-lead1h-97-L-Cameron Lane 09790,Cameron Lane 09790,일반,홍보-1시간전,,,"Cameron Lane 09790님, 16:00에 블로그·맘카페 「티켓오픈」 홍보가 예정되어 있습니다.",97,2026-07-11 블로그·맘카페 티켓오픈,2026-07-11 15:00,FALSE,⏰ 1시간 뒤 홍보 예정
pn-lead1h-104-L-Cameron Lane 09790,Cameron Lane 09790,일반,홍보-1시간전,,,"Cameron Lane 09790님, 17:00에 블로그·맘카페 「9월 브런치 콘서트 홍보」 홍보가 예정되어 있습니다.",104,2026-07-11 블로그·맘카페 9월 브런치 콘서트 홍보,2026-07-11 16:00,FALSE,⏰ 1시간 뒤 홍보 예정
pn-overdue-97-O0-Cameron Lane 09790,Cameron Lane 09790,중요,홍보-미완료,,,"Cameron Lane 09790님, 16:00에 블로그·맘카페 「티켓오픈」 완료하셨나요? 확인해주세요.",97,2026-07-11 블로그·맘카페 티켓오픈,2026-07-11 16:15,TRUE,🔔 홍보 완료됐나요?
m1783754721286-q040,Jordan Hayes 05274,일반,예정→완료,예정,완료,,97,2026-07-11 블로그·맘카페 티켓오픈,2026-07-11 07:25,FALSE,
pn-overdue-104-O0-Cameron Lane 09790,Cameron Lane 09790,중요,홍보-미완료,,,"Cameron Lane 09790님, 17:00에 블로그·맘카페 「9월 브런치 콘서트 홍보」 완료하셨나요? 확인해주세요.",104,2026-07-11 블로그·맘카페 9월 브런치 콘서트 홍보,2026-07-11 17:15,TRUE,🔔 홍보 완료됐나요?
pn-overdue-104-O1-Cameron Lane 09790,Cameron Lane 09790,중요,홍보-미완료,,,"Cameron Lane 09790님, 17:00에 블로그·맘카페 「9월 브런치 콘서트 홍보」 완료하셨나요? 확인해주세요.",104,2026-07-11 블로그·맘카페 9월 브런치 콘서트 홍보,2026-07-11 17:30,TRUE,🔔 홍보 완료됐나요?
pn-morning-104-AM2026-07-14-Cameron Lane 09790,Cameron Lane 09790,일반,홍보-당일,,,"Cameron Lane 09790님, 오늘 예정된 18:00 블로그·맘카페 「9월 브런치 콘서트 홍보」를 확인해주세요.",104,2026-07-14 블로그·맘카페 9월 브런치 콘서트 홍보,2026-07-14 09:30,FALSE,📣 오늘 홍보 일정이 있어요
m1783991973884-3qe3,Cameron Lane 09790,일반,예정→완료,예정,완료,,104,2026-07-14 블로그·맘카페 9월 브런치 콘서트 홍보,2026-07-14 01:19,FALSE,
pn-lead1h-118-L-Avery Reed 08336,Avery Reed 08336,일반,홍보-1시간전,,,"Avery Reed 08336님, 10:00에 문자 「고객 의견 수렴 2차 발송」 홍보가 예정되어 있습니다.",118,2026-07-15 문자 고객 의견 수렴 2차 발송,2026-07-15 09:00,FALSE,⏰ 1시간 뒤 홍보 예정
pn-morning-98-AM2026-07-15-Avery Reed 08336,Avery Reed 08336,일반,홍보-당일,,,"Avery Reed 08336님, 오늘 예정된 15:00 문자 「러커스더스쿨 T/O」를 확인해주세요.",98,2026-07-15 문자 러커스더스쿨 T/O,2026-07-15 09:30,FALSE,📣 오늘 홍보 일정이 있어요
pn-morning-99-AM2026-07-15-Cameron Lane 09790,Cameron Lane 09790,일반,홍보-당일,,,"Cameron Lane 09790님, 오늘 예정된 14:00 인스타그램 「러커스더스쿨 T/O」를 확인해주세요.",99,2026-07-15 인스타그램 러커스더스쿨 T/O,2026-07-15 09:30,TRUE,📣 오늘 홍보 일정이 있어요
pn-morning-100-AM2026-07-15-Cameron Lane 09790,Cameron Lane 09790,일반,홍보-당일,,,"Cameron Lane 09790님, 오늘 예정된 16:00 블로그·맘카페 「러커스더스쿨 T/O」를 확인해주세요.",100,2026-07-15 블로그·맘카페 러커스더스쿨 T/O,2026-07-15 09:30,FALSE,📣 오늘 홍보 일정이 있어요
pn-morning-106-AM2026-07-15-Avery Reed 08336,Avery Reed 08336,일반,홍보-당일,,,"Avery Reed 08336님, 오늘 예정된 15:50 카카오톡 「러커스더스쿨 T/O」를 확인해주세요.",106,2026-07-15 카카오톡 러커스더스쿨 T/O,2026-07-15 09:30,FALSE,📣 오늘 홍보 일정이 있어요
pn-overdue-118-O0-Avery Reed 08336,Avery Reed 08336,중요,홍보-미완료,,,"Avery Reed 08336님, 10:00에 문자 「고객 의견 수렴 2차 발송」 완료하셨나요? 확인해주세요.",118,2026-07-15 문자 고객 의견 수렴 2차 발송,2026-07-15 10:15,FALSE,🔔 홍보 완료됐나요?
pn-overdue-118-O1-Avery Reed 08336,Avery Reed 08336,중요,홍보-미완료,,,"Avery Reed 08336님, 10:00에 문자 「고객 의견 수렴 2차 발송」 완료하셨나요? 확인해주세요.",118,2026-07-15 문자 고객 의견 수렴 2차 발송,2026-07-15 10:30,FALSE,🔔 홍보 완료됐나요?
pn-overdue-118-O2-Avery Reed 08336,Avery Reed 08336,중요,홍보-미완료,,,"Avery Reed 08336님, 10:00에 문자 「고객 의견 수렴 2차 발송」 완료하셨나요? 확인해주세요.",118,2026-07-15 문자 고객 의견 수렴 2차 발송,2026-07-15 10:45,FALSE,🔔 홍보 완료됐나요?
pn-overdue-118-O3-Avery Reed 08336,Avery Reed 08336,중요,홍보-미완료,,,"Avery Reed 08336님, 10:00에 문자 「고객 의견 수렴 2차 발송」 완료하셨나요? 확인해주세요.",118,2026-07-15 문자 고객 의견 수렴 2차 발송,2026-07-15 11:00,FALSE,🔔 홍보 완료됐나요?
pn-overdue-118-O4-Avery Reed 08336,Avery Reed 08336,중요,홍보-미완료,,,"Avery Reed 08336님, 10:00에 문자 「고객 의견 수렴 2차 발송」 완료하셨나요? 확인해주세요.",118,2026-07-15 문자 고객 의견 수렴 2차 발송,2026-07-15 11:15,FALSE,🔔 홍보 완료됐나요?
pn-lead1h-99-L-Cameron Lane 09790,Cameron Lane 09790,일반,홍보-1시간전,,,"Cameron Lane 09790님, 14:00에 인스타그램 「러커스더스쿨 T/O」 홍보가 예정되어 있습니다.",99,2026-07-15 인스타그램 러커스더스쿨 T/O,2026-07-15 13:00,FALSE,⏰ 1시간 뒤 홍보 예정
m1784088409541-jwrf,Avery Reed 08336,일반,예정→완료,예정,완료,,118,2026-07-15 문자 고객 의견 수렴 2차 발송,2026-07-15 04:06,FALSE,
pn-lead1h-98-L-Avery Reed 08336,Avery Reed 08336,일반,홍보-1시간전,,,"Avery Reed 08336님, 15:00에 문자 「러커스더스쿨 T/O」 홍보가 예정되어 있습니다.",98,2026-07-15 문자 러커스더스쿨 T/O,2026-07-15 14:00,FALSE,⏰ 1시간 뒤 홍보 예정
pn-overdue-99-O0-Cameron Lane 09790,Cameron Lane 09790,중요,홍보-미완료,,,"Cameron Lane 09790님, 14:00에 인스타그램 「러커스더스쿨 T/O」 완료하셨나요? 확인해주세요.",99,2026-07-15 인스타그램 러커스더스쿨 T/O,2026-07-15 14:15,FALSE,🔔 홍보 완료됐나요?
pn-overdue-99-O1-Cameron Lane 09790,Cameron Lane 09790,중요,홍보-미완료,,,"Cameron Lane 09790님, 14:00에 인스타그램 「러커스더스쿨 T/O」 완료하셨나요? 확인해주세요.",99,2026-07-15 인스타그램 러커스더스쿨 T/O,2026-07-15 14:30,FALSE,🔔 홍보 완료됐나요?
pn-overdue-99-O2-Cameron Lane 09790,Cameron Lane 09790,중요,홍보-미완료,,,"Cameron Lane 09790님, 14:00에 인스타그램 「러커스더스쿨 T/O」 완료하셨나요? 확인해주세요.",99,2026-07-15 인스타그램 러커스더스쿨 T/O,2026-07-15 14:45,FALSE,🔔 홍보 완료됐나요?
pn-overdue-99-O3-Cameron Lane 09790,Cameron Lane 09790,중요,홍보-미완료,,,"Cameron Lane 09790님, 14:00에 인스타그램 「러커스더스쿨 T/O」 완료하셨나요? 확인해주세요.",99,2026-07-15 인스타그램 러커스더스쿨 T/O,2026-07-15 15:00,FALSE,🔔 홍보 완료됐나요?
pn-lead1h-100-L-Cameron Lane 09790,Cameron Lane 09790,일반,홍보-1시간전,,,"Cameron Lane 09790님, 16:00에 블로그·맘카페 「러커스더스쿨 T/O」 홍보가 예정되어 있습니다.",100,2026-07-15 블로그·맘카페 러커스더스쿨 T/O,2026-07-15 15:00,FALSE,⏰ 1시간 뒤 홍보 예정
pn-lead1h-106-L-Avery Reed 08336,Avery Reed 08336,일반,홍보-1시간전,,,"Avery Reed 08336님, 15:50에 카카오톡 「러커스더스쿨 T/O」 홍보가 예정되어 있습니다.",106,2026-07-15 카카오톡 러커스더스쿨 T/O,2026-07-15 15:00,FALSE,⏰ 1시간 뒤 홍보 예정
pn-overdue-98-O0-Avery Reed 08336,Avery Reed 08336,중요,홍보-미완료,,,"Avery Reed 08336님, 15:00에 문자 「러커스더스쿨 T/O」 완료하셨나요? 확인해주세요.",98,2026-07-15 문자 러커스더스쿨 T/O,2026-07-15 15:15,FALSE,🔔 홍보 완료됐나요?
pn-overdue-99-O4-Cameron Lane 09790,Cameron Lane 09790,중요,홍보-미완료,,,"Cameron Lane 09790님, 14:00에 인스타그램 「러커스더스쿨 T/O」 완료하셨나요? 확인해주세요.",99,2026-07-15 인스타그램 러커스더스쿨 T/O,2026-07-15 15:15,TRUE,🔔 홍보 완료됐나요?
pn-overdue-98-O1-Avery Reed 08336,Avery Reed 08336,중요,홍보-미완료,,,"Avery Reed 08336님, 15:00에 문자 「러커스더스쿨 T/O」 완료하셨나요? 확인해주세요.",98,2026-07-15 문자 러커스더스쿨 T/O,2026-07-15 15:30,FALSE,🔔 홍보 완료됐나요?
pn-overdue-98-O2-Avery Reed 08336,Avery Reed 08336,중요,홍보-미완료,,,"Avery Reed 08336님, 15:00에 문자 「러커스더스쿨 T/O」 완료하셨나요? 확인해주세요.",98,2026-07-15 문자 러커스더스쿨 T/O,2026-07-15 15:45,FALSE,🔔 홍보 완료됐나요?
pn-overdue-98-O3-Avery Reed 08336,Avery Reed 08336,중요,홍보-미완료,,,"Avery Reed 08336님, 15:00에 문자 「러커스더스쿨 T/O」 완료하셨나요? 확인해주세요.",98,2026-07-15 문자 러커스더스쿨 T/O,2026-07-15 16:00,TRUE,🔔 홍보 완료됐나요?
pn-overdue-98-O4-Avery Reed 08336,Avery Reed 08336,중요,홍보-미완료,,,"Avery Reed 08336님, 15:00에 문자 「러커스더스쿨 T/O」 완료하셨나요? 확인해주세요.",98,2026-07-15 문자 러커스더스쿨 T/O,2026-07-15 16:15,TRUE,🔔 홍보 완료됐나요?
pn-overdue-100-O0-Cameron Lane 09790,Cameron Lane 09790,중요,홍보-미완료,,,"Cameron Lane 09790님, 16:00에 블로그·맘카페 「러커스더스쿨 T/O」 완료하셨나요? 확인해주세요.",100,2026-07-15 블로그·맘카페 러커스더스쿨 T/O,2026-07-15 16:15,FALSE,🔔 홍보 완료됐나요?
pn-overdue-106-O0-Avery Reed 08336,Avery Reed 08336,중요,홍보-미완료,,,"Avery Reed 08336님, 15:50에 카카오톡 「러커스더스쿨 T/O」 완료하셨나요? 확인해주세요.",106,2026-07-15 카카오톡 러커스더스쿨 T/O,2026-07-15 16:15,TRUE,🔔 홍보 완료됐나요?
m1784100091237-hb26,Avery Reed 08336,일반,예정→완료,예정,완료,,106,2026-07-15 카카오톡 러커스더스쿨 T/O,2026-07-15 07:21,FALSE,
m1784100105939-ai4i,Jordan Hayes 05274,일반,예정→완료,예정,완료,,99,2026-07-15 인스타그램 러커스더스쿨 T/O,2026-07-15 07:21,FALSE,
pn-overdue-100-O1-Cameron Lane 09790,Cameron Lane 09790,중요,홍보-미완료,,,"Cameron Lane 09790님, 16:00에 블로그·맘카페 「러커스더스쿨 T/O」 완료하셨나요? 확인해주세요.",100,2026-07-15 블로그·맘카페 러커스더스쿨 T/O,2026-07-15 16:30,TRUE,🔔 홍보 완료됐나요?
m1784101007255-ixu0,Jordan Hayes 05274,일반,예정→완료,예정,완료,,98,2026-07-15 문자 러커스더스쿨 T/O,2026-07-15 07:36,FALSE,
pn-overdue-100-O2-Cameron Lane 09790,Cameron Lane 09790,중요,홍보-미완료,,,"Cameron Lane 09790님, 16:00에 블로그·맘카페 「러커스더스쿨 T/O」 완료하셨나요? 확인해주세요.",100,2026-07-15 블로그·맘카페 러커스더스쿨 T/O,2026-07-15 16:45,FALSE,🔔 홍보 완료됐나요?
pn-overdue-100-O3-Cameron Lane 09790,Cameron Lane 09790,중요,홍보-미완료,,,"Cameron Lane 09790님, 16:00에 블로그·맘카페 「러커스더스쿨 T/O」 완료하셨나요? 확인해주세요.",100,2026-07-15 블로그·맘카페 러커스더스쿨 T/O,2026-07-15 17:00,FALSE,🔔 홍보 완료됐나요?
pn-overdue-100-O4-Cameron Lane 09790,Cameron Lane 09790,중요,홍보-미완료,,,"Cameron Lane 09790님, 16:00에 블로그·맘카페 「러커스더스쿨 T/O」 완료하셨나요? 확인해주세요.",100,2026-07-15 블로그·맘카페 러커스더스쿨 T/O,2026-07-15 17:15,TRUE,🔔 홍보 완료됐나요?
m1784105286414-5sg4,Jordan Hayes 05274,일반,예정→완료,예정,완료,,100,2026-07-15 블로그·맘카페 러커스더스쿨 T/O,2026-07-15 08:48,FALSE,
m1784591825722-r5kd,Jordan Hayes 05274,일반,변경,예정,예정,관리자가 신청 내용을 변경했어요,109,2026-07-22 인스타그램 그날들 T/O,2026-07-20 23:57,FALSE,
m1784591849069-9ibu,Jordan Hayes 05274,일반,변경,예정,예정,관리자가 신청 내용을 변경했어요,109,2026-07-22 인스타그램 피아노피아노 T/O,2026-07-20 23:57,FALSE,
m1784591870166-tub0,Avery Reed 08336,일반,변경,예정,예정,관리자가 신청 내용을 변경했어요,107,2026-07-22 문자 그날들 티켓오픈,2026-07-20 23:57,FALSE,
m1784591911711-282c,Avery Reed 08336,일반,변경,예정,예정,관리자가 신청 내용을 변경했어요,108,2026-07-22 카카오톡 그날들 T/O,2026-07-20 23:58,FALSE,
pn-unassigned-88-L-Avery Reed 08336,Avery Reed 08336,일반,홍보-미지정,,,오늘 10:00 카카오톡 「GS칼텍스 예울마루 기획전시 <숨:쉬는 SUM> 오픈」 홍보에 지정된 담당자가 없으니 확인해주세요.,88,2026-07-21 카카오톡 GS칼텍스 예울마루 기획전시 <숨:쉬는 SUM> 오픈,2026-07-21 09:00,TRUE,📣 담당자 미지정 홍보가 있어요
pn-unassigned-88-L-Cameron Lane 09790,Cameron Lane 09790,일반,홍보-미지정,,,오늘 10:00 카카오톡 「GS칼텍스 예울마루 기획전시 <숨:쉬는 SUM> 오픈」 홍보에 지정된 담당자가 없으니 확인해주세요.,88,2026-07-21 카카오톡 GS칼텍스 예울마루 기획전시 <숨:쉬는 SUM> 오픈,2026-07-21 09:00,TRUE,📣 담당자 미지정 홍보가 있어요
pn-unassigned-116-L-Avery Reed 08336,Avery Reed 08336,일반,홍보-미지정,,,오늘 10:00 인스타그램 「숨: 쉬는 섬」 홍보에 지정된 담당자가 없으니 확인해주세요.,116,2026-07-21 인스타그램 숨: 쉬는 섬,2026-07-21 09:00,FALSE,📣 담당자 미지정 홍보가 있어요
pn-unassigned-116-L-Cameron Lane 09790,Cameron Lane 09790,일반,홍보-미지정,,,오늘 10:00 인스타그램 「숨: 쉬는 섬」 홍보에 지정된 담당자가 없으니 확인해주세요.,116,2026-07-21 인스타그램 숨: 쉬는 섬,2026-07-21 09:00,TRUE,📣 담당자 미지정 홍보가 있어요
m1784592124492-9qg9,Cameron Foster 06326,일반,변경,예정,예정,관리자가 신청 내용을 변경했어요,88,2026-07-21 카카오톡 GS칼텍스 예울마루 기획전시 <숨:쉬는 SUM> 오픈,2026-07-21 00:02,TRUE,
m1784592143720-cmpi,Jordan Bennett 22946,일반,변경,예정,예정,관리자가 신청 내용을 변경했어요,116,2026-07-21 인스타그램 숨: 쉬는 섬,2026-07-21 00:02,FALSE,
pn-lead1h-88-L-Avery Reed 08336,Avery Reed 08336,일반,홍보-1시간전,,,"Avery Reed 08336님, 10:00에 카카오톡 「GS칼텍스 예울마루 기획전시 <숨:쉬는 SUM> 오픈」 홍보가 예정되어 있습니다.",88,2026-07-21 카카오톡 GS칼텍스 예울마루 기획전시 <숨:쉬는 SUM> 오픈,2026-07-21 09:16,FALSE,⏰ 1시간 뒤 홍보 예정
pn-lead1h-116-L-Cameron Lane 09790,Cameron Lane 09790,일반,홍보-1시간전,,,"Cameron Lane 09790님, 10:00에 인스타그램 「숨: 쉬는 섬」 홍보가 예정되어 있습니다.",116,2026-07-21 인스타그램 숨: 쉬는 섬,2026-07-21 09:16,TRUE,⏰ 1시간 뒤 홍보 예정
m1784594176001-9z0l,Jordan Hayes 05274,일반,변경,예정,예정,관리자가 신청 내용을 변경했어요,109,2026-07-22 인스타그램 피아노피아노 T/O,2026-07-21 00:36,FALSE,
m1784594201298-6dv4,Jordan Hayes 05274,일반,변경,예정,예정,관리자가 신청 내용을 변경했어요,109,2026-07-22 인스타그램 피아노피아노 T/O,2026-07-21 00:36,FALSE,
pn-overdue-88-O0-Avery Reed 08336,Avery Reed 08336,중요,홍보-미완료,,,"Avery Reed 08336님, 10:00에 카카오톡 「GS칼텍스 예울마루 기획전시 <숨:쉬는 SUM> 오픈」 완료하셨나요? 확인해주세요.",88,2026-07-21 카카오톡 GS칼텍스 예울마루 기획전시 <숨:쉬는 SUM> 오픈,2026-07-21 10:16,FALSE,🔔 홍보 완료됐나요?
pn-overdue-116-O0-Cameron Lane 09790,Cameron Lane 09790,중요,홍보-미완료,,,"Cameron Lane 09790님, 10:00에 인스타그램 「숨: 쉬는 섬」 완료하셨나요? 확인해주세요.",116,2026-07-21 인스타그램 숨: 쉬는 섬,2026-07-21 10:16,TRUE,🔔 홍보 완료됐나요?
pn-overdue-88-O1-Avery Reed 08336,Avery Reed 08336,중요,홍보-미완료,,,"Avery Reed 08336님, 10:00에 카카오톡 「GS칼텍스 예울마루 기획전시 <숨:쉬는 SUM> 오픈」 완료하셨나요? 확인해주세요.",88,2026-07-21 카카오톡 GS칼텍스 예울마루 기획전시 <숨:쉬는 SUM> 오픈,2026-07-21 10:31,TRUE,🔔 홍보 완료됐나요?
pn-overdue-116-O1-Cameron Lane 09790,Cameron Lane 09790,중요,홍보-미완료,,,"Cameron Lane 09790님, 10:00에 인스타그램 「숨: 쉬는 섬」 완료하셨나요? 확인해주세요.",116,2026-07-21 인스타그램 숨: 쉬는 섬,2026-07-21 10:31,TRUE,🔔 홍보 완료됐나요?
m1784597983107-r6ak,Jordan Bennett 22946,일반,예정→완료,예정,완료,,116,2026-07-21 인스타그램 숨: 쉬는 섬,2026-07-21 01:39,TRUE,
m1784598379571-atr0,Avery Reed 08336,일반,변경,예정,예정,관리자가 신청 내용을 변경했어요,107,2026-07-22 문자 피아노피아노 티켓오픈,2026-07-21 01:46,FALSE,
m1784598490059-t8ey,Avery Reed 08336,일반,변경,예정,예정,관리자가 신청 내용을 변경했어요,107,2026-07-22 문자 피아노피아노 티켓오픈,2026-07-21 01:48,FALSE,
pn-overdue-88-O3-Avery Reed 08336,Avery Reed 08336,중요,홍보-미완료,,,"Avery Reed 08336님, 10:00에 카카오톡 「GS칼텍스 예울마루 기획전시 <숨:쉬는 SUM> 오픈」 완료하셨나요? 확인해주세요.",88,2026-07-21 카카오톡 GS칼텍스 예울마루 기획전시 <숨:쉬는 SUM> 오픈,2026-07-21 11:01,TRUE,🔔 홍보 완료됐나요?
pn-overdue-88-O4-Avery Reed 08336,Avery Reed 08336,중요,홍보-미완료,,,"Avery Reed 08336님, 10:00에 카카오톡 「GS칼텍스 예울마루 기획전시 <숨:쉬는 SUM> 오픈」 완료하셨나요? 확인해주세요.",88,2026-07-21 카카오톡 GS칼텍스 예울마루 기획전시 <숨:쉬는 SUM> 오픈,2026-07-21 11:16,TRUE,🔔 홍보 완료됐나요?
m1784606064404-1u4x,Cameron Foster 06326,일반,예정→완료,예정,완료,,88,2026-07-21 카카오톡 GS칼텍스 예울마루 기획전시 <숨:쉬는 SUM> 오픈,2026-07-21 03:54,TRUE,
m1784606993489-ocvw,Cameron Lane 09790,중요,취소,예정,취소,-,121,2026-07-24 문자 그날들 T/O,2026-07-21 04:09,TRUE,
m1784607015912-qkqx,Cameron Lane 09790,일반,변경,예정,예정,관리자가 신청 내용을 변경했어요,120,2026-07-24 카카오톡 그날들 T/O,2026-07-21 04:10,TRUE,
m1784609996061-by9s,Avery Reed 08336,일반,변경,예정,예정,관리자가 신청 내용을 변경했어요,130,2026-07-23 문자 그날들,2026-07-21 04:59,TRUE,
pn-morning-107-AM2026-07-22-Avery Reed 08336,Avery Reed 08336,일반,홍보-당일,,,"Avery Reed 08336님, 오늘 예정된 15:00 문자 「피아노피아노 티켓오픈」를 확인해주세요.",107,2026-07-22 문자 피아노피아노 티켓오픈,2026-07-22 09:31,TRUE,📣 오늘 홍보 일정이 있어요
pn-unassigned-108-AM2026-07-22-Avery Reed 08336,Avery Reed 08336,일반,홍보-미지정,,,오늘 15:50 카카오톡 「피아노피아노 T/O」 홍보에 지정된 담당자가 없으니 확인해주세요.,108,2026-07-22 카카오톡 피아노피아노 T/O,2026-07-22 09:31,FALSE,📣 담당자 미지정 홍보가 있어요
pn-unassigned-108-AM2026-07-22-Cameron Lane 09790,Cameron Lane 09790,일반,홍보-미지정,,,오늘 15:50 카카오톡 「피아노피아노 T/O」 홍보에 지정된 담당자가 없으니 확인해주세요.,108,2026-07-22 카카오톡 피아노피아노 T/O,2026-07-22 09:31,FALSE,📣 담당자 미지정 홍보가 있어요
pn-unassigned-109-AM2026-07-22-Avery Reed 08336,Avery Reed 08336,일반,홍보-미지정,,,오늘 16:00 인스타그램 「피아노피아노 T/O」 홍보에 지정된 담당자가 없으니 확인해주세요.,109,2026-07-22 인스타그램 피아노피아노 T/O,2026-07-22 09:31,FALSE,📣 담당자 미지정 홍보가 있어요
pn-unassigned-109-AM2026-07-22-Cameron Lane 09790,Cameron Lane 09790,일반,홍보-미지정,,,오늘 16:00 인스타그램 「피아노피아노 T/O」 홍보에 지정된 담당자가 없으니 확인해주세요.,109,2026-07-22 인스타그램 피아노피아노 T/O,2026-07-22 09:31,FALSE,📣 담당자 미지정 홍보가 있어요
pn-morning-122-AM2026-07-22-Cameron Lane 09790,Cameron Lane 09790,일반,홍보-당일,,,"Cameron Lane 09790님, 오늘 예정된 17:00 블로그·맘카페 「피아노피아노 홍보 포스팅」를 확인해주세요.",122,2026-07-22 블로그·맘카페 피아노피아노 홍보 포스팅,2026-07-22 09:31,FALSE,📣 오늘 홍보 일정이 있어요
pn-lead1h-107-L-Avery Reed 08336,Avery Reed 08336,일반,홍보-1시간전,,,"Avery Reed 08336님, 15:00에 문자 「피아노피아노 티켓오픈」 홍보가 예정되어 있습니다.",107,2026-07-22 문자 피아노피아노 티켓오픈,2026-07-22 14:01,FALSE,⏰ 1시간 뒤 홍보 예정
pn-unassigned-108-L-Avery Reed 08336,Avery Reed 08336,일반,홍보-미지정,,,오늘 15:50 카카오톡 「피아노피아노 T/O」 홍보에 지정된 담당자가 없으니 확인해주세요.,108,2026-07-22 카카오톡 피아노피아노 T/O,2026-07-22 15:01,FALSE,📣 담당자 미지정 홍보가 있어요
pn-unassigned-108-L-Cameron Lane 09790,Cameron Lane 09790,일반,홍보-미지정,,,오늘 15:50 카카오톡 「피아노피아노 T/O」 홍보에 지정된 담당자가 없으니 확인해주세요.,108,2026-07-22 카카오톡 피아노피아노 T/O,2026-07-22 15:01,FALSE,📣 담당자 미지정 홍보가 있어요
pn-unassigned-109-L-Avery Reed 08336,Avery Reed 08336,일반,홍보-미지정,,,오늘 16:00 인스타그램 「피아노피아노 T/O」 홍보에 지정된 담당자가 없으니 확인해주세요.,109,2026-07-22 인스타그램 피아노피아노 T/O,2026-07-22 15:01,FALSE,📣 담당자 미지정 홍보가 있어요
pn-unassigned-109-L-Cameron Lane 09790,Cameron Lane 09790,일반,홍보-미지정,,,오늘 16:00 인스타그램 「피아노피아노 T/O」 홍보에 지정된 담당자가 없으니 확인해주세요.,109,2026-07-22 인스타그램 피아노피아노 T/O,2026-07-22 15:01,FALSE,📣 담당자 미지정 홍보가 있어요
pn-overdue-107-O0-Avery Reed 08336,Avery Reed 08336,중요,홍보-미완료,,,"Avery Reed 08336님, 15:00에 문자 「피아노피아노 티켓오픈」 완료하셨나요? 확인해주세요.",107,2026-07-22 문자 피아노피아노 티켓오픈,2026-07-22 15:16,FALSE,🔔 홍보 완료됐나요?
pn-overdue-107-O1-Avery Reed 08336,Avery Reed 08336,중요,홍보-미완료,,,"Avery Reed 08336님, 15:00에 문자 「피아노피아노 티켓오픈」 완료하셨나요? 확인해주세요.",107,2026-07-22 문자 피아노피아노 티켓오픈,2026-07-22 15:31,FALSE,🔔 홍보 완료됐나요?
pn-overdue-107-O2-Avery Reed 08336,Avery Reed 08336,중요,홍보-미완료,,,"Avery Reed 08336님, 15:00에 문자 「피아노피아노 티켓오픈」 완료하셨나요? 확인해주세요.",107,2026-07-22 문자 피아노피아노 티켓오픈,2026-07-22 15:46,FALSE,🔔 홍보 완료됐나요?
pn-overdue-107-O3-Avery Reed 08336,Avery Reed 08336,중요,홍보-미완료,,,"Avery Reed 08336님, 15:00에 문자 「피아노피아노 티켓오픈」 완료하셨나요? 확인해주세요.",107,2026-07-22 문자 피아노피아노 티켓오픈,2026-07-22 16:01,FALSE,🔔 홍보 완료됐나요?
pn-lead1h-122-L-Cameron Lane 09790,Cameron Lane 09790,일반,홍보-1시간전,,,"Cameron Lane 09790님, 17:00에 블로그·맘카페 「피아노피아노 홍보 포스팅」 홍보가 예정되어 있습니다.",122,2026-07-22 블로그·맘카페 피아노피아노 홍보 포스팅,2026-07-22 16:01,FALSE,⏰ 1시간 뒤 홍보 예정
pn-overdue-107-O4-Avery Reed 08336,Avery Reed 08336,중요,홍보-미완료,,,"Avery Reed 08336님, 15:00에 문자 「피아노피아노 티켓오픈」 완료하셨나요? 확인해주세요.",107,2026-07-22 문자 피아노피아노 티켓오픈,2026-07-22 16:16,FALSE,🔔 홍보 완료됐나요?
pn-overdue-108-O0-Avery Reed 08336,Avery Reed 08336,중요,홍보-미완료,,,"Avery Reed 08336님, 15:50에 카카오톡 「피아노피아노 T/O」 완료하셨나요? 확인해주세요.",108,2026-07-22 카카오톡 피아노피아노 T/O,2026-07-22 16:16,FALSE,🔔 홍보 완료됐나요?
pn-overdue-108-O0-Cameron Lane 09790,Cameron Lane 09790,중요,홍보-미완료,,,"Cameron Lane 09790님, 15:50에 카카오톡 「피아노피아노 T/O」 완료하셨나요? 확인해주세요.",108,2026-07-22 카카오톡 피아노피아노 T/O,2026-07-22 16:16,FALSE,🔔 홍보 완료됐나요?
pn-overdue-109-O0-Avery Reed 08336,Avery Reed 08336,중요,홍보-미완료,,,"Avery Reed 08336님, 16:00에 인스타그램 「피아노피아노 T/O」 완료하셨나요? 확인해주세요.",109,2026-07-22 인스타그램 피아노피아노 T/O,2026-07-22 16:16,FALSE,🔔 홍보 완료됐나요?
pn-overdue-109-O0-Cameron Lane 09790,Cameron Lane 09790,중요,홍보-미완료,,,"Cameron Lane 09790님, 16:00에 인스타그램 「피아노피아노 T/O」 완료하셨나요? 확인해주세요.",109,2026-07-22 인스타그램 피아노피아노 T/O,2026-07-22 16:16,FALSE,🔔 홍보 완료됐나요?
pn-overdue-108-O1-Avery Reed 08336,Avery Reed 08336,중요,홍보-미완료,,,"Avery Reed 08336님, 15:50에 카카오톡 「피아노피아노 T/O」 완료하셨나요? 확인해주세요.",108,2026-07-22 카카오톡 피아노피아노 T/O,2026-07-22 16:31,FALSE,🔔 홍보 완료됐나요?
pn-overdue-108-O1-Cameron Lane 09790,Cameron Lane 09790,중요,홍보-미완료,,,"Cameron Lane 09790님, 15:50에 카카오톡 「피아노피아노 T/O」 완료하셨나요? 확인해주세요.",108,2026-07-22 카카오톡 피아노피아노 T/O,2026-07-22 16:31,FALSE,🔔 홍보 완료됐나요?
pn-overdue-109-O1-Avery Reed 08336,Avery Reed 08336,중요,홍보-미완료,,,"Avery Reed 08336님, 16:00에 인스타그램 「피아노피아노 T/O」 완료하셨나요? 확인해주세요.",109,2026-07-22 인스타그램 피아노피아노 T/O,2026-07-22 16:31,FALSE,🔔 홍보 완료됐나요?
pn-overdue-109-O1-Cameron Lane 09790,Cameron Lane 09790,중요,홍보-미완료,,,"Cameron Lane 09790님, 16:00에 인스타그램 「피아노피아노 T/O」 완료하셨나요? 확인해주세요.",109,2026-07-22 인스타그램 피아노피아노 T/O,2026-07-22 16:31,FALSE,🔔 홍보 완료됐나요?
pn-overdue-108-O2-Avery Reed 08336,Avery Reed 08336,중요,홍보-미완료,,,"Avery Reed 08336님, 15:50에 카카오톡 「피아노피아노 T/O」 완료하셨나요? 확인해주세요.",108,2026-07-22 카카오톡 피아노피아노 T/O,2026-07-22 16:46,FALSE,🔔 홍보 완료됐나요?
pn-overdue-108-O2-Cameron Lane 09790,Cameron Lane 09790,중요,홍보-미완료,,,"Cameron Lane 09790님, 15:50에 카카오톡 「피아노피아노 T/O」 완료하셨나요? 확인해주세요.",108,2026-07-22 카카오톡 피아노피아노 T/O,2026-07-22 16:46,FALSE,🔔 홍보 완료됐나요?
pn-overdue-109-O2-Avery Reed 08336,Avery Reed 08336,중요,홍보-미완료,,,"Avery Reed 08336님, 16:00에 인스타그램 「피아노피아노 T/O」 완료하셨나요? 확인해주세요.",109,2026-07-22 인스타그램 피아노피아노 T/O,2026-07-22 16:46,FALSE,🔔 홍보 완료됐나요?
pn-overdue-109-O2-Cameron Lane 09790,Cameron Lane 09790,중요,홍보-미완료,,,"Cameron Lane 09790님, 16:00에 인스타그램 「피아노피아노 T/O」 완료하셨나요? 확인해주세요.",109,2026-07-22 인스타그램 피아노피아노 T/O,2026-07-22 16:46,FALSE,🔔 홍보 완료됐나요?
pn-overdue-108-O3-Avery Reed 08336,Avery Reed 08336,중요,홍보-미완료,,,"Avery Reed 08336님, 15:50에 카카오톡 「피아노피아노 T/O」 완료하셨나요? 확인해주세요.",108,2026-07-22 카카오톡 피아노피아노 T/O,2026-07-22 17:01,FALSE,🔔 홍보 완료됐나요?
pn-overdue-108-O3-Cameron Lane 09790,Cameron Lane 09790,중요,홍보-미완료,,,"Cameron Lane 09790님, 15:50에 카카오톡 「피아노피아노 T/O」 완료하셨나요? 확인해주세요.",108,2026-07-22 카카오톡 피아노피아노 T/O,2026-07-22 17:01,FALSE,🔔 홍보 완료됐나요?
pn-overdue-109-O3-Avery Reed 08336,Avery Reed 08336,중요,홍보-미완료,,,"Avery Reed 08336님, 16:00에 인스타그램 「피아노피아노 T/O」 완료하셨나요? 확인해주세요.",109,2026-07-22 인스타그램 피아노피아노 T/O,2026-07-22 17:01,FALSE,🔔 홍보 완료됐나요?
pn-overdue-109-O3-Cameron Lane 09790,Cameron Lane 09790,중요,홍보-미완료,,,"Cameron Lane 09790님, 16:00에 인스타그램 「피아노피아노 T/O」 완료하셨나요? 확인해주세요.",109,2026-07-22 인스타그램 피아노피아노 T/O,2026-07-22 17:01,FALSE,🔔 홍보 완료됐나요?
pn-overdue-108-O4-Avery Reed 08336,Avery Reed 08336,중요,홍보-미완료,,,"Avery Reed 08336님, 15:50에 카카오톡 「피아노피아노 T/O」 완료하셨나요? 확인해주세요.",108,2026-07-22 카카오톡 피아노피아노 T/O,2026-07-22 17:16,FALSE,🔔 홍보 완료됐나요?
pn-overdue-108-O4-Cameron Lane 09790,Cameron Lane 09790,중요,홍보-미완료,,,"Cameron Lane 09790님, 15:50에 카카오톡 「피아노피아노 T/O」 완료하셨나요? 확인해주세요.",108,2026-07-22 카카오톡 피아노피아노 T/O,2026-07-22 17:16,FALSE,🔔 홍보 완료됐나요?
pn-overdue-109-O4-Avery Reed 08336,Avery Reed 08336,중요,홍보-미완료,,,"Avery Reed 08336님, 16:00에 인스타그램 「피아노피아노 T/O」 완료하셨나요? 확인해주세요.",109,2026-07-22 인스타그램 피아노피아노 T/O,2026-07-22 17:16,FALSE,🔔 홍보 완료됐나요?
pn-overdue-109-O4-Cameron Lane 09790,Cameron Lane 09790,중요,홍보-미완료,,,"Cameron Lane 09790님, 16:00에 인스타그램 「피아노피아노 T/O」 완료하셨나요? 확인해주세요.",109,2026-07-22 인스타그램 피아노피아노 T/O,2026-07-22 17:16,FALSE,🔔 홍보 완료됐나요?
pn-overdue-122-O0-Cameron Lane 09790,Cameron Lane 09790,중요,홍보-미완료,,,"Cameron Lane 09790님, 17:00에 블로그·맘카페 「피아노피아노 홍보 포스팅」 완료하셨나요? 확인해주세요.",122,2026-07-22 블로그·맘카페 피아노피아노 홍보 포스팅,2026-07-22 17:16,FALSE,🔔 홍보 완료됐나요?
pn-overdue-122-O1-Cameron Lane 09790,Cameron Lane 09790,중요,홍보-미완료,,,"Cameron Lane 09790님, 17:00에 블로그·맘카페 「피아노피아노 홍보 포스팅」 완료하셨나요? 확인해주세요.",122,2026-07-22 블로그·맘카페 피아노피아노 홍보 포스팅,2026-07-22 17:31,TRUE,🔔 홍보 완료됐나요?
pn-overdue-122-O2-Cameron Lane 09790,Cameron Lane 09790,중요,홍보-미완료,,,"Cameron Lane 09790님, 17:00에 블로그·맘카페 「피아노피아노 홍보 포스팅」 완료하셨나요? 확인해주세요.",122,2026-07-22 블로그·맘카페 피아노피아노 홍보 포스팅,2026-07-22 17:46,TRUE,🔔 홍보 완료됐나요?
m1784710456858-5fbb,Jordan Hayes 05274,일반,예정→완료,예정,완료,,109,2026-07-22 인스타그램 피아노피아노 T/O,2026-07-22 08:54,FALSE,
m1784710490448-plue,Avery Reed 08336,일반,예정→완료,예정,완료,,108,2026-07-22 카카오톡 피아노피아노 T/O,2026-07-22 08:54,TRUE,
m1784710498634-6scb,Avery Reed 08336,일반,예정→완료,예정,완료,,107,2026-07-22 문자 피아노피아노 티켓오픈,2026-07-22 08:54,TRUE,
m1784710466343-mmvt,Cameron Lane 09790,일반,예정→완료,예정,완료,,122,2026-07-22 블로그·맘카페 피아노피아노 홍보 포스팅,2026-07-22 08:54,FALSE,
pn-morning-119-AM2026-07-23-Cameron Lane 09790,Cameron Lane 09790,일반,홍보-당일,,,"Cameron Lane 09790님, 오늘 예정된 16:00 인스타그램 「그날들 T/O」를 확인해주세요.",119,2026-07-23 인스타그램 그날들 T/O,2026-07-23 09:31,TRUE,📣 오늘 홍보 일정이 있어요
pn-morning-130-AM2026-07-23-Avery Reed 08336,Avery Reed 08336,일반,홍보-당일,,,"Avery Reed 08336님, 오늘 예정된 16:00 문자 「그날들」를 확인해주세요.",130,2026-07-23 문자 그날들,2026-07-23 09:31,TRUE,📣 오늘 홍보 일정이 있어요
m1784772433469-x41f,Avery Brooks 06336,일반,신청중→예정,신청 중,예정,,131,46232 문자 다음 달 월간 일정 문자 발송,2026-07-23 02:07,FALSE,
m1784772456796-wqw9,Avery Brooks 06336,일반,변경,예정,예정,관리자가 신청 내용을 변경했어요,131,2026-07-29 문자 다음 달 월간 일정 문자 발송,2026-07-23 02:07,FALSE,
pn-lead1h-119-L-Cameron Lane 09790,Cameron Lane 09790,일반,홍보-1시간전,,,"Cameron Lane 09790님, 16:00에 인스타그램 「그날들 T/O」 홍보가 예정되어 있습니다.",119,2026-07-23 인스타그램 그날들 T/O,2026-07-23 15:01,TRUE,⏰ 1시간 뒤 홍보 예정
pn-lead1h-130-L-Avery Reed 08336,Avery Reed 08336,일반,홍보-1시간전,,,"Avery Reed 08336님, 16:00에 문자 「그날들」 홍보가 예정되어 있습니다.",130,2026-07-23 문자 그날들,2026-07-23 15:01,TRUE,⏰ 1시간 뒤 홍보 예정
m1784787407544-lkpz,Cameron Lane 09790,일반,예정→완료,예정,완료,,119,2026-07-23 인스타그램 그날들 T/O,2026-07-23 06:16,TRUE,
pn-overdue-130-O0-Avery Reed 08336,Avery Reed 08336,중요,홍보-미완료,,,"Avery Reed 08336님, 16:00에 문자 「그날들」 완료하셨나요? 확인해주세요.",130,2026-07-23 문자 그날들,2026-07-23 16:16,FALSE,🔔 홍보 완료됐나요?
pn-overdue-130-O1-Avery Reed 08336,Avery Reed 08336,중요,홍보-미완료,,,"Avery Reed 08336님, 16:00에 문자 「그날들」 완료하셨나요? 확인해주세요.",130,2026-07-23 문자 그날들,2026-07-23 16:31,FALSE,🔔 홍보 완료됐나요?
pn-overdue-130-O2-Avery Reed 08336,Avery Reed 08336,중요,홍보-미완료,,,"Avery Reed 08336님, 16:00에 문자 「그날들」 완료하셨나요? 확인해주세요.",130,2026-07-23 문자 그날들,2026-07-23 16:46,TRUE,🔔 홍보 완료됐나요?
pn-overdue-130-O3-Avery Reed 08336,Avery Reed 08336,중요,홍보-미완료,,,"Avery Reed 08336님, 16:00에 문자 「그날들」 완료하셨나요? 확인해주세요.",130,2026-07-23 문자 그날들,2026-07-23 17:01,TRUE,🔔 홍보 완료됐나요?
pn-overdue-130-O4-Avery Reed 08336,Avery Reed 08336,중요,홍보-미완료,,,"Avery Reed 08336님, 16:00에 문자 「그날들」 완료하셨나요? 확인해주세요.",130,2026-07-23 문자 그날들,2026-07-23 17:16,TRUE,🔔 홍보 완료됐나요?
pn-morning-120-AM2026-07-24-Avery Reed 08336,Avery Reed 08336,일반,홍보-당일,,,"Avery Reed 08336님, 오늘 예정된 15:00 카카오톡 「그날들 T/O」를 확인해주세요.",120,2026-07-24 카카오톡 그날들 T/O,2026-07-24 09:31,TRUE,📣 오늘 홍보 일정이 있어요
pn-morning-123-AM2026-07-24-Cameron Lane 09790,Cameron Lane 09790,일반,홍보-당일,,,"Cameron Lane 09790님, 오늘 예정된 17:00 블로그·맘카페 「그날들 홍보 포스팅」를 확인해주세요.",123,2026-07-24 블로그·맘카페 그날들 홍보 포스팅,2026-07-24 09:31,TRUE,📣 오늘 홍보 일정이 있어요
pn-lead1h-120-L-Avery Reed 08336,Avery Reed 08336,일반,홍보-1시간전,,,"Avery Reed 08336님, 15:00에 카카오톡 「그날들 T/O」 홍보가 예정되어 있습니다.",120,2026-07-24 카카오톡 그날들 T/O,2026-07-24 14:01,TRUE,⏰ 1시간 뒤 홍보 예정
pn-overdue-120-O0-Avery Reed 08336,Avery Reed 08336,중요,홍보-미완료,,,"Avery Reed 08336님, 15:00에 카카오톡 「그날들 T/O」 완료하셨나요? 확인해주세요.",120,2026-07-24 카카오톡 그날들 T/O,2026-07-24 15:16,TRUE,🔔 홍보 완료됐나요?
pn-overdue-120-O1-Avery Reed 08336,Avery Reed 08336,중요,홍보-미완료,,,"Avery Reed 08336님, 15:00에 카카오톡 「그날들 T/O」 완료하셨나요? 확인해주세요.",120,2026-07-24 카카오톡 그날들 T/O,2026-07-24 15:31,TRUE,🔔 홍보 완료됐나요?
pn-lead1h-132-L-Cameron Lane 09790,Cameron Lane 09790,일반,홍보-1시간전,,,"Cameron Lane 09790님, 16:00에 인스타그램 「그날들 티켓오픈 홍보」 홍보가 예정되어 있습니다.",132,2026-07-24 인스타그램 그날들 티켓오픈 홍보,2026-07-24 15:31,FALSE,⏰ 1시간 뒤 홍보 예정
pn-overdue-120-O2-Avery Reed 08336,Avery Reed 08336,중요,홍보-미완료,,,"Avery Reed 08336님, 15:00에 카카오톡 「그날들 T/O」 완료하셨나요? 확인해주세요.",120,2026-07-24 카카오톡 그날들 T/O,2026-07-24 15:46,TRUE,🔔 홍보 완료됐나요?
pn-overdue-120-O3-Avery Reed 08336,Avery Reed 08336,중요,홍보-미완료,,,"Avery Reed 08336님, 15:00에 카카오톡 「그날들 T/O」 완료하셨나요? 확인해주세요.",120,2026-07-24 카카오톡 그날들 T/O,2026-07-24 16:01,TRUE,🔔 홍보 완료됐나요?
pn-lead1h-123-L-Cameron Lane 09790,Cameron Lane 09790,일반,홍보-1시간전,,,"Cameron Lane 09790님, 17:00에 블로그·맘카페 「그날들 홍보 포스팅」 홍보가 예정되어 있습니다.",123,2026-07-24 블로그·맘카페 그날들 홍보 포스팅,2026-07-24 16:01,FALSE,⏰ 1시간 뒤 홍보 예정
pn-overdue-120-O4-Avery Reed 08336,Avery Reed 08336,중요,홍보-미완료,,,"Avery Reed 08336님, 15:00에 카카오톡 「그날들 T/O」 완료하셨나요? 확인해주세요.",120,2026-07-24 카카오톡 그날들 T/O,2026-07-24 16:16,TRUE,🔔 홍보 완료됐나요?
pn-overdue-132-O0-Cameron Lane 09790,Cameron Lane 09790,중요,홍보-미완료,,,"Cameron Lane 09790님, 16:00에 인스타그램 「그날들 티켓오픈 홍보」 완료하셨나요? 확인해주세요.",132,2026-07-24 인스타그램 그날들 티켓오픈 홍보,2026-07-24 16:16,FALSE,🔔 홍보 완료됐나요?
m1784878035025-gce2,Cameron Lane 09790,일반,예정→완료,예정,완료,,120,2026-07-24 카카오톡 그날들 T/O,2026-07-24 07:27,FALSE,
m1784878051916-rlfa,Cameron Lane 09790,일반,예정→완료,예정,완료,,132,2026-07-24 인스타그램 그날들 티켓오픈 홍보,2026-07-24 07:27,FALSE,
pn-overdue-123-O0-Cameron Lane 09790,Cameron Lane 09790,중요,홍보-미완료,,,"Cameron Lane 09790님, 17:00에 블로그·맘카페 「그날들 홍보 포스팅」 완료하셨나요? 확인해주세요.",123,2026-07-24 블로그·맘카페 그날들 홍보 포스팅,2026-07-24 17:16,FALSE,🔔 홍보 완료됐나요?
pn-overdue-123-O1-Cameron Lane 09790,Cameron Lane 09790,중요,홍보-미완료,,,"Cameron Lane 09790님, 17:00에 블로그·맘카페 「그날들 홍보 포스팅」 완료하셨나요? 확인해주세요.",123,2026-07-24 블로그·맘카페 그날들 홍보 포스팅,2026-07-24 17:31,FALSE,🔔 홍보 완료됐나요?
pn-overdue-123-O2-Cameron Lane 09790,Cameron Lane 09790,중요,홍보-미완료,,,"Cameron Lane 09790님, 17:00에 블로그·맘카페 「그날들 홍보 포스팅」 완료하셨나요? 확인해주세요.",123,2026-07-24 블로그·맘카페 그날들 홍보 포스팅,2026-07-24 17:46,FALSE,🔔 홍보 완료됐나요?
pn-overdue-123-O3-Cameron Lane 09790,Cameron Lane 09790,중요,홍보-미완료,,,"Cameron Lane 09790님, 17:00에 블로그·맘카페 「그날들 홍보 포스팅」 완료하셨나요? 확인해주세요.",123,2026-07-24 블로그·맘카페 그날들 홍보 포스팅,2026-07-24 18:01,FALSE,🔔 홍보 완료됐나요?
pn-overdue-123-O4-Cameron Lane 09790,Cameron Lane 09790,중요,홍보-미완료,,,"Cameron Lane 09790님, 17:00에 블로그·맘카페 「그날들 홍보 포스팅」 완료하셨나요? 확인해주세요.",123,2026-07-24 블로그·맘카페 그날들 홍보 포스팅,2026-07-24 18:16,FALSE,🔔 홍보 완료됐나요?
m1784937376522-3rso,Cameron Lane 09790,일반,예정→완료,예정,완료,,123,2026-07-24 블로그·맘카페 그날들 홍보 포스팅,2026-07-24 23:56,FALSE,
m1784944877481-y0l0,Cameron Lane 09790,중요,취소,예정,취소,-,124,2026-07-28 문자 섬 박람회 T/O,2026-07-25 02:01,TRUE,
m1784944903593-2acv,Cameron Lane 09790,중요,취소,예정,취소,ㅇ,126,2026-07-28 인스타그램 섬 박람회 T/O,2026-07-25 02:01,FALSE,
pn-morning-125-AM2026-07-28-Avery Reed 08336,Avery Reed 08336,일반,홍보-당일,,,"Avery Reed 08336님, 오늘 예정된 15:50 카카오톡 「섬 박람회 T/O」를 확인해주세요.",125,2026-07-28 카카오톡 섬 박람회 T/O,2026-07-28 09:30,FALSE,📣 오늘 홍보 일정이 있어요
pn-morning-127-AM2026-07-28-Cameron Lane 09790,Cameron Lane 09790,일반,홍보-당일,,,"Cameron Lane 09790님, 오늘 예정된 17:00 블로그·맘카페 「섬 박람회 홍보 포스팅」를 확인해주세요.",127,2026-07-28 블로그·맘카페 섬 박람회 홍보 포스팅,2026-07-28 09:30,TRUE,📣 오늘 홍보 일정이 있어요
m1785200494622-zo7r,Cameron Lane 09790,중요,취소,예정,취소,-,127,2026-07-28 블로그·맘카페 섬 박람회 홍보 포스팅,2026-07-28 01:01,FALSE,
m1785200535781-cohj,Cameron Lane 09790,중요,취소,예정,취소,pp,125,2026-07-28 카카오톡 섬 박람회 T/O,2026-07-28 01:02,TRUE,
pn-overdue-136-O0-Avery Reed 08336,Avery Reed 08336,중요,홍보-미완료,,,"Avery Reed 08336님, 10:00에 인스타그램 「그날들 인스타그램 캐스팅 메인페이지에 9블록」 완료하셨나요? 확인해주세요.",136,2026-07-28 인스타그램 그날들 인스타그램 캐스팅 메인페이지에 9블록,2026-07-28 10:15,TRUE,🔔 홍보 완료됐나요?
pn-overdue-136-O0-Cameron Lane 09790,Cameron Lane 09790,중요,홍보-미완료,,,"Cameron Lane 09790님, 10:00에 인스타그램 「그날들 인스타그램 캐스팅 메인페이지에 9블록」 완료하셨나요? 확인해주세요.",136,2026-07-28 인스타그램 그날들 인스타그램 캐스팅 메인페이지에 9블록,2026-07-28 10:15,FALSE,🔔 홍보 완료됐나요?
pn-overdue-136-O1-Avery Reed 08336,Avery Reed 08336,중요,홍보-미완료,,,"Avery Reed 08336님, 10:00에 인스타그램 「그날들 인스타그램 캐스팅 메인페이지에 9블록」 완료하셨나요? 확인해주세요.",136,2026-07-28 인스타그램 그날들 인스타그램 캐스팅 메인페이지에 9블록,2026-07-28 10:30,FALSE,🔔 홍보 완료됐나요?
pn-overdue-136-O1-Cameron Lane 09790,Cameron Lane 09790,중요,홍보-미완료,,,"Cameron Lane 09790님, 10:00에 인스타그램 「그날들 인스타그램 캐스팅 메인페이지에 9블록」 완료하셨나요? 확인해주세요.",136,2026-07-28 인스타그램 그날들 인스타그램 캐스팅 메인페이지에 9블록,2026-07-28 10:30,FALSE,🔔 홍보 완료됐나요?
pn-overdue-136-O2-Avery Reed 08336,Avery Reed 08336,중요,홍보-미완료,,,"Avery Reed 08336님, 10:00에 인스타그램 「그날들 인스타그램 캐스팅 메인페이지에 9블록」 완료하셨나요? 확인해주세요.",136,2026-07-28 인스타그램 그날들 인스타그램 캐스팅 메인페이지에 9블록,2026-07-28 10:45,FALSE,🔔 홍보 완료됐나요?
pn-overdue-136-O2-Cameron Lane 09790,Cameron Lane 09790,중요,홍보-미완료,,,"Cameron Lane 09790님, 10:00에 인스타그램 「그날들 인스타그램 캐스팅 메인페이지에 9블록」 완료하셨나요? 확인해주세요.",136,2026-07-28 인스타그램 그날들 인스타그램 캐스팅 메인페이지에 9블록,2026-07-28 10:45,FALSE,🔔 홍보 완료됐나요?
pn-overdue-136-O3-Avery Reed 08336,Avery Reed 08336,중요,홍보-미완료,,,"Avery Reed 08336님, 10:00에 인스타그램 「그날들 인스타그램 캐스팅 메인페이지에 9블록」 완료하셨나요? 확인해주세요.",136,2026-07-28 인스타그램 그날들 인스타그램 캐스팅 메인페이지에 9블록,2026-07-28 11:00,TRUE,🔔 홍보 완료됐나요?
pn-overdue-136-O3-Cameron Lane 09790,Cameron Lane 09790,중요,홍보-미완료,,,"Cameron Lane 09790님, 10:00에 인스타그램 「그날들 인스타그램 캐스팅 메인페이지에 9블록」 완료하셨나요? 확인해주세요.",136,2026-07-28 인스타그램 그날들 인스타그램 캐스팅 메인페이지에 9블록,2026-07-28 11:00,TRUE,🔔 홍보 완료됐나요?
pn-overdue-136-O4-Avery Reed 08336,Avery Reed 08336,중요,홍보-미완료,,,"Avery Reed 08336님, 10:00에 인스타그램 「그날들 인스타그램 캐스팅 메인페이지에 9블록」 완료하셨나요? 확인해주세요.",136,2026-07-28 인스타그램 그날들 인스타그램 캐스팅 메인페이지에 9블록,2026-07-28 11:16,TRUE,🔔 홍보 완료됐나요?
pn-overdue-136-O4-Cameron Lane 09790,Cameron Lane 09790,중요,홍보-미완료,,,"Cameron Lane 09790님, 10:00에 인스타그램 「그날들 인스타그램 캐스팅 메인페이지에 9블록」 완료하셨나요? 확인해주세요.",136,2026-07-28 인스타그램 그날들 인스타그램 캐스팅 메인페이지에 9블록,2026-07-28 11:16,TRUE,🔔 홍보 완료됐나요?
m1785223144822-f9v7,Avery Reed 08336,일반,예정→완료,예정,완료,,136,2026-07-28 인스타그램 그날들 인스타그램 캐스팅 메인페이지에 9블록,2026-07-28 07:19,TRUE,
pn-unassigned-131-AM2026-07-29-Avery Reed 08336,Avery Reed 08336,일반,홍보-미지정,,,오늘 11:00 문자 「8월 월간 일정」 홍보에 지정된 담당자가 없으니 확인해주세요.,131,2026-07-29 문자 8월 월간 일정,2026-07-29 09:30,TRUE,📣 담당자 미지정 홍보가 있어요
pn-unassigned-131-AM2026-07-29-Cameron Lane 09790,Cameron Lane 09790,일반,홍보-미지정,,,오늘 11:00 문자 「8월 월간 일정」 홍보에 지정된 담당자가 없으니 확인해주세요.,131,2026-07-29 문자 8월 월간 일정,2026-07-29 09:30,FALSE,📣 담당자 미지정 홍보가 있어요
pn-unassigned-131-L-Avery Reed 08336,Avery Reed 08336,일반,홍보-미지정,,,오늘 11:00 문자 「8월 월간 일정」 홍보에 지정된 담당자가 없으니 확인해주세요.,131,2026-07-29 문자 8월 월간 일정,2026-07-29 10:00,TRUE,📣 담당자 미지정 홍보가 있어요
pn-unassigned-131-L-Cameron Lane 09790,Cameron Lane 09790,일반,홍보-미지정,,,오늘 11:00 문자 「8월 월간 일정」 홍보에 지정된 담당자가 없으니 확인해주세요.,131,2026-07-29 문자 8월 월간 일정,2026-07-29 10:00,FALSE,📣 담당자 미지정 홍보가 있어요
pn-overdue-131-O0-Avery Reed 08336,Avery Reed 08336,중요,홍보-미완료,,,"Avery Reed 08336님, 11:00에 문자 「8월 월간 일정」 완료하셨나요? 확인해주세요.",131,2026-07-29 문자 8월 월간 일정,2026-07-29 11:16,TRUE,🔔 홍보 완료됐나요?
pn-overdue-131-O0-Cameron Lane 09790,Cameron Lane 09790,중요,홍보-미완료,,,"Cameron Lane 09790님, 11:00에 문자 「8월 월간 일정」 완료하셨나요? 확인해주세요.",131,2026-07-29 문자 8월 월간 일정,2026-07-29 11:16,FALSE,🔔 홍보 완료됐나요?
pn-overdue-131-O1-Avery Reed 08336,Avery Reed 08336,중요,홍보-미완료,,,"Avery Reed 08336님, 11:00에 문자 「8월 월간 일정」 완료하셨나요? 확인해주세요.",131,2026-07-29 문자 8월 월간 일정,2026-07-29 11:30,TRUE,🔔 홍보 완료됐나요?
pn-overdue-131-O1-Cameron Lane 09790,Cameron Lane 09790,중요,홍보-미완료,,,"Cameron Lane 09790님, 11:00에 문자 「8월 월간 일정」 완료하셨나요? 확인해주세요.",131,2026-07-29 문자 8월 월간 일정,2026-07-29 11:30,TRUE,🔔 홍보 완료됐나요?
m1785292658188-lda8,Avery Brooks 06336,일반,예정→완료,예정,완료,,131,2026-07-29 문자 8월 월간 일정,2026-07-29 02:37,FALSE,
pn-morning-137-AM2026-07-29-Cameron Lane 09790,Cameron Lane 09790,일반,홍보-당일,,,"Cameron Lane 09790님, 오늘 예정된 17:00 인스타그램 「그날들 쇼츠 홍보」를 확인해주세요.",137,2026-07-29 인스타그램 그날들 쇼츠 홍보,2026-07-29 14:45,TRUE,📣 오늘 홍보 일정이 있어요
pn-lead1h-137-L-Cameron Lane 09790,Cameron Lane 09790,일반,홍보-1시간전,,,"Cameron Lane 09790님, 16:30에 인스타그램 「브런치 Ⅲ 파트 3 홍보물」 홍보가 예정되어 있습니다.",137,2026-07-29 인스타그램 브런치 Ⅲ 파트 3 홍보물,2026-07-29 16:15,TRUE,⏰ 1시간 뒤 홍보 예정
m1785310581548-bb99,Cameron Lane 09790,일반,예정→완료,예정,완료,,137,2026-07-29 인스타그램 브런치 Ⅲ 파트 3 홍보물,2026-07-29 07:36,FALSE,
pn-morning-128-AM2026-07-30-Avery Reed 08336,Avery Reed 08336,일반,홍보-당일,,,"Avery Reed 08336님, 오늘 예정된 15:00 문자 「트리플 빌 T/O」를 확인해주세요.",128,2026-07-30 문자 트리플 빌 T/O,2026-07-30 09:30,FALSE,📣 오늘 홍보 일정이 있어요
pn-morning-129-AM2026-07-30-Cameron Lane 09790,Cameron Lane 09790,일반,홍보-당일,,,"Cameron Lane 09790님, 오늘 예정된 16:00 인스타그램 「트리플 빌 T/O」를 확인해주세요.",129,2026-07-30 인스타그램 트리플 빌 T/O,2026-07-30 09:30,FALSE,📣 오늘 홍보 일정이 있어요
pn-lead1h-128-L-Avery Reed 08336,Avery Reed 08336,일반,홍보-1시간전,,,"Avery Reed 08336님, 15:00에 문자 「트리플 빌 T/O」 홍보가 예정되어 있습니다.",128,2026-07-30 문자 트리플 빌 T/O,2026-07-30 14:00,FALSE,⏰ 1시간 뒤 홍보 예정
pn-lead1h-129-L-Cameron Lane 09790,Cameron Lane 09790,일반,홍보-1시간전,,,"Cameron Lane 09790님, 16:00에 인스타그램 「트리플 빌 T/O」 홍보가 예정되어 있습니다.",129,2026-07-30 인스타그램 트리플 빌 T/O,2026-07-30 15:00,TRUE,⏰ 1시간 뒤 홍보 예정
pn-overdue-128-O0-Avery Reed 08336,Avery Reed 08336,중요,홍보-미완료,,,"Avery Reed 08336님, 15:00에 문자 「트리플 빌 T/O」 완료하셨나요? 확인해주세요.",128,2026-07-30 문자 트리플 빌 T/O,2026-07-30 15:15,FALSE,🔔 홍보 완료됐나요?
pn-overdue-128-O1-Avery Reed 08336,Avery Reed 08336,중요,홍보-미완료,,,"Avery Reed 08336님, 15:00에 문자 「트리플 빌 T/O」 완료하셨나요? 확인해주세요.",128,2026-07-30 문자 트리플 빌 T/O,2026-07-30 15:30,FALSE,🔔 홍보 완료됐나요?
pn-overdue-128-O2-Avery Reed 08336,Avery Reed 08336,중요,홍보-미완료,,,"Avery Reed 08336님, 15:00에 문자 「트리플 빌 T/O」 완료하셨나요? 확인해주세요.",128,2026-07-30 문자 트리플 빌 T/O,2026-07-30 15:45,TRUE,🔔 홍보 완료됐나요?
pn-overdue-128-O3-Avery Reed 08336,Avery Reed 08336,중요,홍보-미완료,,,"Avery Reed 08336님, 15:00에 문자 「트리플 빌 T/O」 완료하셨나요? 확인해주세요.",128,2026-07-30 문자 트리플 빌 T/O,2026-07-30 16:00,TRUE,🔔 홍보 완료됐나요?
pn-overdue-128-O4-Avery Reed 08336,Avery Reed 08336,중요,홍보-미완료,,,"Avery Reed 08336님, 15:00에 문자 「트리플 빌 T/O」 완료하셨나요? 확인해주세요.",128,2026-07-30 문자 트리플 빌 T/O,2026-07-30 16:15,TRUE,🔔 홍보 완료됐나요?
pn-overdue-129-O0-Cameron Lane 09790,Cameron Lane 09790,중요,홍보-미완료,,,"Cameron Lane 09790님, 16:00에 인스타그램 「트리플 빌 T/O」 완료하셨나요? 확인해주세요.",129,2026-07-30 인스타그램 트리플 빌 T/O,2026-07-30 16:15,FALSE,🔔 홍보 완료됐나요?
pn-overdue-129-O1-Cameron Lane 09790,Cameron Lane 09790,중요,홍보-미완료,,,"Cameron Lane 09790님, 16:00에 인스타그램 「트리플 빌 T/O」 완료하셨나요? 확인해주세요.",129,2026-07-30 인스타그램 트리플 빌 T/O,2026-07-30 16:30,TRUE,🔔 홍보 완료됐나요?
m1785397468229-irv4,Cameron Lane 09790,일반,예정→완료,예정,완료,,129,2026-07-30 인스타그램 트리플 빌 T/O,2026-07-30 07:44,FALSE,
m1785397481294-g6m8,Cameron Lane 09790,일반,예정→완료,예정,완료,,128,2026-07-30 카카오톡 트리플 빌 T/O,2026-07-30 07:44,FALSE,
m1785397493074-176f,Cameron Lane 09790,일반,예정→완료,예정,완료,,128,2026-07-30 문자 트리플 빌 T/O,2026-07-30 07:44,FALSE,
m1785808388659-4owq,Cameron Foster 06326,일반,신청중→예정,신청 중,예정,,143,46248 카카오톡 숨쉬는섬,2026-08-04 01:53,TRUE,
m1785833261667-fe6b,Avery Reed 08336,일반,예정→완료,예정,완료,,142,2026-08-04 카카오톡 뮤지컬 <그날들> 쇼츠,2026-08-04 08:47,TRUE,
m1785833306722-2l94,Avery Reed 08336,일반,예정→완료,예정,완료,,144,2026-08-04 인스타그램 그날들 내가 지키지 못한 것,2026-08-04 08:48,TRUE,
m1785887573976-c845,Cameron Lane 09790,일반,예정→완료,예정,완료,,169,2026-08-04 인스타그램 조재혁 리사이틀 홍보,2026-08-04 23:52,TRUE,
m1785895599425-k7dy,Cameron Lane 09790,일반,예정→완료,예정,완료,,170,2026-08-05 기타 안민환 작가 인터뷰 카드뉴스 컨펌,2026-08-05 02:06,FALSE,
m1786001630157-rb2d,Cameron Lane 09790,일반,변경,예정,예정,관리자가 신청 내용을 변경했어요,169,2026-08-06 카카오톡 피아노피아노 홍보,2026-08-06 07:33,TRUE,
m1786060699166-odpx,Cameron Lane 09790,일반,예정→완료,예정,완료,,169,2026-08-06 인스타그램 피아노피아노 홍보,2026-08-06 23:58,FALSE,
m1786060714677-f56h,Cameron Lane 09790,일반,예정→완료,예정,완료,,169,2026-08-06 카카오톡 피아노피아노 홍보,2026-08-06 23:58,TRUE,
m1786063814293-0ea4,Cameron Lane 09790,일반,예정→완료,예정,완료,,174,2026-08-07 인스타그램 숨쉬는섬 홍보 릴스,2026-08-07 00:50,FALSE,
m1786064439358-z751,Jordan Hayes 05274,일반,신청중→예정,신청 중,예정,,175,46248 인스타그램 브런치콘서트 반값에 보는 법?!,2026-08-07 01:00,FALSE,
m1786087761432-cblk,Avery Reed 08336,일반,예정→완료,예정,완료,,138,2026-08-07 문자 여수 섬 박람회 기념 T/O,2026-08-07 07:29,FALSE,
m1786088646277-kvcy,Avery Reed 08336,일반,예정→완료,예정,완료,,139,2026-08-07 인스타그램 여수 섬 박람회 기념 T/O,2026-08-07 07:44,TRUE,
m1786166506888-6js8,Jordan Hayes 05274,일반,예정→완료,예정,완료,,175,2026-08-08 인스타그램 브런치콘서트 반값에 보는 법?!,2026-08-08 05:21,FALSE,
m1786437695826-l7gj,Cameron Lane 09790,일반,예정→완료,예정,완료,,175,2026-08-11 인스타그램 그날들 홍보물,2026-08-11 08:41,FALSE,
m1786493441546-wdgq,Jordan Hayes 05274,일반,예정→완료,예정,완료,,93,2026-07-08 카카오톡 조재혁 리사이틀 T/O,2026-08-12 00:10,FALSE,
m1786493472258-fstv,Jordan Hayes 05274,일반,예정→완료,예정,완료,,92,2026-07-08 문자 조재혁 리사이틀 T/O,2026-08-12 00:11,FALSE,
m1786499620611-0s0a,Cameron Foster 06326,일반,변경,예정,예정,관리자가 신청 내용을 변경했어요,143,2026-08-14 카카오톡 숨쉬는섬,2026-08-12 01:53,FALSE,
