NO,콘텐츠구분,풀네임,줄임말,판매시작일,판매종료일,시작일,종료일,담당자,장소,URL,프로그램ID,홍보시작일,구분,공동기획여부,지원사업여부,GS아트센터협업여부,회차,수익성,홍보노출,장르
1,공연,2026 신년음악회,신년음악회,2025-12-01 00:00:00,2026-01-08 00:00:00,2026-01-09 00:00:00,2026-01-09 00:00:00,Taylor Brooks 05380,대극장,https://www.yeulmaru.org/performance/v/?u=1237,260109_01,2026-01-01,클래식,0,0,0,,,,
2,공연,뮤지컬 <미세스 다웃파이어>,다웃파이어,2025-12-01 00:00:00,2026-01-23 00:00:00,2026-01-24 00:00:00,2026-01-25 00:00:00,Taylor Brooks 05380,대극장,https://www.yeulmaru.org/performance/v/?u=1238,260124_01,2026-01-01,뮤지컬(대형),1,0,0,,,,
3,전시,어린이미술전 <우리 SUM 타볼래?>,우리 SUM,2026-02-27 00:00:00,2026-06-28 00:00:00,2026-02-27 00:00:00,2026-06-28 00:00:00,Taylor Parker 05068,7층 전시실,https://www.yeulmaru.org/exhibition/v/?u=232,260227_01,2026-01-01,어린이 미술전,0,0,0,,,,
4,전시,기획전시 '섬냥이 in 장도',섬냥이,2026-03-27 00:00:00,2026-06-21 00:00:00,2026-03-27 00:00:00,2026-06-21 00:00:00,Cameron Foster 06326,장도 전시실,https://www.yeulmaru.org/exhibition/v/?u=235,260327_01,2026-01-01,장도 기획전,0,0,0,,,,
5,공연,2026 브런치 콘서트 Ⅰ <클래식과 함께 하는 미술관 여행 Ⅰ>,브런치 Ⅰ,2026-02-01 00:00:00,2026-05-01 00:00:00,2026-04-09 00:00:00,2026-04-09 00:00:00,Taylor Brooks 05380,대극장,https://www.yeulmaru.org/performance/v/?u=1249,260409_01,2026-01-01,클래식,0,0,0,,,,
6,공연,"2026 실내악페스티벌 <실내악, 그 이상의 세계>",실내악,2026-02-01 00:00:00,2026-05-02 00:00:00,2026-04-16 00:00:00,2026-04-19 00:00:00,Taylor Brooks 05380,대극장,https://www.yeulmaru.org/performance/v/?u=1248,260416_01,2026-01-01,클래식,0,0,0,,,,
7,공연,김영욱×콜레기움 무지쿰 서울 <8 Seasons>,김영욱,2026-02-01 00:00:00,2026-05-01 00:00:00,2026-05-07 00:00:00,2026-05-07 00:00:00,Jordan Hayes 05274,대극장,https://www.yeulmaru.org/performance/v/?u=1257,260507_01,2026-01-01,클래식,0,0,0,,,,
8,공연,어린이 뮤지컬 <100층짜리 집>,백층집,2026-02-01 00:00:00,2026-05-01 00:00:00,2026-05-14 00:00:00,2026-05-16 00:00:00,Taylor Brooks 05380,대극장,https://www.yeulmaru.org/performance/v/?u=1247,260514_01,2026-01-01,뮤지컬(어린이),0,0,0,,,,
9,공연,한국페스티발앙상블 <세상에서 가장 편한 음악>,편한음악,2026-05-01 00:00:00,2026-05-23 00:00:00,2026-05-23 00:00:00,2026-05-23 00:00:00,Taylor Brooks 05380,대극장,https://www.yeulmaru.org/performance/v/?u=1252,260523_01,2026-01-01,클래식,0,1,0,,,,
10,공연,국립심포니오케스트라 <피터와 늑대 & 어미 거위>,국심오케,2026-05-01 00:00:00,2026-05-30 00:00:00,2026-05-30 00:00:00,2026-05-30 00:00:00,Taylor Brooks 05380,대극장,https://www.yeulmaru.org/performance/v/?u=1254,260530_01,2026-01-01,클래식,0,0,1,,,,
11,공연,2026 브런치 콘서트 Ⅱ <클래식과 함께 하는 미술관 여행 Ⅱ>,브런치 Ⅱ,2026-05-01 00:00:00,2026-06-04 00:00:00,2026-06-04 00:00:00,2026-06-04 00:00:00,Taylor Brooks 05380,대극장,https://www.yeulmaru.org/performance/v/?u=1259,260604_01,2026-01-01,클래식,0,0,0,,,,
12,공연,연극 <노인의 꿈>,노인의 꿈,2026-05-01 00:00:00,2026-06-13 00:00:00,2026-06-13 00:00:00,2026-06-13 00:00:00,Taylor Brooks 05380,대극장,https://www.yeulmaru.org/performance/v/?u=1263,260613_01,46023,연극,1,0,0,2,상업성,Y,
13,공연,2026 헬로!오페라 <세비야의 이발사>,헬로!오페라,2026-05-01 00:00:00,2026-06-20 00:00:00,2026-06-19 00:00:00,2026-06-20 00:00:00,Jordan Hayes 05274,대극장,https://www.yeulmaru.org/performance/v/?u=1265,260619_01,46023,클래식,0,0,0,2,공공성,Y,
14,공연,브런치 콘서트 Ⅲ <현 위로 흐르는 계절>,브런치 Ⅲ,2026-07-03 00:00:00,2026-09-03 00:00:00,2026-09-03 00:00:00,2026-09-03 00:00:00,Taylor Brooks 05380,대극장,https://www.yeulmaru.org/performance/v/?u=1284,260903_01,46204,클래식,0,0,0,1,공공성,Y,
15,공연,여수세계섬박람회 기념 음악회,섬 박람회,2026-08-07 00:00:00,2026-09-10 00:00:00,2026-09-10 00:00:00,2026-09-10 00:00:00,Taylor Brooks 05380,대극장,https://www.yeulmaru.org/performance/v/?u=1296,260910_01,46204,시즌 기획,0,0,0,1,공공성,Y,클래식
16,공연,조재혁 피아노 리사이틀,조재혁,2026-07-08 00:00:00,2026-09-12 00:00:00,2026-09-12 00:00:00,2026-09-12 00:00:00,Taylor Brooks 05380,대극장,https://www.yeulmaru.org/performance/v/?u=1278,260912_01,46204,클래식,0,0,0,1,공공성,Y,
17,공연,뮤지컬 <그날들>,그날들,2026-07-24 00:00:00,2026-09-20 00:00:00,2026-09-18 00:00:00,2026-09-20 00:00:00,Taylor Brooks 05380,대극장,,260918_01,46204,뮤지컬,1,0,0,4,상업성,Y,
18,공연,뮤지컬 <달 샤베트>,달샤베트,2026-07-10 00:00:00,2026-10-04 00:00:00,2026-10-01 00:00:00,2026-10-03 00:00:00,Jordan Hayes 05274,대극장,https://www.yeulmaru.org/performance/v/?u=1286,261001_01,46204,뮤지컬(어린이),0,0,0,6,상업성,Y,
19,공연,뮤지컬 <이상한 나라의 춘자씨>,춘자씨,2026-08-12 00:00:00,2026-10-10 00:00:00,2026-10-09 00:00:00,2026-10-10 00:00:00,Taylor Brooks 05380,대극장,,261009_01,2026-07-01,뮤지컬,0,0,0,,,,
20,공연,국립현대무용단 <트리플 빌>,트리플 빌,2026-07-30 00:00:00,2026-10-14 00:00:00,2026-10-14 00:00:00,2026-10-14 00:00:00,Taylor Brooks 05380,대극장,https://www.yeulmaru.org/performance/v/?u=1289,261014_01,46204,무용,0,1,0,1,공공성,Y,
21,공연,다비드 바뱅 & 아드리앙 몽도 <피아노 & 피아노>,피아노×2,2026-07-22 00:00:00,2026-10-27 00:00:00,2026-10-27 00:00:00,2026-10-27 00:00:00,Taylor Brooks 05380,대극장,https://www.yeulmaru.org/performance/v/?u=1288,261027_01,46204,클래식,0,0,1,1,공공성,Y,클래식
22,공연,연극 <그때도 오늘>,그때도 오늘,2026-08-26 00:00:00,2026-11-07 00:00:00,2026-11-06 00:00:00,2026-11-07 00:00:00,Taylor Brooks 05380,대극장,,261106_01,,연극,0,0,0,,,,
23,공연,2026 헬로!오페라 <마술피리>,헬로!오페라,2026-09-09 00:00:00,2026-11-21 00:00:00,2026-11-20 00:00:00,2026-11-21 00:00:00,Jordan Hayes 05274,대극장,,261120_01,,클래식,0,0,0,,,,
24,공연,뮤지컬 <러커스 더 스쿨>,러커스,2026-07-15 00:00:00,2026-11-28 00:00:00,2026-11-26 00:00:00,2026-11-28 00:00:00,Jordan Hayes 05274,대극장,https://www.yeulmaru.org/performance/v/?u=1280,261126_01,46214,뮤지컬,0,0,0,6,상업성,Y,
25,공연,브런치 콘서트 Ⅳ <찬란한 시작의 울림>,브런치 Ⅳ,2026-09-03 00:00:00,2026-12-03 00:00:00,2026-12-03 00:00:00,2026-12-03 00:00:00,Taylor Brooks 05380,대극장,,261203_01,,클래식,0,0,0,,,,
26,공연,연극 <쉬어 매드니스>,쉬어매드,2026-09-16 00:00:00,2026-12-20 00:00:00,2026-12-15 00:00:00,2026-12-20 00:00:00,Jordan Hayes 05274,소극장,,261215_01,,연극,0,0,0,,,,
27,공연,발레 <호두까기 인형>,성탄 발레,2026-10-07 00:00:00,2026-12-25 00:00:00,2026-12-24 00:00:00,2026-12-25 00:00:00,Taylor Brooks 05380,대극장,,261224_01,,인문학,1,0,0,,,,
28,예술교육,화요살롱 - 이낙준,화요살롱,2026-06-02 00:00:00,2026-06-30 00:00:00,2026-06-30 00:00:00,2026-06-30 00:00:00,Avery Brooks 06336,소극장,https://www.yeulmaru.org/academy/courselist/?u=425,260630_01,46023,망마 기획전,0,0,0,,,Y,인문학
30,전시,GS칼텍스 예울마루 기획전시 <숨: 쉬는 섬>,숨쉬는섬,2026-07-21 00:00:00,2026-11-01 00:00:00,2026-07-21 00:00:00,2026-11-01 00:00:00,Cameron Foster 06326,7층 전시실,https://www.yeulmaru.org/exhibition/v/?u=236,260721_01,46204,,0,0,0,,공공성,Y,
31,공연,"18세기, 시대악기로 만나는 바로크의 정격연주",바로크 바이올린 연주,2026-08-19 00:00:00,2026-10-22 00:00:00,2026-10-22 00:00:00,2026-10-22 00:00:00,Taylor Brooks 05380,대극장,,261022_01,2026-07-01 00:00:00,기타,0,0,0,,,,
,,,,,,,,,,,,,,,,,,,,
