No,입력시간(KST),날짜,연도,월,일,요일,플랫폼 1,플랫폼 2,콘텐츠 구분,프로그램,담당 부서,콘텐츠 제목,콘텐츠 형식,콘텐츠 내용,게시 담당자,진행 상태,비고,신청자,결과_링크,결과_첨부URL,결과_비고,직전 상태,상태 변경 KST,보류사유,재신청사유,취소사유,공연ID,
,,,,,,,,,,,,,,,,,,,,,,,,,,,,
,,,,,,,,,,,,,,,,,,,,,,,,,,,,
,,,,,,,,,,,,,,,,,,,,,,,,,,,,
,,,,,,,,,,,,,,,,,,,,,,,,,,,,
,,,,,,,,,,,,,,,,,,,,,,,,,,,,
,,,,,,,,,,,,,,,,,,,,,,,,,,,,
,,,,,,,,,,,,,,,,,,,,,,,,,,,,
,,,,,,,,,,,,,,,,,,,,,,,,,,,,
,,,,,,,,,,,,,,,,,,,,,,,,,,,,
,,,,,,,,,,,,,,,,,,,,,,,,,,,,
,,,,,,,,,,,,,,,,,,,,,,,,,,,,
,,,,,,,,,,,,,,,,,,,,,,,,,,,,
,,,,,,,,,,,,,,,,,,,,,,,,,,,,
,,,,,,,,,,,,,,,,,,,,,,,,,,,,
,,,,,,,,,,,,,,,,,,,,,,,,,,,,
,,,,,,,,,,,,,,,,,,,,,,,,,,,,
,,,,,,,,,,,,,,,,,,,,,,,,,,,,
,,,,,,,,,,,,,,,,,,,,,,,,,,,,
,,,,,,,,,,,,,,,,,,,,,,,,,,,,
,,,,,,,,,,,,,,,,,,,,,,,,,,,,
,,,,,,,,,,,,,,,,,,,,,,,,,,,,
,,,,,,,,,,,,,,,,,,,,,,,,,,,,
30,2026-05-23 14:00:00,2026-05-23 00:00:00,2026,5,23,토요일,카카오톡,-,공연,국립심포니오케스트라 <피터와 늑대 & 어미 거위>,예술사업팀,KNO+전시패키지 홍보,이미지,헬로오페라 조기 오픈 마감 이미지,Avery Reed 08336,완료,,Avery Reed 08336,,,,,,,,,260530_01,
,,,,,,,,,,,,,,,,,,,,,,,,,,,,
,,,,,,,,,,,,,,,,,,,,,,,,,,,,
,,,,,,,,,,,,,,,,,,,,,,,,,,,,
,,,,,,,,,,,,,,,,,,,,,,,,,,,,
,,,,,,,,,,,,,,,,,,,,,,,,,,,,
,,,,,,,,,,,,,,,,,,,,,,,,,,,,
,,,,,,,,,,,,,,,,,,,,,,,,,,,,
,,,,,,,,,,,,,,,,,,,,,,,,,,,,
9,2026-05-20 14:00:00,2026-05-20 00:00:00,2026,5,20,수요일,블로그·맘카페,맘카페,공연,국립심포니오케스트라 <피터와 늑대 & 어미 거위>,예술사업팀,국심오케+전시 패키지 홍보,이미지,-,Cameron Lane 09790,완료,,Avery Reed 08336,,,,,,,,,260530_01,
9,2026-05-19 14:00:00,2026-05-19 00:00:00,2026,5,19,화요일,카카오톡,-,공연,한국페스티발앙상블 <세상에서 가장 편한 음악>,예술사업팀,한국페스티발앙상블 카드,이미지,,Avery Reed 08336,완료,,Avery Reed 08336,,,,,,,,,260523_01,
,,,,,,,,,,,,,,,,,,,,,,,,,,,,
,,,,,,,,,,,,,,,,,,,,,,,,,,,,
,,,,,,,,,,,,,,,,,,,,,,,,,,,,
,,,,,,,,,,,,,,,,,,,,,,,,,,,,
,,,,,,,,,,,,,,,,,,,,,,,,,,,,
,,,,,,,,,,,,,,,,,,,,,,,,,,,,
29,2026-05-22 15:30:00,2026-05-22 00:00:00,2026,5,22,금요일,인스타그램,-,전시,기획전시 '섬냥이 in 장도',예술사업팀,지역 연계 프로그램,이미지,,Cameron Lane 09790,완료,,Avery Reed 08336,,,,,,,,,,
,,,,,,,,,,,,,,,,,,,,,,,,,,,,
,,,,,,,,,,,,,,,,,,,,,,,,,,,,
,,,,,,,,,,,,,,,,,,,,,,,,,,,,
,,,,,,,,,,,,,,,,,,,,,,,,,,,,
30,2026-05-23 11:00:00,2026-05-23 00:00:00,2026,5,23,토요일,B2B,여수시청 홈페이지,공연,국립심포니오케스트라 <피터와 늑대 & 어미 거위>,예술사업팀,여수시청 홈페이지 배너 게시,이미지,-,Avery Reed 08336,완료,,Avery Reed 08336,,,,,,,,,260530_01,
,,,,,,,,,,,,,,,,,,,,,,,,,,,,
,,,,,,,,,,,,,,,,,,,,,,,,,,,,
29,2026-05-22 17:00:00,2026-05-22 00:00:00,2026,5,22,금요일,블로그·맘카페,맘카페,전시,기획전시 '섬냥이 in 장도',예술사업팀,아직도 안봤다고(?),이미지,-,Cameron Lane 09790,완료,,Avery Reed 08336,,,,,,,,,,
,,,,,,,,,,,,,,,,,,,,,,,,,,,,
17,2026-05-30 16:00:00,2026-05-30 00:00:00,2026,5,30,토요일,B2B,GS칼텍스 여수공장 인트라넷,전시,기획전시 '섬냥이 in 장도',예술사업팀,섬냥이 아이랑 오세요,이미지,전시 섬냥이 홍보 퇴근 직전,Avery Reed 08336,취소,,Avery Reed 08336,,,,예정,2026-05-30 12:19:31,,,,,
,,,,,,,,,,,,,,,,,,,,,,,,,,,,
,,,,,,,,,,,,,,,,,,,,,,,,,,,,
35,2026-05-26 14:00:00,2026-05-26 00:00:00,2026,5,26,화요일,카카오톡,-,공연,국립심포니오케스트라 <피터와 늑대 & 어미 거위>,예술사업팀,오픈된 기획 공연 홍보  캐러셀,이미지,-,Avery Reed 08336,완료,,Avery Reed 08336,,,,,,,,,260530_01,
35,2026-05-26 18:00:00,2026-05-26 00:00:00,2026,5,26,화요일,인스타그램,-,공연,국립심포니오케스트라 <피터와 늑대 & 어미 거위>,예술사업팀,국심오케 홍보,이미지,-,Cameron Lane 09790,완료,,Avery Reed 08336,,,,,,,,,260530_01,
,,,,,,,,,,,,,,,,,,,,,,,,,,,,
19,2026-05-28 11:00:00,2026-05-28 00:00:00,2026,5,28,목요일,카카오톡,-,공연,국립심포니오케스트라 <피터와 늑대 & 어미 거위>,예술사업팀,KNSO 홍보 영상,이미지,국심오케 주말 관련 콘텐츠,Avery Reed 08336,완료,,Avery Reed 08336,,,,예정,2026-05-28 14:10:40,,,,260530_01,
19,2026-05-30 14:00:00,2026-05-30 00:00:00,2026,5,30,토요일,카카오톡,-,공연,국립심포니오케스트라 <피터와 늑대 & 어미 거위>,예술사업팀,브런치 콘서트 홍보 카드,이미지,,Avery Reed 08336,완료,,Avery Reed 08336,,,,예정,2026-05-30 12:19:38,,,,260530_01,
,,,,,,,,,,,,,,,,,,,,,,,,,,,,
21,2026-05-28 15:30:00,2026-05-28 00:00:00,2026,5,28,목요일,인스타그램,-,공연,국립심포니오케스트라 <피터와 늑대 & 어미 거위>,예술사업팀,국심 소개,영상,국림심포니 소개,Avery Reed 08336,취소,[취소 사유 2026-05-27 06:12] ㅣㅣ,Avery Reed 08336,,,,예정,2026-05-27 15:12:56,,,,260530_01,
21,2026-05-30 16:30:00,2026-05-30 00:00:00,2026,5,30,토요일,B2B,GS칼텍스 여수공장 식당,공연,2026 브런치 콘서트 Ⅱ <클래식과 함께 하는 미술관 여행 Ⅱ>,예술사업팀,플랫폼 영상 변경,영상,-,Avery Reed 08336,완료,,Avery Reed 08336,,,,예정,2026-05-30 16:29:12,,,,260604_01,
,,,,,,,,,,,,,,,,,,,,,,,,,,,,
,,,,,,,,,,,,,,,,,,,,,,,,,,,,
,,,,,,,,,,,,,,,,,,,,,,,,,,,,
24,2026-05-29 14:20:00,2026-05-29 00:00:00,2026,5,29,금요일,블로그·맘카페,블로그,공연,2026 브런치 콘서트 Ⅱ <클래식과 함께 하는 미술관 여행 Ⅱ>,예술사업팀,공연 소개 브런치 2,기타,-,Cameron Lane 09790,취소,[취소 사유 2026-05-27 06:10] 00--,Avery Reed 08336,,,,예정,2026-05-27 15:10:55,,,,260604_01,
36,2026-05-27 11:00:00,2026-05-27 00:00:00,2026,5,27,수요일,인스타그램,-,공연,한국페스티발앙상블 <세상에서 가장 편한 음악>,예술사업팀,피터와늑대 어미거위 영상 홍보물,영상,-,Cameron Lane 09790,완료,,Avery Reed 08336,,,,예정,2026-05-27 16:12:25,,,,260523_01,
25,2026-05-29 15:30:00,2026-05-29 00:00:00,2026,5,29,금요일,인스타그램,-,공연,연극 <노인의 꿈>,예술사업팀,출연진 릴스(펌),영상,-,Avery Reed 08336,취소,[취소 사유 2026-05-27 06:10] -,Avery Reed 08336,,,,예정,2026-05-27 15:10:38,,,,260613_01,
26,2026-05-20 16:00:00,2026-05-20 00:00:00,2026,5,20,수요일,블로그·맘카페,블로그,공연,국립심포니오케스트라 <피터와 늑대 & 어미 거위>,예술사업팀,국심오케+전시 패키지 홍보,이미지,-,Cameron Lane 09790,완료,,Avery Reed 08336,,,,,,,,,260530_01,
,,,,,,,,,,,,,,,,,,,,,,,,,,,,
,,,,,,,,,,,,,,,,,,,,,,,,,,,,
,,,,,,,,,,,,,,,,,,,,,,,,,,,,
26,2026-05-20 18:30:00,2026-05-20 00:00:00,2026,5,20,수요일,인스타그램,-,공연,2026 헬로!오페라 <세비야의 이발사>,예술사업팀,헬로!오페라 얼리버드 할인 예매 마감 디데이,이미지,헬로!오페라 얼리버드 할인 예매 마감 디데이 안내 게시물,Cameron Lane 09790,완료,,Avery Reed 08336,,,,,,,,,260619_01,
,,,,,,,,,,,,,,,,,,,,,,,,,,,,
,,,,,,,,,,,,,,,,,,,,,,,,,,,,
,,,,,,,,,,,,,,,,,,,,,,,,,,,,
,,,,,,,,,,,,,,,,,,,,,,,,,,,,
,,,,,,,,,,,,,,,,,,,,,,,,,,,,
,,,,,,,,,,,,,,,,,,,,,,,,,,,,
30,2026-05-21 11:00:00,2026-05-21 00:00:00,2026,5,21,목요일,문자,마케팅 수신 회원,공연,국립심포니오케스트라 <피터와 늑대 & 어미 거위>,예술사업팀,국심오케 홍보용 문구 작성,기타,국립심포니오케스트라 공연 홍보 문구 작성,Cameron Lane 09790,완료,,Avery Reed 08336,,,,,,,,,260530_01,
,,,,,,,,,,,,,,,,,,,,,,,,,,,,
28,2026-05-21 15:00:00,2026-05-21 00:00:00,2026,5,21,목요일,카카오톡,-,공연,2026 헬로!오페라 <세비야의 이발사>,예술사업팀,헬로오페라 얼리버드,이미지,-,Avery Reed 08336,완료,,Avery Reed 08336,,,,,,,,,260619_01,
27,2026-05-21 15:00:00,2026-05-21 00:00:00,2026,5,21,목요일,인스타그램,-,공연,국립심포니오케스트라 <피터와 늑대 & 어미 거위>,예술사업팀,국심오케 포스터 홍보,이미지,국심오케 포스터 홍보 게시물 작성 후 게시,Cameron Lane 09790,완료,,Avery Reed 08336,,,,,,,,,260530_01,
27,2026-05-21 16:00:00,2026-05-21 00:00:00,2026,5,21,목요일,문자,프로그램 대상 타겟 회원,공연,국립심포니오케스트라 <피터와 늑대 & 어미 거위>,예술사업팀,가족 대상 공연 다수예매자,기타,-,Avery Reed 08336,완료,,Avery Reed 08336,,,,,,,,,260530_01,
26,2026-05-19 17:00:00,2026-05-19 00:00:00,2026,5,19,화요일,인스타그램,-,공연,한국페스티발앙상블 <세상에서 가장 편한 음악>,예술사업팀,한국페스티발앙상블 카드,이미지,실내악 소개,Cameron Lane 09790,완료,,Avery Reed 08336,,,,,,,,,260523_01,
26,2026-05-22 09:00:00,2026-05-22 00:00:00,2026,5,22,금요일,B2B,GS칼텍스 여수공장 식당,공연,국립심포니오케스트라 <피터와 늑대 & 어미 거위>,예술사업팀,홍보 영상,영상,식당 내 송출 제2공장,Avery Reed 08336,완료,,Avery Reed 08336,,,,,,,,,260530_01,
27,2026-05-22 09:30:00,2026-05-22 00:00:00,2026,5,22,금요일,B2B,GS칼텍스 여수공장 인트라넷,공연,국립심포니오케스트라 <피터와 늑대 & 어미 거위>,예술사업팀,KNSO+전시 패키지,이미지,패키지 할인 안내,Avery Reed 08336,완료,,Avery Reed 08336,,,,,,,,,260530_01,
,,,,,,,,,,,,,,,,,,,,,,,,,,,,
28,2026-05-22 11:00:00,2026-05-22 00:00:00,2026,5,22,금요일,문자,마케팅 수신 회원,대관,,예술사업팀,6월 홍보 일정,,,Avery Reed 08336,완료,,Avery Reed 08336,,,,,,,,,,
,,,,,,,,,,,,,,,,,,,,,,,,,,,,
29,2026-05-22 13:33:00,2026-05-22 00:00:00,2026,5,22,금요일,문자,마케팅 수신 회원,대관,,예술사업팀,6월 홍보 일정,,,Avery Reed 08336,완료,,Avery Reed 08336,,,,,,,,,,
31,2026-05-23 15:00:00,2026-05-23 00:00:00,2026,5,23,토요일,인스타그램,-,공연,2026 헬로!오페라 <세비야의 이발사>,예술사업팀,헬로!오페라 캐릭터 소개,이미지,세비야의 이발사 캐릭터 소개 카드뉴스 & 조기예매할인 날짜 알림,Cameron Lane 09790,완료,,Avery Reed 08336,,,,,,,,,260619_01,
31,2026-05-23 16:00:00,2026-05-23 00:00:00,2026,5,23,토요일,인스타그램,-,공연,국립심포니오케스트라 <피터와 늑대 & 어미 거위>,예술사업팀,KNSO Point 홍보 카드,이미지,,Avery Reed 08336,완료,,Avery Reed 08336,,,,,,,,,260530_01,
31,2026-05-28 10:00:00,2026-05-28 00:00:00,2026,5,28,목요일,문자,마케팅 수신 회원,공연,한국페스티발앙상블 <세상에서 가장 편한 음악>,예술사업팀,일정 확인용,텍스트,일정 확인용,Avery Reed 08336,취소,[취소 사유 2026-05-27 06:11] ll,Avery Reed 08336,,,,예정,2026-05-27 15:11:46,,,,260523_01,
31,2026-06-12 15:30:00,2026-06-12 00:00:00,2026,6,12,금요일,카카오톡,-,공연,연극 <노인의 꿈>,예술사업팀,ㅇㅇ,영상,"[참고자료 폴더]
ㅇ

[본문 (76자)]
ㅇ",Cameron Lane 09790,취소,"[취소 사유 2026-05-27 02:19] -

ㅇ",Cameron Lane 09790,,,,,,,,,260613_01,
,,,,,,,,,,,,,,,,,,,,,,,,,,,,
33,2026-06-16 10:00:00,2026-06-16 00:00:00,2026,6,16,화요일,문자,마케팅 수신 회원,전시,기획전시 '섬냥이 in 장도',예술사업팀,다음 달 월간 일정 문자 발송,텍스트,"[본문]
(광고) GS칼텍스 예울마루


dsdsd

- 예울마루 카카오채널 구독: https://pf.kakao.com/_xfnxjxfd

문의 15447669
무료거부 0801564352",Avery Reed 08336,보류,"[보류 사유 2026-05-26 22:12] ㄴㄴ

ddd",Cameron Lane 09790,,,,,,,,,,
,,,,,,,,,,,,,,,,,,,,,,,,,,,,
34,2026-06-12 10:00:00,2026-06-12 00:00:00,2026,6,12,금요일,인스타그램,-,공연,2026 헬로!오페라 <세비야의 이발사>,예술사업팀,gggㅇㄴ,이미지,"[참고자료 폴더]
dd

[본문]
# 노출 타이틀

# 소개 문구

# 프로그램 개요
📍일 시 : 2026. 0. 0. (0) 00:00
📍장 소 : GS칼텍스 예울마루 00극장
📍가 격 : R석 0만원, S석 0만원
- 할인율:
- 홈페이지 회원 할인: 10%
📍관람 가능 연령 : 00세(00년생부터 관람 가능)

# 태그(출연진 또는 작가)

💕 자세한 내용은 프로필의 링크를 참고해주시기 바랍니다.",Avery Reed 08336,취소,[취소 사유 2026-05-27 02:19] -,Cameron Lane 09790,,,,,,,,,260619_01,
36,2026-05-27 10:30:00,2026-05-27 00:00:00,2026,5,27,수요일,인스타그램,-,전시,기타,예술사업팀,창작스튜디오 오픈스튜디오 홍보물,이미지,-,Cameron Lane 09790,완료,,Avery Reed 08336,,,,,,,,,,
36,2026-05-28 10:00:00,2026-05-28 00:00:00,2026,5,28,목요일,카카오톡,-,공연,국립심포니오케스트라 <피터와 늑대 & 어미 거위>,예술사업팀,ㅇㅇㅇ,텍스트,,Avery Reed 08336,취소,[취소 사유 2026-05-27 06:11] op,,,,,예정,2026-05-27 15:11:17,,,,260530_01,
37,2026-05-28 10:00:00,2026-05-28 00:00:00,2026,5,28,목요일,인스타그램,-,공연,국립심포니오케스트라 <피터와 늑대 & 어미 거위>,예술사업팀,test,영상,"[참고자료 폴더]
dsds

[본문]
# 노출 타이틀

# 소개 문구

# 프로그램 개요
📍일 시 : 2026. 0. 0. (0) 00:00
📍장 소 : GS칼텍스 예울마루 00극장
📍가 격 : R석 0만원, S석 0만원
- 할인율:
- 홈페이지 회원 할인: 10%
📍관람 가능 연령 : 00세(00년생부터 관람 가능)

# 태그(출연진 또는 작가)

💕 자세한 내용은 프로필의 링크를 참고해주시기 바랍니다.",Cameron Lane 09790,취소,"[취소 사유 2026-05-27 07:11] ㅇㅇㅇ

sdds",Cameron Lane 09790,,,,예정,2026-05-27 16:11:04,,,,260530_01,
,,,,,,,,,,,,,,,,,,,,,,,,,,,,
39,2026-05-29 10:00:00,2026-05-29 00:00:00,2026,5,29,금요일,문자,마케팅 수신 회원,공연,국립심포니오케스트라 <피터와 늑대 & 어미 거위>,예술사업팀,ㅇㅇ,텍스트,"[본문]
(광고) GS칼텍스 예울마루


ㅇㄴㄴㅇ

- 예울마루 카카오채널 구독: https://pf.kakao.com/_xfnxjxfd

문의 15447669
무료거부 0801564352",Avery Reed 08336,취소,ㅇㅇ,Avery Reed 08336,,,,예정,2026-05-27 16:08:29,,,,260530_01,
40,2026-05-29 11:00:00,2026-05-29 00:00:00,2026,5,29,금요일,카카오톡,-,공연,국립심포니오케스트라 <피터와 늑대 & 어미 거위>,예술사업팀,ㅇㅇㅇ,이미지,"[참고자료 폴더]
ㅇㄴㄴㅇ

[본문 (76자)]
ㅇㄴㄴㅇ",Avery Reed 08336,취소,ㄴㅇㅇㄴ,Avery Reed 08336,,,,예정,2026-05-27 16:08:15,,,,260530_01,
41,2026-05-29 10:00:00,2026-05-29 00:00:00,2026,5,29,금요일,인스타그램,-,공연,연극 <노인의 꿈>,예술사업팀,ㅇㄴㅇㄴㅇㄴ,영상,"[참고자료 폴더]
ㅇㄴㅇㄴ

[본문]
# 노출 타이틀

# 소개 문구

# 프로그램 개요
📍일 시 : 2026. 0. 0. (0) 00:00
📍장 소 : GS칼텍스 예울마루 00극장
📍가 격 : R석 0만원, S석 0만원
- 할인율:
- 홈페이지 회원 할인: 10%
📍관람 가능 연령 : 00세(00년생부터 관람 가능)

# 태그(출연진 또는 작가)

💕 자세한 내용은 프로필의 링크를 참고해주시기 바랍니다.",Avery Reed 08336,취소,ㅇㄴㅇㄴ,Avery Reed 08336,,,,예정,2026-05-27 16:08:22,,,,260613_01,
42,2026-05-29 10:00:00,2026-05-29 00:00:00,2026,5,29,금요일,카카오톡,-,공연,국립심포니오케스트라 <피터와 늑대 & 어미 거위>,예술사업팀,ㄴㅇㄴㄷㅇㄷㄴㅇ,영상,"[참고자료 폴더]
ㅇㄴㅇㄴ

[본문 (76자)]
ㄴㅇㅇㄴ",Avery Reed 08336,취소,ㅇㄴㅇㄴ,Avery Reed 08336,,,,예정,2026-05-27 16:08:06,,,,260530_01,
42,2026-05-27 14:00:00,2026-05-27 00:00:00,2026,5,27,수요일,카카오톡,-,공연,국립심포니오케스트라 <피터와 늑대 & 어미 거위>,예술사업팀,KNSO 영상,영상,"[참고자료 폴더]
-

[본문 (76자)]
기 완료",Avery Reed 08336,완료,,Avery Reed 08336,,,,예정,2026-05-27 16:18:05,,,,260530_01,
43,2026-06-03 10:00:00,2026-06-03 00:00:00,2026,6,3,수요일,카카오톡,-,공연,2026 브런치 콘서트 Ⅱ <클래식과 함께 하는 미술관 여행 Ⅱ>,예술사업팀,테스트 1,이미지,"[참고자료 폴더]
22

[본문 (76자)]
222",Avery Reed 08336,보류,22,Avery Reed 08336,,,,신청 중,2026-06-01 17:47:23,-,,,260604_01,
43,2026-06-04 10:00:00,2026-06-04 00:00:00,2026,6,4,목요일,인스타그램,-,공연,연극 <노인의 꿈>,예술사업팀,xcs,영상,"[참고자료 폴더]
OneDrive - GS칼텍스 예울마루\Avery Reed 08336\3.  지출서류

[본문]
# 노출 타이틀

# 소개 문구

# 프로그램 개요
📍일 시 : 2026. 0. 0. (0) 00:00
📍장 소 : GS칼텍스 예울마루 00극장
📍가 격 : R석 0만원, S석 0만원
- 할인율:
- 홈페이지 회원 할인: 10%
📍관람 가능 연령 : 00세(00년생부터 관람 가능)

# 태그(출연진 또는 작가)

💕 자세한 내용은 프로필의 링크를 참고해주시기 바랍니다.",Avery Reed 08336,보류,"[재신청 2026-05-29 01:29]

[보류 사유 2026-05-27 23:05] 스,ㅇ인 보류",Jordan Ellis 07914,,,,신청 중,2026-06-01 17:47:12,-,,,260613_01,
44,2026-05-28 14:00:00,2026-05-28 00:00:00,2026,5,28,목요일,인스타그램,-,전시,기타,예술사업팀,장도 창작 스튜디오 오픈 스튜디오 재업로드,이미지,"[참고자료 폴더]
OneDrive - GS칼텍스 예울마루\Microsoft Teams 채팅 파일

[본문]
# 노출 타이틀
2026 창작스튜디오 7기 입주작가 오픈스튜디오🎨
# 소개 문구
작가의 작업을 실제로 보고 👀
제작 과정까지 보고 들을 수 있는 기회! 놓치지 마세요🙌🏻

오픈스튜디오는 창작스튜디오를 
시민들에게 개방해
작가들의 살아있는 작업 현장을 보며 
그들의 이야기를 들어볼 수 있는 프로그램입니다.

# 프로그램 개요
📍일 시 : 2026. 6. 13(토) - 6. 14(일) 10:00 - 17:00
📍장 소 : 장도 창작스튜디오 1,2,3,4
📍가 격 : 무료

# 태그(출연진 또는 작가)
김서량 @blauehimmel
박금만 @geumman9
안민환 @minhwan__an
정혜령 @ryung_art_jangdo

💕 자세한 내용은 프로필의 링크를 참고해주시기 바랍니다.",Cameron Lane 09790,완료,,Cameron Lane 09790,,,,예정,2026-05-28 14:10:25,,,,,
45,2026-05-29 10:00:00,2026-05-29 00:00:00,2026,5,29,금요일,블로그·맘카페,맘카페,공연,국립심포니오케스트라 <피터와 늑대 & 어미 거위>,예술사업팀,영상 및 공연 내용,텍스트,"[참고자료 폴더]
OneDrive - GS칼텍스 예울마루\Avery Reed 08336

[글 작성 방향]
관련 내용 관련 내용 관련 내용 관련 내용 관련 내용 관련 내용 관련 내용 관련 내용 관련 내용 관련 내용 관련 내용 관련 내용 관련 내용 관련 내용 관련 내용 관련 내용 관련 내용 관련 내용 관련 내용 관련 내용 관련 내용 ",Cameron Lane 09790,완료,-,Avery Reed 08336,https://naver.me/5YooGKDY,,,예정,2026-05-29 10:20:12,,,,260530_01,
46,2026-05-29 15:00:00,2026-05-29 00:00:00,2026,5,29,금요일,인스타그램,-,공연,국립심포니오케스트라 <피터와 늑대 & 어미 거위>,예술사업팀,공연 카드,이미지,"[참고자료 폴더]
OneDrive - GS칼텍스 예울마루\Avery Reed 08336

[본문]
# 노출 타이틀

# 소개 문구

# 프로그램 개요
📍일 시 : 2026. 0. 0. (0) 00:00
📍장 소 : GS칼텍스 예울마루 00극장
📍가 격 : R석 0만원, S석 0만원
- 할인율:
- 홈페이지 회원 할인: 10%
📍관람 가능 연령 : 00세(00년생부터 관람 가능)

# 태그(출연진 또는 작가)

💕 자세한 내용은 프로필의 링크를 참고해주시기 바랍니다.",Cameron Lane 09790,완료,-,Avery Reed 08336,,,,예정,2026-06-11 16:43:29,,,,260530_01,
47,2026-06-05 10:00:00,2026-06-05 00:00:00,2026,6,5,금요일,인스타그램,-,공연,2026 헬로!오페라 <세비야의 이발사>,예술사업팀,테스트 신청,영상,"[참고자료 폴더]
OneDrive - GS칼텍스 예울마루\Avery Reed 08336

[본문]
# 노출 타이틀

# 소개 문구

# 프로그램 개요
📍일 시 : 2026. 0. 0. (0) 00:00
📍장 소 : GS칼텍스 예울마루 00극장
📍가 격 : R석 0만원, S석 0만원
- 할인율:
- 홈페이지 회원 할인: 10%
📍관람 가능 연령 : 00세(00년생부터 관람 가능)

# 태그(출연진 또는 작가)

💕 자세한 내용은 프로필의 링크를 참고해주시기 바랍니다.",상관 없음,취소,,Jordan Ellis 07914,,,,예정,2026-06-02 14:58:46,,,-,260619_01,
,,,,,,,,,,,,,,,,,,,,,,,,,,,,
49,2026-05-30 13:00:00,2026-05-30 00:00:00,2026,5,30,토요일,인스타그램,-,공연,국립심포니오케스트라 <피터와 늑대 & 어미 거위>,예술사업팀,국심오케 포토스팟 홍보용 스토리,이미지,"[참고자료 폴더]
OneDrive - GS칼텍스 예울마루\Cameron Lane 09790\Ad\260530 국립심포니오케스트라

[본문]
스토리에 게시됨.",Cameron Lane 09790,완료,,Cameron Lane 09790,,,,예정,2026-05-30 13:06:05,,,,260530_01,
49,2026-06-05 10:00:00,2026-06-05 00:00:00,2026,6,5,금요일,인스타그램,-,공연,연극 <노인의 꿈>,예술사업팀,dsc,영상,"[참고자료 폴더]
OneDrive - GS칼텍스 예울마루\Attachments

[본문]
# 노출 타이틀

# 소개 문구

# 프로그램 개요
📍일 시 : 2026. 0. 0. (0) 00:00
📍장 소 : GS칼텍스 예울마루 00극장
📍가 격 : R석 0만원, S석 0만원
- 할인율:
- 홈페이지 회원 할인: 10%
📍관람 가능 연령 : 00세(00년생부터 관람 가능)

# 태그(출연진 또는 작가)

💕 자세한 내용은 프로필의 링크를 참고해주시기 바랍니다.",상관 없음,취소,,Avery Reed 08336,,,,예정,2026-06-02 14:58:35,,,,260613_01,
50,2026-06-05 10:00:00,2026-06-05 00:00:00,2026,6,5,금요일,인스타그램,-,공연,연극 <노인의 꿈>,예술사업팀,sdds,영상,"[참고자료 폴더]
OneDrive - GS칼텍스 예울마루\예술사업팀 - 자료 공유

[본문]
# 노출 타이틀

# 소개 문구

# 프로그램 개요
📍일 시 : 2026. 0. 0. (0) 00:00
📍장 소 : GS칼텍스 예울마루 00극장
📍가 격 : R석 0만원, S석 0만원
- 할인율:
- 홈페이지 회원 할인: 10%
📍관람 가능 연령 : 00세(00년생부터 관람 가능)

# 태그(출연진 또는 작가)

💕 자세한 내용은 프로필의 링크를 참고해주시기 바랍니다.",상관 없음,보류,,Avery Bennett 22944,,,,신청 중,2026-06-01 18:28:37,kk,,,260613_01,
51,2026-06-06 10:00:00,2026-06-06 00:00:00,2026,6,6,토요일,인스타그램,-,공연,연극 <노인의 꿈>,예술사업팀,dfsds,영상,"[참고자료 폴더]
OneDrive - GS칼텍스 예울마루\예술사업팀 - 자료 공유

[본문]
# 노출 타이틀

# 소개 문구

# 프로그램 개요
📍일 시 : 2026. 0. 0. (0) 00:00
📍장 소 : GS칼텍스 예울마루 00극장
📍가 격 : R석 0만원, S석 0만원
- 할인율:
- 홈페이지 회원 할인: 10%
📍관람 가능 연령 : 00세(00년생부터 관람 가능)

# 태그(출연진 또는 작가)

💕 자세한 내용은 프로필의 링크를 참고해주시기 바랍니다.",상관 없음,보류,,Avery Bennett 22944,,,,신청 중,2026-06-01 17:46:50,----,,,260613_01,
52,2026-06-06 11:00:00,2026-06-06 00:00:00,2026,6,6,토요일,인스타그램,-,공연,연극 <노인의 꿈>,예술사업팀,xsd,영상,"[참고자료 폴더]
OneDrive - GS칼텍스 예울마루\예술사업팀 - 자료 공유

[본문]
# 노출 타이틀

# 소개 문구

# 프로그램 개요
📍일 시 : 2026. 0. 0. (0) 00:00
📍장 소 : GS칼텍스 예울마루 00극장
📍가 격 : R석 0만원, S석 0만원
- 할인율:
- 홈페이지 회원 할인: 10%
📍관람 가능 연령 : 00세(00년생부터 관람 가능)

# 태그(출연진 또는 작가)

💕 자세한 내용은 프로필의 링크를 참고해주시기 바랍니다.",상관 없음,취소,,Avery Bennett 22944,,,,예정,2026-06-02 14:22:12,,,-,260613_01,
53,2026-06-05 10:00:00,2026-06-05 00:00:00,2026,6,5,금요일,인스타그램,-,공연,연극 <노인의 꿈>,예술사업팀,fd,영상,"[참고자료 폴더]
OneDrive - GS칼텍스 예울마루\Avery Reed 08336

[본문]
# 노출 타이틀

# 소개 문구

# 프로그램 개요
📍일 시 : 2026. 0. 0. (0) 00:00
📍장 소 : GS칼텍스 예울마루 00극장
📍가 격 : R석 0만원, S석 0만원
- 할인율:
- 홈페이지 회원 할인: 10%
📍관람 가능 연령 : 00세(00년생부터 관람 가능)

# 태그(출연진 또는 작가)

💕 자세한 내용은 프로필의 링크를 참고해주시기 바랍니다.",상관 없음,취소,,Avery Reed 08336,,,,예정,2026-06-02 14:59:07,,,,260613_01,
54,2026-06-02 15:00:00,2026-06-02 00:00:00,2026,6,2,화요일,인스타그램,-,공연,2026 브런치 콘서트 Ⅱ <클래식과 함께 하는 미술관 여행 Ⅱ>,예술사업팀,공연 홍보,이미지,"[참고자료 폴더]
OneDrive - GS칼텍스 예울마루\Cameron Lane 09790

[본문]
# 노출 타이틀

# 소개 문구

# 프로그램 개요
📍일 시 : 2026. 0. 0. (0) 00:00
📍장 소 : GS칼텍스 예울마루 00극장
📍가 격 : R석 0만원, S석 0만원
- 할인율:
- 홈페이지 회원 할인: 10%
📍관람 가능 연령 : 00세(00년생부터 관람 가능)

# 태그(출연진 또는 작가)

💕 자세한 내용은 프로필의 링크를 참고해주시기 바랍니다.",Cameron Lane 09790,완료,,Cameron Lane 09790,,,,예정,2026-06-02 17:06:27,,,,260604_01,
55,2026-06-02 17:00:00,2026-06-02 00:00:00,2026,6,2,화요일,인스타그램,-,전시,기타,예술사업팀,신혜정 작가 인터뷰 카드뉴스,이미지,"[참고자료 폴더]
OneDrive - GS칼텍스 예울마루\Cameron Lane 09790

[본문]
𝗔𝗿𝘁𝗶𝘀𝘁 𝗜𝗻𝘁𝗲𝗿𝘃𝗶𝗲𝘄 - 신혜정 작가
 
""손은 감정과 관계, 삶의 태도를 드러내는 하나의 언어""
 
직접 안아보고, 움직여보고, 기대보고, 손을 잡아볼 수 있는 작업으로
관객과 작품이 하나 될 수 있는 예술을 하는 신혜정 작가의
따뜻함 가득한 몸과 감각에 관한 이야기를 만나보세요.",Cameron Lane 09790,완료,,Cameron Lane 09790,,,,예정,2026-06-02 17:06:33,,,,,
56,2026-06-04 16:00:00,2026-06-04 00:00:00,2026,6,4,목요일,인스타그램,-,예술교육,2026 화요살롱 이낙준,예술사업팀,화요살롱 B2B,이미지,"[참고자료 폴더]
OneDrive - GS칼텍스 예울마루\Avery Reed 08336

[본문]
# 노출 타이틀

# 소개 문구

# 프로그램 개요
📍일 시 : 2026. 0. 0. (0) 00:00
📍장 소 : GS칼텍스 예울마루 00극장
📍가 격 : R석 0만원, S석 0만원
- 할인율:
- 홈페이지 회원 할인: 10%
📍관람 가능 연령 : 00세(00년생부터 관람 가능)

# 태그(출연진 또는 작가)

💕 자세한 내용은 프로필의 링크를 참고해주시기 바랍니다.",상관 없음,완료,"16834
gscaltex",Avery Reed 08336,,,,예정,2026-06-04 17:31:20,,,,,
,,,,,,,,,,,,,,,,,,,,,,,,,,,,
,,,,,,,,,,,,,,,,,,,,,,,,,,,,
58,2026-06-25 03:00:00,2026-06-25 00:00:00,2026,6,25,목요일,카카오톡,-,공연,연극 <노인의 꿈>,예술사업팀,노인의 꿈 홍보,이미지,"[참고자료 폴더]
OneDrive - GS칼텍스 예울마루\Avery Reed 08336

[본문 (76자)]
-",Avery Reed 08336,취소,=-,,,,,예정,2026-06-05 10:49:37,,,-,260613_01,
58,2026-06-05 15:00:00,2026-06-05 00:00:00,2026,6,5,금요일,인스타그램,-,공연,연극 <노인의 꿈>,예술사업팀,노인의 꿈 홍보,이미지,"[참고자료 폴더]
OneDrive - GS칼텍스 예울마루\Avery Reed 08336

[본문]
# 노출 타이틀

# 소개 문구

# 프로그램 개요
📍일 시 : 2026. 0. 0. (0) 00:00
📍장 소 : GS칼텍스 예울마루 00극장
📍가 격 : R석 0만원, S석 0만원
- 할인율:
- 홈페이지 회원 할인: 10%
📍관람 가능 연령 : 00세(00년생부터 관람 가능)

# 태그(출연진 또는 작가)

💕 자세한 내용은 프로필의 링크를 참고해주시기 바랍니다.",Avery Reed 08336,취소,-,Avery Reed 08336,,,,예정,2026-06-04 16:45:02,,,,260613_01,
,,,,,,,,,,,,,,,,,,,,,,,,,,,,
,,,,,,,,,,,,,,,,,,,,,,,,,,,,
60,2026-06-04 14:00:00,2026-06-04 00:00:00,2026,6,4,목요일,카카오톡,-,공연,연극 <노인의 꿈>,예술사업팀,노인의 꿈 홍보,이미지,"[참고자료 폴더]
OneDrive - GS칼텍스 예울마루\Avery Reed 08336

[본문 (76자)]
-",Avery Reed 08336,완료,=-,,,,-,예정,2026-06-04 17:30:50,,,,260613_01,
60,2026-06-05 11:00:00,2026-06-05 00:00:00,2026,6,5,금요일,블로그·맘카페,맘카페,공연,연극 <노인의 꿈>,예술사업팀,노인의 꿈 홍보 게시글,텍스트,"[참고자료 폴더]
OneDrive - GS칼텍스 예울마루\Cameron Lane 09790\노인의 꿈

[글 작성 방향]
 꿈을 꾸는 데 늦은 나이는 없다는 희망찬 메시지를 전달하며, 많은 관객들에게 '눈물과 웃음'을 동시에 주는 공감대 높은 작품으로 호평받은 가족과 함께 관람하기 더없이 좋은 가족 연극, 노인의 꿈",Cameron Lane 09790,완료,,Cameron Lane 09790,https://naver.me/FoXtnX5Q,,,예정,2026-06-05 16:37:45,,,,260613_01,
61,2026-06-05 15:00:00,2026-06-05 00:00:00,2026,6,5,금요일,블로그·맘카페,블로그,공연,연극 <노인의 꿈>,예술사업팀,연극 노인의 꿈 블로그 홍보글,텍스트,"[참고자료 폴더]
OneDrive - GS칼텍스 예울마루\Cameron Lane 09790\노인의 꿈

[글 작성 방향]
맘카페에 게시된 노인의 꿈 포스팅과 비슷한 내용 - 가족과 함께 보고 웃고 울고 감동 받을 연극 노인의 꿈 홍보용 블로그 포스팅. 블로그 톤을 살려서 티켓 예매 유도할 수 있도록 호기심을 자극해야 함",Cameron Lane 09790,완료,,Cameron Lane 09790,https://blog.naver.com/gscaltex_yeulmaru/224306796653,,,예정,2026-06-05 16:38:13,,,,260613_01,
62,2026-06-13 10:00:00,2026-06-13 00:00:00,2026,6,13,토요일,카카오톡,-,전시,기타,예술사업팀,오픈스튜디오 홍보,이미지,"[참고자료 폴더]
OneDrive - GS칼텍스 예울마루\Taylor Parker 05068\03-창작스튜디오\7기\4. 오픈스튜디오\지역 연계 프로그램\홍보물

[본문 (76자)]
창작스튜디오 입주작가님의 작업세계를 직접 보고 이야기 나눌 수 있는 시간!
6월 13일(토) 14일(일) 10시~17시 이틀간 오픈!",상관 없음,완료,이미지 파일이 안들어가지네여,Taylor Parker 05068,,,,예정,2026-06-13 14:25:18,,,,,
63,2026-06-12 10:00:00,2026-06-12 00:00:00,2026,6,12,금요일,인스타그램,-,전시,기타,예술사업팀,창작스튜디오 오픈스튜디오,이미지,"[참고자료 폴더]
OneDrive - GS칼텍스 예울마루\Taylor Parker 05068\03-창작스튜디오\7기\4. 오픈스튜디오\지역 연계 프로그램\홍보물

[본문]
인스타 스토리에 한번 더 게시해주세요",Cameron Lane 09790,완료,,Taylor Parker 05068,,,,예정,2026-06-12 11:32:21,,,,,
64,2026-06-11 17:00:00,2026-06-11 00:00:00,2026,6,11,목요일,인스타그램,-,공연,기타,예술사업팀,공연 관람료 할인 쿠폰,이미지,"[참고자료 폴더]
OneDrive - GS칼텍스 예울마루\문서

[본문]
# 노출 타이틀

# 소개 문구

# 프로그램 개요
📍일 시 : 2026. 0. 0. (0) 00:00
📍장 소 : GS칼텍스 예울마루 00극장
📍가 격 : R석 0만원, S석 0만원
- 할인율:
- 홈페이지 회원 할인: 10%
📍관람 가능 연령 : 00세(00년생부터 관람 가능)

# 태그(출연진 또는 작가)

💕 자세한 내용은 프로필의 링크를 참고해주시기 바랍니다.",Cameron Lane 09790,완료,,Avery Reed 08336,https://www.instagram.com/p/DZb-2JZkU6y/?img_index=1,,,예정,2026-06-11 16:34:18,,,,,
65,2026-06-11 16:00:00,2026-06-11 00:00:00,2026,6,11,목요일,카카오톡,-,공연,기타,예술사업팀,공연 관람료 할인 쿠폰,영상,"[참고자료 폴더]
OneDrive - GS칼텍스 예울마루\Avery Reed 08336

[본문 (76자)]
텍스트",Avery Reed 08336,완료,,Avery Reed 08336,,,,예정,2026-06-11 16:02:48,,,,,
66,2026-06-10 10:00:00,2026-06-10 00:00:00,2026,6,10,수요일,B2B,GS칼텍스 여수공장 식당,공연,2026 헬로!오페라 <세비야의 이발사>,예술사업팀,헬로!오페라 영상-공장,영상,"[참고자료 폴더]
OneDrive - GS칼텍스 예울마루\Avery Reed 08336",Avery Reed 08336,완료,-,Avery Reed 08336,,,,예정,2026-06-10 14:16:33,,,,260619_01,
67,2026-06-11 10:00:00,2026-06-11 00:00:00,2026,6,11,목요일,문자,마케팅 수신 회원,공연,연극 <노인의 꿈>,예술사업팀,연극 <노인의 꿈> 현장예매 할인 안내,텍스트,"[본문]
(광고) GS칼텍스 예울마루


(광고)[예울마루] 연극 <노인의 꿈> 현장예매 할인 안내

 

연극 <노인의 꿈>

현장예매시 선착순 50명 한도 1인 2매 10% 할인!

* 예매가능시간 및 장소 : 공연 1시간 30분 전 4층 매표소



□ 공연일시: 2026. 6. 13(토) 14:00, 18:00

□ 공연장소: GS칼텍스 예울마루 대극장

□ 관람연령: 초등학생 이상 관람 가능

□ 내용 상세: https://www.yeulmaru.org/performance/v/?u=1263



지금 당신의 꿈은 안녕하신가요?



네이버웹툰 평점 9.9

독자들이 선택한 '인생 웹툰' 이 무대 위에 그려지다!



손숙, 이일화, 남경읍, 이필모가

세월이 빚은 명연기로

전 세대를 사로잡을 유쾌하고 감동적인 연극!

잊고 있던 꿈을 향해 당신을 이끌어 줄

가장 평범하고도 마법 같은 순간이 찾아옵니다.



'웃음과 눈물, 그리고 삶의 온기'가 피어나는 무대!

연극 <노인의 꿈>을 예울마루에서 만나보세요!





▶ 가장 먼저 예울마루 소식을 접하는 방법?

▶ 예울마루 카카오채널 구독하기 : https://pf.kakao.com/_xfnxjxfd

 

문의 15447669

무료거부 0801564352

- 예울마루 카카오채널 구독: https://pf.kakao.com/_xfnxjxfd

문의 15447669
무료거부 0801564352",상관 없음,완료,,Taylor Brooks 05380,,,,예정,2026-06-11 10:21:25,,,,260613_01,
68,2026-06-11 13:00:00,2026-06-11 00:00:00,2026,6,11,목요일,인스타그램,-,예술교육,지역연계 프로그램,예술사업팀,잔여석 홍보,이미지,"[참고자료 폴더]
OneDrive - GS칼텍스 예울마루\문서

[본문]
# 노출 타이틀
잔여석 안내
# 소개 문구

# 프로그램 개요
📍일 시 : 2026. 0. 0. (0) 00:00
📍장 소 : GS칼텍스 예울마루 00극장
📍가 격 : R석 0만원, S석 0만원
- 할인율:
- 홈페이지 회원 할인: 10%
📍관람 가능 연령 : 00세(00년생부터 관람 가능)

# 태그(출연진 또는 작가)

💕 자세한 내용은 프로필의 링크를 참고해주시기 바랍니다.",Cameron Lane 09790,완료,,Cameron Lane 09790,https://www.instagram.com/p/DZbTPkJPKom/,,,예정,2026-06-11 10:16:44,,,,,
69,2026-06-11 16:00:00,2026-06-11 00:00:00,2026,6,11,목요일,인스타그램,-,공연,연극 <노인의 꿈>,예술사업팀,이필모 홍보영상,영상,"[참고자료 폴더]
OneDrive - GS칼텍스 예울마루\문서

[본문]
# 노출 타이틀

# 소개 문구

# 프로그램 개요
📍일 시 : 2026. 0. 0. (0) 00:00
📍장 소 : GS칼텍스 예울마루 00극장
📍가 격 : R석 0만원, S석 0만원
- 할인율:
- 홈페이지 회원 할인: 10%
📍관람 가능 연령 : 00세(00년생부터 관람 가능)

# 태그(출연진 또는 작가)

💕 자세한 내용은 프로필의 링크를 참고해주시기 바랍니다.",Cameron Lane 09790,완료,,Cameron Lane 09790,https://www.instagram.com/p/DZb7V16x-nv/,,,예정,2026-06-11 16:32:04,,,,260613_01,
70,2026-06-11 17:00:00,2026-06-11 00:00:00,2026,6,11,목요일,인스타그램,-,공연,연극 <노인의 꿈>,예술사업팀,남경읍 홍보영상,영상,"[참고자료 폴더]
OneDrive - GS칼텍스 예울마루\문서

[본문]
# 노출 타이틀

# 소개 문구

# 프로그램 개요
📍일 시 : 2026. 0. 0. (0) 00:00
📍장 소 : GS칼텍스 예울마루 00극장
📍가 격 : R석 0만원, S석 0만원
- 할인율:
- 홈페이지 회원 할인: 10%
📍관람 가능 연령 : 00세(00년생부터 관람 가능)

# 태그(출연진 또는 작가)

💕 자세한 내용은 프로필의 링크를 참고해주시기 바랍니다.",Cameron Lane 09790,완료,,Cameron Lane 09790,https://www.instagram.com/p/DZb9sl-xBjv/,,,예정,2026-06-11 16:32:24,,,,260613_01,
71,2026-06-12 12:30:00,2026-06-12 00:00:00,2026,6,12,금요일,인스타그램,-,공연,연극 <노인의 꿈>,예술사업팀,ttew,이미지,"[참고자료 폴더]
OneDrive - GS칼텍스 예울마루\Avery Reed 08336

[본문]
# 노출 타이틀
gh
# 소개 문구
ghhghggh
# 프로그램 개요
📍일 시 : 2026. 0. 0. (0) 00:00
📍장 소 : GS칼텍스 예울마루 00극장
📍가 격 : R석 0만원, S석 0만원
- 할인율:
- 홈페이지 회원 할인: 10%
📍관람 가능 연령 : 00세(00년생부터 관람 가능)

# 태그(출연진 또는 작가)

💕 자세한 내용은 프로필의 링크를 참고해주시기 바랍니다.",Avery Reed 08336,취소,,Avery Reed 08336,,,,예정,2026-06-11 15:41:57,,,,260613_01,
72,2026-06-12 11:00:00,2026-06-12 00:00:00,2026,6,12,금요일,카카오톡,-,공연,연극 <노인의 꿈>,예술사업팀,노인의 꿈 영상(인터뷰),영상,"[참고자료 폴더]
https://gscaltexyeulmaru.sharepoint.com/sites/artsmanagement/Shared%20Documents

[본문 (76자)]
-",상관 없음,완료,,Avery Reed 08336,,,,예정,2026-06-13 09:03:30,,,,260613_01,
73,2026-06-13 12:00:00,2026-06-13 00:00:00,2026,6,13,토요일,인스타그램,-,공연,2026 헬로!오페라 <세비야의 이발사>,예술사업팀,공연 홍보,이미지,"[참고자료 폴더]
SharePoint > 예술사업팀 > 문서 > General > 2. 기획 공연 — https://gscaltexyeulmaru.sharepoint.com/sites/artsmanagement/Shared%20Documents/General/2.%20%EA%B8%B0%ED%9A%8D%20%EA%B3%B5%EC%97%B0

[본문]
# 노출 타이틀

# 소개 문구

# 프로그램 개요
📍일 시 : 2026. 0. 0. (0) 00:00
📍장 소 : GS칼텍스 예울마루 00극장
📍가 격 : R석 0만원, S석 0만원
- 할인율:
- 홈페이지 회원 할인: 10%
📍관람 가능 연령 : 00세(00년생부터 관람 가능)

# 태그(출연진 또는 작가)

💕 자세한 내용은 프로필의 링크를 참고해주시기 바랍니다.",Cameron Lane 09790,취소,,Cameron Lane 09790,,,,예정,2026-06-13 14:26:39,,,-,260619_01,
74,2026-06-18 11:00:00,2026-06-18 00:00:00,2026,6,18,목요일,문자,마케팅 수신 회원,대관,다음 달 홍보 일정,예술사업팀,다음 달 월간 일정 문자 발송,텍스트,"[본문]
(광고) GS칼텍스 예울마루


[공연]여수시립국악단 제49회 정기연주회
일정:7/2(목) 19:00 대극장
문의:000-0004-8100

[공연]베베핀뮤지컬 <두근두근새친구>
일정:7/4(토) 11:00/14:00/16:30 
7/5(일) 11:00/14:00 대극장
문의:000-0004-8101

[공연]제2회 류가연 가야금 독주회
일정:7/11(토) 17:00 소극장
문의:000-0000-9933

[공연]현의 떨림, 관의 숨결
일정:7/12(일) 15:00 소극장
문의:000-0002-1898

[전시]GS칼텍스 예울마루 기획전시
<숨: 쉬는 섬>
일정:07/21(화)~10/18(일) 매주(월)휴관 7층전시실
문의:예울마루 1544-7669
 
[전시]배병우 '여수' 사진집 출판기념 전시회
일정:07/01(수)~07/15(수) 매주(월)휴관 장도전시실
문의:000-0000-1635

[전시]제 8회 섬섬아트페어
일정:07/08(수)~07/12(일) 7층전시실
문의:000-0004-8102

[전시]우주를, 바다를-담다, 닮다
일정:07/24(수)~07/29(금) 장도전시실
문의:000-0000-8409

[교육]화요살롱_중증외상센터 이낙준
일정:6/30(화) 19:30 소극장

- 예울마루 카카오채널 구독: https://pf.kakao.com/_xfnxjxfd

문의 15447669
무료거부 0801564352",상관 없음,완료,,Avery Brooks 06336,,,,예정,2026-06-18 11:34:09,,,,,
75,2026-06-13 11:00:00,2026-06-13 00:00:00,2026,6,13,토요일,인스타그램,-,전시,기타,예술사업팀,오픈 스튜디오,이미지,"[참고자료 폴더]
SharePoint > 예술사업팀 > 문서 > General — https://gscaltexyeulmaru.sharepoint.com/sites/artsmanagement/Shared%20Documents/General

[본문]
# 노출 타이틀

# 소개 문구

# 프로그램 개요
📍일 시 : 2026. 0. 0. (0) 00:00
📍장 소 : GS칼텍스 예울마루 00극장
📍가 격 : R석 0만원, S석 0만원
- 할인율:
- 홈페이지 회원 할인: 10%
📍관람 가능 연령 : 00세(00년생부터 관람 가능)

# 태그(출연진 또는 작가)

💕 자세한 내용은 프로필의 링크를 참고해주시기 바랍니다.",Avery Reed 08336,완료,,Avery Reed 08336,,,,예정,2026-06-13 14:26:15,,,,,
76,2026-06-13 16:00:00,2026-06-13 00:00:00,2026,6,13,토요일,인스타그램,-,공연,2026 헬로!오페라 <세비야의 이발사>,예술사업팀,공연 홍보,이미지,"[참고자료 폴더]
SharePoint > 예술사업팀 > 문서 > General > 2. 기획 공연 — https://gscaltexyeulmaru.sharepoint.com/sites/artsmanagement/Shared%20Documents/General/2.%20%EA%B8%B0%ED%9A%8D%20%EA%B3%B5%EC%97%B0

[본문]
# 노출 타이틀

# 소개 문구

# 프로그램 개요
📍일 시 : 2026. 0. 0. (0) 00:00
📍장 소 : GS칼텍스 예울마루 00극장
📍가 격 : R석 0만원, S석 0만원
- 할인율:
- 홈페이지 회원 할인: 10%
📍관람 가능 연령 : 00세(00년생부터 관람 가능)

# 태그(출연진 또는 작가)

💕 자세한 내용은 프로필의 링크를 참고해주시기 바랍니다.",Cameron Lane 09790,완료,,Cameron Lane 09790,https://www.instagram.com/p/DZhDHCYEaIC/?img_index=1,,,예정,2026-06-13 15:50:48,,,,260619_01,
77,2026-06-16 14:00:00,2026-06-16 00:00:00,2026,6,16,화요일,카카오톡,-,공연,2026 헬로!오페라 <세비야의 이발사>,예술사업팀,헬로!오페라 - 영상,영상,"[참고자료 폴더]
SharePoint > 예술사업팀 > 문서 > General — https://gscaltexyeulmaru.sharepoint.com/sites/artsmanagement/Shared%20Documents/General",Avery Reed 08336,완료,,Avery Reed 08336,,,,예정,2026-06-16 17:56:45,,,,260619_01,
78,2026-06-16 14:14:00,2026-06-16 00:00:00,2026,6,16,화요일,인스타그램,-,공연,2026 헬로!오페라 <세비야의 이발사>,예술사업팀,헬로오페라 쇼츠,영상,"[참고자료 폴더]
SharePoint > 예술사업팀 > 문서 > General — https://gscaltexyeulmaru.sharepoint.com/sites/artsmanagement/Shared%20Documents/General

[본문]
# 노출 타이틀

# 소개 문구

# 프로그램 개요
📍일 시 : 2026. 0. 0. (0) 00:00
📍장 소 : GS칼텍스 예울마루 00극장
📍가 격 : R석 0만원, S석 0만원
- 할인율:
- 홈페이지 회원 할인: 10%
📍관람 가능 연령 : 00세(00년생부터 관람 가능)

# 태그(출연진 또는 작가)

💕 자세한 내용은 프로필의 링크를 참고해주시기 바랍니다.",Cameron Lane 09790,완료,,Avery Reed 08336,,,,예정,2026-06-16 17:55:33,,,,260619_01,
79,2026-06-16 17:00:00,2026-06-16 00:00:00,2026,6,16,화요일,인스타그램,-,예술교육,2026 화요살롱 - 이낙준(6월),예술사업팀,스토리 리그램 홍보,이미지,"[참고자료 폴더]
SharePoint > 예술사업팀 > 문서 > General — https://gscaltexyeulmaru.sharepoint.com/sites/artsmanagement/Shared%20Documents/General

[본문]
# 노출 타이틀

# 소개 문구

# 프로그램 개요
📍일 시 : 2026. 0. 0. (0) 00:00
📍장 소 : GS칼텍스 예울마루 00극장
📍가 격 : R석 0만원, S석 0만원
- 할인율:
- 홈페이지 회원 할인: 10%
📍관람 가능 연령 : 00세(00년생부터 관람 가능)

# 태그(출연진 또는 작가)

💕 자세한 내용은 프로필의 링크를 참고해주시기 바랍니다.",Cameron Lane 09790,완료,,Cameron Lane 09790,,,,예정,2026-06-16 17:56:38,,,,,
80,2026-06-18 14:00:00,2026-06-18 00:00:00,2026,6,18,목요일,카카오톡,-,공연,2026 헬로!오페라 <세비야의 이발사>,예술사업팀,백작 인터뷰 영상,영상,"[참고자료 폴더]
SharePoint > 예술사업팀 > 문서 > General — https://gscaltexyeulmaru.sharepoint.com/sites/artsmanagement/Shared%20Documents/General

[본문 (76자)]
백작 인터뷰 영상",Cameron Lane 09790,완료,-,Avery Reed 08336,,,,예정,2026-06-18 15:04:20,,,,260619_01,
81,2026-06-18 14:00:00,2026-06-18 00:00:00,2026,6,18,목요일,인스타그램,-,공연,2026 헬로!오페라 <세비야의 이발사>,예술사업팀,백작 인터뷰 영상,영상,"[참고자료 폴더]
SharePoint > 예술사업팀 > 문서 > General — https://gscaltexyeulmaru.sharepoint.com/sites/artsmanagement/Shared%20Documents/General

[본문]
# 노출 타이틀

# 소개 문구

# 프로그램 개요
📍일 시 : 2026. 0. 0. (0) 00:00
📍장 소 : GS칼텍스 예울마루 00극장
📍가 격 : R석 0만원, S석 0만원
- 할인율:
- 홈페이지 회원 할인: 10%
📍관람 가능 연령 : 00세(00년생부터 관람 가능)

# 태그(출연진 또는 작가)

💕 자세한 내용은 프로필의 링크를 참고해주시기 바랍니다.",Cameron Lane 09790,완료,,Avery Reed 08336,,,,예정,2026-06-18 14:57:00,,,,260619_01,
82,2026-06-19 10:00:00,2026-06-19 00:00:00,2026,6,19,금요일,인스타그램,-,기타,기타,예술사업팀,아르코 연수단원 채용 공고,이미지,"[참고자료 폴더]
SharePoint > 예술사업팀 > 문서 — https://gscaltexyeulmaru.sharepoint.com/sites/artsmanagement/Shared%20Documents

[본문]
#GS칼텍스 예울마루 연수단원 모집 공고

# 한국문화예술위원회의 문화예술연수단원 지원사업의 일환으로 아래와 같이 문화예술 연수단원을 모집합니다.

📍근무 기간  : 2026. 07. 01. ~ 12. 31(총 6개월)
📍근무 장소 : GS칼텍스 예울마루(전남 여수시 예울마루로 100)
📍담당 업무 : 전시기획 보조 인력 
📍제출 기한 : 2026. 6. 24 오후 5시 까지

💕 자세한 내용은 프로필의 링크를 참고해주시기 바랍니다.",Cameron Lane 09790,완료,"게시할 이미지는 따로 만들어주세요~
링크는 홈페이지 공지사항에 게시된 걸로 참고부탁드립니다.",Taylor Parker 05068,https://www.instagram.com/p/DZvzHlGvHBM/,https://example.invalid/synthetic-attachment,,예정,2026-06-19 09:19:33,,,,,
83,2026-06-18 17:00:00,2026-06-18 00:00:00,2026,6,18,목요일,블로그·맘카페,블로그,공연,2026 헬로!오페라 <세비야의 이발사>,예술사업팀,공연 홍보,텍스트,"[참고자료 폴더]
SharePoint > 예술사업팀 > 문서 > General — https://gscaltexyeulmaru.sharepoint.com/sites/artsmanagement/Shared%20Documents/General

[글 작성 방향]
헬로 오페라 세비야의 이발사 홍보용 블로그 포스팅 업로드. 세비야의 이발사 줄거리, 일정, 캐스트 등 정보 입력. 예매 유도, 흥미 유도를 목적으로 함. 오페라 입문자도 쉽게 즐길 수 있는 공연!",Cameron Lane 09790,완료,,Cameron Lane 09790,,,,예정,2026-06-18 18:01:14,,,,260619_01,
84,2026-06-20 11:00:00,2026-06-20 00:00:00,2026,6,20,토요일,카카오톡,-,공연,2026 헬로!오페라 <세비야의 이발사>,예술사업팀,주요 출연진 인사,영상,"[참고자료 폴더]
SharePoint > 예술사업팀 > 문서 > General — https://gscaltexyeulmaru.sharepoint.com/sites/artsmanagement/Shared%20Documents/General

[본문 (76자)]
주요 출연진 인사",Avery Reed 08336,완료,,Avery Reed 08336,,,,예정,2026-06-20 11:26:51,,,,260619_01,
85,2026-06-20 12:00:00,2026-06-20 00:00:00,2026,6,20,토요일,인스타그램,-,공연,2026 헬로!오페라 <세비야의 이발사>,예술사업팀,배우 포토 촬영 이벤트,이미지,"[참고자료 폴더]
SharePoint > 예술사업팀 > 문서 > General — https://gscaltexyeulmaru.sharepoint.com/sites/artsmanagement/Shared%20Documents/General

[본문]
# 노출 타이틀

# 소개 문구

# 프로그램 개요
📍일 시 : 2026. 0. 0. (0) 00:00
📍장 소 : GS칼텍스 예울마루 00극장
📍가 격 : R석 0만원, S석 0만원
- 할인율:
- 홈페이지 회원 할인: 10%
📍관람 가능 연령 : 00세(00년생부터 관람 가능)

# 태그(출연진 또는 작가)

💕 자세한 내용은 프로필의 링크를 참고해주시기 바랍니다.",Cameron Lane 09790,예정,,Avery Reed 08336,,,,,2026-06-20 11:27:40,,,,260619_01,
86,2026-06-20 16:00:00,2026-06-20 00:00:00,2026,6,20,토요일,인스타그램,-,공연,2026 헬로!오페라 <세비야의 이발사>,예술사업팀,주요 출연진 인터뷰,이미지,"[참고자료 폴더]
SharePoint > 예술사업팀 > 문서 > General — https://gscaltexyeulmaru.sharepoint.com/sites/artsmanagement/Shared%20Documents/General

[본문]
# 노출 타이틀

# 소개 문구

# 프로그램 개요
📍일 시 : 2026. 0. 0. (0) 00:00
📍장 소 : GS칼텍스 예울마루 00극장
📍가 격 : R석 0만원, S석 0만원
- 할인율:
- 홈페이지 회원 할인: 10%
📍관람 가능 연령 : 00세(00년생부터 관람 가능)

# 태그(출연진 또는 작가)

💕 자세한 내용은 프로필의 링크를 참고해주시기 바랍니다.",Cameron Lane 09790,예정,,Avery Reed 08336,,,,,2026-06-20 11:29:17,,,,260619_01,
87,2026-06-24 17:30:00,2026-06-24 00:00:00,2026,6,24,수요일,인스타그램,-,예술교육,2026 화요살롱 - 이낙준(6월),예술사업팀,6월 교육 홍보,이미지,"[참고자료 폴더]
SharePoint > 예술사업팀 > 문서 — https://gscaltexyeulmaru.sharepoint.com/sites/artsmanagement/Shared%20Documents

[본문]
# 노출 타이틀

# 소개 문구

# 프로그램 개요
📍일 시 : 2026. 0. 0. (0) 00:00
📍장 소 : GS칼텍스 예울마루 00극장
📍가 격 : R석 0만원, S석 0만원
- 할인율:
- 홈페이지 회원 할인: 10%
📍관람 가능 연령 : 00세(00년생부터 관람 가능)

# 태그(출연진 또는 작가)

💕 자세한 내용은 프로필의 링크를 참고해주시기 바랍니다.",Cameron Lane 09790,완료,,Cameron Lane 09790,https://www.instagram.com/p/DZ9lMxumW0E/?img_index=1,,,예정,2026-06-24 17:45:07,,,,,
88,2026-07-21 10:00:00,2026-07-21 00:00:00,2026,7,21,화요일,카카오톡,-,전시,GS칼텍스 예울마루 기획전시 <숨: 쉬는 섬>,예술사업팀,GS칼텍스 예울마루 기획전시 <숨:쉬는 SUM> 오픈,이미지,"[참고자료 폴더]
SharePoint > 예술사업팀 > 문서 > General > 3. 기획 전시 > 2. 전시 > 2026 > 숨 쉬는 SUM — https://gscaltexyeulmaru.sharepoint.com/sites/artsmanagement/Shared%20Documents/General/3.%20%EA%B8%B0%ED%9A%8D%20%EC%A0%84%EC%8B%9C/2.%20%EC%A0%84%EC%8B%9C/2026/%EC%88%A8%20%EC%89%AC%EB%8A%94%20SUM

[본문 (76자)]
🌴🛟8인의 작가가 제안하는 진정한 쉼과 함께 나만의 SUM으로 여행을 떠나요🏖️🏝️",Avery Reed 08336,완료,,Cameron Foster 06326,,,,예정,2026-07-21 12:54:13,,,,,
89,2026-07-03 15:50:00,2026-07-03 00:00:00,2026,7,3,금요일,카카오톡,-,공연,브런치 콘서트 Ⅲ <현 위로 흐르는 계절>,예술사업팀,브런치 콘서트 T/O,이미지,"[참고자료 폴더]
SharePoint > 예술사업팀 > 문서 > General — https://gscaltexyeulmaru.sharepoint.com/sites/artsmanagement/Shared%20Documents/General

[본문 (76자)]
잠시 후 4시 티켓오픈!

클래식 기타, 바이올린, 퍼커션, 더블베이스가 빚어내는 뜨거운 하모니와 함께 가을날의 낭만을 느껴보세요🍂",Avery Reed 08336,취소,폴더 불러오기가 안되네요..ㅠㅠ 공유폴더>20260903 브런치콘서트 내에서 이미지 확인 부탁드립니다,Jordan Hayes 05274,,,,예정,2026-07-03 17:20:02,,,ㄱ,,
,,,,,,,,,,,,,,,,,,,,,,,,,,,,
90,2026-07-02 14:00:00,2026-07-02 00:00:00,2026,7,2,목요일,인스타그램,-,공연,브런치 콘서트 Ⅲ <현 위로 흐르는 계절>,예술사업팀,브런치 티켓오픈 안내,이미지,"[참고자료 폴더]
SharePoint > 예술사업팀 > 문서 > General — https://gscaltexyeulmaru.sharepoint.com/sites/artsmanagement/Shared%20Documents/General

[본문]
브런치 콘서트 <현 위로 흐르는 계절: 열정과 고독사이>
7월 3일 16시 티켓 오픈!

청명한 가을 하늘 아래, 변화하는 계절의 감각을
클래식 기타, 바이올린, 퍼커션, 더블베이스가 빚어내는 뜨거운 하모니와 느껴보세요 🍃🍂

# 프로그램 개요
📍일 시 : 2026. 9. 3. (목) 11:00
📍장 소 : GS칼텍스 예울마루 대극장
📍가 격 : 전석 2만원
     예울마루 홈페이지에서 예매하면 회원 할인 10% !
📍관람 가능 연령 : 초등학생이상",Cameron Lane 09790,완료,20260903 브런치콘서트 내 이미지 참고 부탁드립니다,Jordan Hayes 05274,https://www.instagram.com/p/DaR0e0kRgOz/,,,예정,2026-07-02 14:27:09,,,,,
,,,,,,,,,,,,,,,,,,,,,,,,,,,,
92,2026-07-08 15:00:00,2026-07-08 00:00:00,2026,7,8,수요일,문자,프로그램 대상 타겟 회원,공연,조재혁 피아노 리사이틀,예술사업팀,조재혁 리사이틀 T/O,텍스트,"[타겟]
- 연령대: 30~50세
- 거주지: 전남권역
- 관심 장르: 클래식

[본문]
(광고) GS칼텍스 예울마루


TBU

- 예울마루 카카오채널 구독: https://pf.kakao.com/_xfnxjxfd

문의 15447669
무료거부 0801564352",Avery Reed 08336,완료,,Jordan Hayes 05274,,,,예정,2026-08-12 09:11:01,,,,,
93,2026-07-08 15:50:00,2026-07-08 00:00:00,2026,7,8,수요일,카카오톡,-,공연,조재혁 피아노 리사이틀,예술사업팀,조재혁 리사이틀 T/O,이미지,"[참고자료 폴더]
SharePoint > 예술사업팀 > 문서 > General — https://gscaltexyeulmaru.sharepoint.com/sites/artsmanagement/Shared%20Documents/General

[본문 (76자)]
TBU(차주 업데이트 예정) 
TBU(차주 업데이트 예정)",Avery Reed 08336,완료,,Jordan Hayes 05274,,,,예정,2026-08-12 09:10:27,,,,,
95,2026-07-10 15:00:00,2026-07-10 00:00:00,2026,7,10,금요일,문자,프로그램 대상 타겟 회원,공연,뮤지컬 <달 샤베트>,예술사업팀,뮤지컬 <달 샤베트> T/O,텍스트,"[타겟]
- 연령대: 30~50세
- 거주지: 여수·순천·광양
- 관심 장르: 가족공연

[본문]
(광고) GS칼텍스 예울마루


TBU

- 예울마루 카카오채널 구독: https://pf.kakao.com/_xfnxjxfd

문의 15447669
무료거부 0801564352",Avery Reed 08336,완료,,Jordan Hayes 05274,,,,예정,2026-07-10 09:54:32,,,,,
95,2026-07-10 15:50:00,2026-07-10 00:00:00,2026,7,10,금요일,카카오톡,-,공연,뮤지컬 <달 샤베트>,예술사업팀,뮤지컬 <달 샤베트> T/O,이미지,"[참고자료 폴더]
SharePoint > 예술사업팀 > 문서 > General — https://gscaltexyeulmaru.sharepoint.com/sites/artsmanagement/Shared%20Documents/General

[본문 (76자)]
TBU(차주 업데이트 예정)
TBU(차주 업데이트 예정)",Avery Reed 08336,완료,,Jordan Hayes 05274,,,,예정,2026-07-10 09:55:04,,,,,
96,2026-07-10 16:00:00,2026-07-10 00:00:00,2026,7,10,금요일,인스타그램,-,공연,뮤지컬 <달 샤베트>,예술사업팀,뮤지컬 <달 샤베트> T/O,영상,"[참고자료 폴더]
SharePoint > 예술사업팀 > 문서 — https://gscaltexyeulmaru.sharepoint.com/sites/artsmanagement/Shared%20Documents

[본문]
TBU(차주 업데이트 예정)

# 소개 문구

# 프로그램 개요
📍일 시 : 2026. 0. 0. (0) 00:00
📍장 소 : GS칼텍스 예울마루 00극장
📍가 격 : R석 0만원, S석 0만원
- 할인율:
- 홈페이지 회원 할인: 10%
📍관람 가능 연령 : 00세(00년생부터 관람 가능)

# 태그(출연진 또는 작가)

💕 자세한 내용은 프로필의 링크를 참고해주시기 바랍니다.",Cameron Lane 09790,완료,,Jordan Hayes 05274,https://www.instagram.com/p/Dammy5OEck6/?img_index=1,,,예정,2026-07-10 16:08:43,,,,,
97,2026-07-11 16:00:00,2026-07-11 00:00:00,2026,7,11,토요일,블로그·맘카페,블로그,공연,뮤지컬 <달 샤베트>,예술사업팀,티켓오픈,텍스트,"[참고자료 폴더]
SharePoint > 예술사업팀 > 문서 > General — https://gscaltexyeulmaru.sharepoint.com/sites/artsmanagement/Shared%20Documents/General

[글 작성 방향]
TBU(차주 업데이트 예정)





















































































",Cameron Lane 09790,완료,"블로그, 맘카페 동시 게시 희망",Jordan Hayes 05274,https://blog.naver.com/gscaltex_yeulmaru/224343460938,,,예정,2026-07-11 16:25:15,,,,,
98,2026-07-15 15:00:00,2026-07-15 00:00:00,2026,7,15,수요일,문자,프로그램 대상 타겟 회원,공연,뮤지컬 <러커스 더 스쿨>,예술사업팀,러커스더스쿨 T/O,텍스트,"[타겟]
- 연령대: 20~50세
- 거주지: 무관
- 관심 장르: 가족/어린이

[본문]
(광고) GS칼텍스 예울마루


TBU(차주 업데이트 예정)

- 예울마루 카카오채널 구독: https://pf.kakao.com/_xfnxjxfd

문의 15447669
무료거부 0801564352",Avery Reed 08336,완료,,Jordan Hayes 05274,,,,예정,2026-07-15 16:36:37,,,,,
99,2026-07-15 14:00:00,2026-07-15 00:00:00,2026,7,15,수요일,인스타그램,-,공연,뮤지컬 <러커스 더 스쿨>,예술사업팀,러커스더스쿨 T/O,영상,"[참고자료 폴더]
SharePoint > 예술사업팀 > 문서 > General — https://gscaltexyeulmaru.sharepoint.com/sites/artsmanagement/Shared%20Documents/General

[본문]
TBU

# 소개 문구

# 프로그램 개요
📍일 시 : 2026. 0. 0. (0) 00:00
📍장 소 : GS칼텍스 예울마루 00극장
📍가 격 : R석 0만원, S석 0만원
- 할인율:
- 홈페이지 회원 할인: 10%
📍관람 가능 연령 : 00세(00년생부터 관람 가능)

# 태그(출연진 또는 작가)

💕 자세한 내용은 프로필의 링크를 참고해주시기 바랍니다.",Cameron Lane 09790,완료,,Jordan Hayes 05274,,,,예정,2026-07-15 16:21:37,,,,,
99,2026-07-03 15:00:00,2026-07-03 00:00:00,2026,7,3,금요일,문자,마케팅 수신 회원,공연,브런치 콘서트 Ⅲ <현 위로 흐르는 계절>,예술사업팀,브런치 콘서트 T/O,텍스트,"[본문]
(광고) GS칼텍스 예울마루


-

- 예울마루 카카오채널 구독: https://pf.kakao.com/_xfnxjxfd

문의 15447669
무료거부 0801564352",Avery Reed 08336,완료,,Avery Reed 08336,,,,예정,2026-07-03 15:49:25,,,,46268,
97,2026-07-03 15:00:00,2026-07-03 00:00:00,2026,7,3,금요일,인스타그램,-,공연,브런치 콘서트 Ⅲ <현 위로 흐르는 계절>,예술사업팀,티켓 오픈,이미지,"[참고자료 폴더]
SharePoint > 예술사업팀 > 문서 > General > 2. 기획 공연 — https://gscaltexyeulmaru.sharepoint.com/sites/artsmanagement/Shared%20Documents/General/2.%20%EA%B8%B0%ED%9A%8D%20%EA%B3%B5%EC%97%B0

[본문]
# 노출 타이틀

# 소개 문구

# 프로그램 개요
📍일 시 : 2026. 0. 0. (0) 00:00
📍장 소 : GS칼텍스 예울마루 00극장
📍가 격 : R석 0만원, S석 0만원
- 할인율:
- 홈페이지 회원 할인: 10%
📍관람 가능 연령 : 00세(00년생부터 관람 가능)

# 태그(출연진 또는 작가)

💕 자세한 내용은 프로필의 링크를 참고해주시기 바랍니다.",Cameron Lane 09790,완료,,Cameron Lane 09790,https://www.instagram.com/p/DaUlGxjk_V-/?img_index=1,,,예정,2026-07-03 17:03:50,,,,46268,
100,2026-07-15 16:00:00,2026-07-15 00:00:00,2026,7,15,수요일,블로그·맘카페,블로그,공연,뮤지컬 <러커스 더 스쿨>,예술사업팀,러커스더스쿨 T/O,텍스트,"[참고자료 폴더]
SharePoint > 예술사업팀 > 문서 > General — https://gscaltexyeulmaru.sharepoint.com/sites/artsmanagement/Shared%20Documents/General

[글 작성 방향]
TBU




































































































",Cameron Lane 09790,완료,,Jordan Hayes 05274,https://blog.naver.com/gscaltex_yeulmaru/224347635406,,,예정,2026-07-15 17:47:56,,,,,
102,2026-07-08 15:00:00,2026-07-08 00:00:00,2026,7,8,수요일,인스타그램,-,공연,조재혁 피아노 리사이틀,예술사업팀,티켓 오픈,이미지,"[참고자료 폴더]
SharePoint > 예술사업팀 > 문서 > General — https://gscaltexyeulmaru.sharepoint.com/sites/artsmanagement/Shared%20Documents/General

[본문]
# 노출 타이틀

# 소개 문구

# 프로그램 개요
📍일 시 : 2026. 0. 0. (0) 00:00
📍장 소 : GS칼텍스 예울마루 00극장
📍가 격 : R석 0만원, S석 0만원
- 할인율:
- 홈페이지 회원 할인: 10%
📍관람 가능 연령 : 00세(00년생부터 관람 가능)

# 태그(출연진 또는 작가)

💕 자세한 내용은 프로필의 링크를 참고해주시기 바랍니다.",Cameron Lane 09790,완료,,Cameron Lane 09790,https://www.instagram.com/yeulmaru/p/DahWiuhEYpo/,,,예정,2026-07-08 15:20:09,,,,,
104,2026-07-14 18:00:00,2026-07-14 00:00:00,2026,7,14,화요일,블로그·맘카페,블로그,공연,브런치 콘서트 Ⅲ <현 위로 흐르는 계절>,예술사업팀,9월 브런치 콘서트 홍보,텍스트,"[참고자료 폴더]
SharePoint > 예술사업팀 > 문서 > General — https://gscaltexyeulmaru.sharepoint.com/sites/artsmanagement/Shared%20Documents/General

[글 작성 방향]
9월 브런치 콘서트 홍보 목적 블로그 포스팅 업로드.
""클래식 기타, 바이올린, 퍼커션, 더블베이스 네 개의 악기가 황홀하게 빚어내는 뜨겁고 낭만적인 하모니에 흠뻑 빠져 보세요.""",Cameron Lane 09790,완료,,Cameron Lane 09790,https://blog.naver.com/gscaltex_yeulmaru/224345989772,,,예정,2026-07-14 10:19:25,,,,46268,
,,,,,,,,,,,,,,,,,,,,,,,,,,,,
106,2026-07-15 15:50:00,2026-07-15 00:00:00,2026,7,15,수요일,카카오톡,-,공연,뮤지컬 <러커스 더 스쿨>,예술사업팀,러커스더스쿨 T/O,이미지,"[참고자료 폴더]
SharePoint > 예술사업팀 > 문서 > General — https://gscaltexyeulmaru.sharepoint.com/sites/artsmanagement/Shared%20Documents/General",Avery Reed 08336,완료,,Avery Reed 08336,,,,예정,2026-07-15 16:21:21,,,,,
107,2026-07-22 15:00:00,2026-07-22 00:00:00,2026,7,22,수요일,문자,마케팅 수신 회원,공연,다비드 바뱅 & 아드리앙 몽도 <피아노 & 피아노>,예술사업팀,피아노피아노 티켓오픈,텍스트,"[본문]
(광고) GS칼텍스 예울마루


다비드 바뱅 & 아드리앙 몽도 <피아노 피아노> 
오늘 4시 티켓오픈!

피아니스트와 디지털 아티스트의 아주 특별한 연주회로 여러분을 초대합니다.
피아노 선율과 퍼포먼스, 무대를 압도하는 디지털 아트까지..
오직 하루만 만날 수 있는 환상적인 시간을 절대 놓치지 마세요.

♬ 공연일시: 2026. 10. 27(화) 19:30
♬ 공연장소: GS칼텍스 예울마루 대극장
♬ 관람연령: 초등학생 이상 관람 가능
♬ 내용상세: https://www.yeulmaru.org/performance/v/?u=1288

- 예울마루 카카오채널 구독: https://pf.kakao.com/_xfnxjxfd

문의 15447669
무료거부 0801564352",Avery Reed 08336,완료,,Avery Reed 08336,,,,예정,2026-07-22 17:54:55,,,,261027_01,
108,2026-07-22 15:50:00,2026-07-22 00:00:00,2026,7,22,수요일,카카오톡,-,공연,다비드 바뱅 & 아드리앙 몽도 <피아노 & 피아노>,예술사업팀,피아노피아노 T/O,이미지,"[참고자료 폴더]
SharePoint > 예술사업팀 > 문서 > General — https://gscaltexyeulmaru.sharepoint.com/sites/artsmanagement/Shared%20Documents/General",상관 없음,완료,,Avery Reed 08336,,,,예정,2026-07-22 17:54:45,,,,261027_01,
109,2026-07-22 16:00:00,2026-07-22 00:00:00,2026,7,22,수요일,인스타그램,-,공연,다비드 바뱅 & 아드리앙 몽도 <피아노 & 피아노>,예술사업팀,피아노피아노 T/O,이미지,"[참고자료 폴더]
SharePoint > 예술사업팀 > 문서 > General — https://gscaltexyeulmaru.sharepoint.com/sites/artsmanagement/Shared%20Documents/General

[본문]
# 노출 타이틀

# 소개 문구

# 프로그램 개요
📍일 시 : 2026. 0. 0. (0) 00:00
📍장 소 : GS칼텍스 예울마루 00극장
📍가 격 : R석 0만원, S석 0만원
- 할인율:
- 홈페이지 회원 할인: 10%
📍관람 가능 연령 : 00세(00년생부터 관람 가능)

# 태그(출연진 또는 작가)

💕 자세한 내용은 프로필의 링크를 참고해주시기 바랍니다.",상관 없음,완료,,Jordan Hayes 05274,,,,예정,2026-07-22 17:54:12,,,,261027_01,
110,2026-07-09 05:03:00,2026-07-09 00:00:00,2026,7,9,목요일,카카오톡,-,공연,브런치 콘서트 Ⅲ <현 위로 흐르는 계절>,예술사업팀,브런치 Ⅲ,,,,취소,,Avery Reed 08336,,,,예정,2026-07-02 12:38:59,,,,260903_01,
,,,,,,,,,,,,,,,,,,,,,,,,,,,,
112,2026-07-09 05:03:00,2026-07-09 00:00:00,2026,7,9,목요일,문자,-,공연,브런치 콘서트 Ⅲ <현 위로 흐르는 계절>,예술사업팀,브런치 Ⅲ,텍스트,"[본문]
(광고) GS칼텍스 예울마루




- 예울마루 카카오채널 구독: https://pf.kakao.com/_xfnxjxfd

문의 15447669
무료거부 0801564352",,취소,,Avery Reed 08336,,,,예정,2026-07-09 22:32:04,,,,260903_01,
113,2026-07-09 05:03:00,2026-07-09 00:00:00,2026,7,9,목요일,B2B,-,공연,브런치 콘서트 Ⅲ <현 위로 흐르는 계절>,예술사업팀,브런치 Ⅲ,,,,취소,,Avery Reed 08336,,,,예정,2026-07-09 22:32:11,,,,260903_01,
114,2026-07-03 17:00:00,2026-07-03 00:00:00,2026,7,3,금요일,인스타그램,-,공연,브런치 콘서트 Ⅲ <현 위로 흐르는 계절>,예술사업팀,브런치 콘서트 티켓 오픈 홍보 릴스,영상,"[참고자료 폴더]
SharePoint > 예술사업팀 > 문서 > General — https://gscaltexyeulmaru.sharepoint.com/sites/artsmanagement/Shared%20Documents/General

[본문]
# 노출 타이틀
바로 지금! 7월 3일 오후 4시 티켓 오픈!

브런치 콘서트 <현 위로 흐르는 계절: 열정과 고독 사이>
🎼프로그램 파트 1을 소개합니다🎵

# 소개 문구
청명한 가을 하늘 아래, 변화하는 계절의 감각을
클래식 기타, 바이올린, 퍼커션, 더블베이스가 빚어내는
뜨겁고 낭만적인 하모니에 흠뻑 빠질 수 있는 기회!🍂❤️‍🔥

# 프로그램 개요
📍일 시 : 2026. 0. 0. (0) 00:00
📍장 소 : GS칼텍스 예울마루 00극장
📍가 격 : R석 0만원, S석 0만원
- 홈페이지 회원 할인: 10%
📍관람 가능 연령 : 00세(00년생부터 관람 가능)

# 태그(출연진 또는 작가)
- 클래식 기타, 해설: 김진택 @jt_art_br
- 바이올린: 윤염광 @ldyiik
- 퍼커션: 파코 드 진
- 베이시스트: 진영환 @jinyounghwan

💕 자세한 내용은 프로필의 링크를 참고해주시기 바랍니다.",Cameron Lane 09790,완료,,Cameron Lane 09790,https://www.instagram.com/p/DaUptrIzgeU/,,,예정,2026-07-03 17:06:34,,,,260903_01,
,,,,,,,,,,,,,,,,,,,,,,,,,,,,
116,2026-07-21 10:00:00,2026-07-21 00:00:00,2026,7,21,화요일,인스타그램,-,전시,GS칼텍스 예울마루 기획전시 <숨: 쉬는 섬>,예술사업팀,숨: 쉬는 섬,이미지,"[참고자료 폴더]
SharePoint > 예술사업팀 > 문서 > General — https://gscaltexyeulmaru.sharepoint.com/sites/artsmanagement/Shared%20Documents/General

[본문]
# 노출 타이틀
쉬었다 갈래?
우리 SUM에서

# 소개 문구
🏝️ 기획전시 < 숨: 쉬는 섬 - BREATHING ISLAND>

여러분의 마음 속 ‘섬’은 어떤 모습인가요.
파도 소리, 부드러운 모래, 
아무도 없는 고요한 풍경을 떠올리셨나요.
 
하지만 우리가 찾고 싶은 섬은 
멀리 있는 어딘가 가 아니라, 
이미 내 안에 머물고 있는 곳일지도 모릅니다.
 
GS칼텍스 예울마루 <숨: 쉬는 섬>은 
잠시 멈춰, 나에게로 돌아가는 시간입니다.
지친 마음을 내려놓고 천천히 숨을 고르며 
잊고 있던 나만의 풍경을 만나보세요.
 
그 섬에서
 
가장 조용하고 깊은 쉼, 
그리고 가장 순수한 나를 발견하게 될 것입니다.

# 프로그램 개요
🏝️일 시 : 2026. 7. 21. (화) ~ 2026. 10. 18. (일) | 매주 월요일 휴관
🏝️시 간 : 10:00 ~ 18:00 (17:30 입장 마감)
🏝️장 소 : GS칼텍스 예울마루 7층 전시실
🏝️관람료: 5,000원 (전 연령)
🏝️도슨트 (주말, 공휴일) 11시/ 14시/16시 (1일 3회)
* 단체 관람객 도슨트와 시간이 겹칠 경루, 추가 도슨트 운영을 하지 않습니다. *

# 태그(출연진 또는 작가)

🏝️ 자세한 내용은 프로필의 링크를 참고해주시기 바랍니다.",Cameron Lane 09790,완료,,Jordan Bennett 22946,https://www.instagram.com/p/DbCSUPwvXlK/,,,예정,2026-07-21 10:39:37,,,,260721_01,
117,2026-07-07 14:10:00,2026-07-07 00:00:00,2026,7,7,화요일,기타,-,공연,기타,예술사업팀,공연 전시 상품 등록,텍스트,"[플랫폼명]
티켓셀러

[홍보 의도]
-",상관 없음,예정,,Avery Reed 08336,,,,,2026-07-07 14:07:08,,,,,
118,2026-07-08 10:00:00,2026-07-08 00:00:00,2026,7,8,수요일,기타,-,전시,기타,예술사업팀,창작스튜디오 입주작가 인터뷰,텍스트,"[플랫폼명]
창작스튜디오 입주작가 인터뷰

[본문]
창작스튜디오 7기 입주작가 인터뷰 요청
8월말부터 순서대로 입주작가님들 전시가 진행될 예정입니다.
안민환 - 박금만 - 정혜령 - 김서량 - 윤동천
위 순서대로 인터뷰하시고 인스타에 게시되면 좋을 듯 합니다.
이전에 게시되었던 김희수, 신혜정작가 인터뷰 느낌으로 해주시면 감사하겠습니다.
인터뷰 일정은 작가님 일정과 담당자 일정 조율해서 맞춰보겠습니다.
가능여부 확인해주시고 알려주세요~

[홍보 의도]
입주작가 전시 홍보 및 작가 소개 등",Cameron Lane 09790,완료,,Taylor Parker 05068,,,인터뷰 가능 일정 조율 중.,예정,2026-07-08 15:20:43,,,,,
119,2026-07-08 17:00:00,2026-07-08 00:00:00,2026,7,8,수요일,블로그·맘카페,블로그,공연,조재혁 피아노 리사이틀,예술사업팀,조재혁 피아노 리사이틀 블로그 포스팅,텍스트,"[참고자료 폴더]
SharePoint > 예술사업팀 > 문서 > General — https://gscaltexyeulmaru.sharepoint.com/sites/artsmanagement/Shared%20Documents/General

[글 작성 방향]
음반발매기념 <조재혁 피아노 리사이틀>

음악사에 길이 남은 천재,볼프강 아마데우스 모차르트 탄생 270주년을 기념해 피아니스트 조재혁이 모차르트 피아노 소나타의 세계를 들고 이번 9월, 예울마루 대극장에 찾아옵니다
",Cameron Lane 09790,완료,,Cameron Lane 09790,https://blog.naver.com/gscaltex_yeulmaru/224340513722,,,예정,2026-07-08 16:55:23,,,,260912_01,
118,2026-07-15 10:00:00,2026-07-15 00:00:00,2026,7,15,수요일,문자,마케팅 수신 회원,기타,기타,예술사업팀,고객 의견 수렴 2차 발송,텍스트,"[본문]
(광고) GS칼텍스 예울마루


-

- 예울마루 카카오채널 구독: https://pf.kakao.com/_xfnxjxfd

문의 15447669
무료거부 0801564352",Avery Reed 08336,완료,,Avery Reed 08336,,,,예정,2026-07-15 13:06:23,,,,,
119,2026-07-17 10:00:00,2026-07-17 00:00:00,2026,7,17,금요일,카카오톡,-,공연,여수세계섬박람회 기념 음악회,예술사업팀,섬 박람회,이미지,"[참고자료 폴더]
SharePoint > 예술사업팀 > 문서 > General — https://gscaltexyeulmaru.sharepoint.com/sites/artsmanagement/Shared%20Documents/General",상관 없음,취소,,Avery Reed 08336,,,,예정,2026-07-16 19:06:31,,,,260910_01,
119,2026-07-23 16:00:00,2026-07-23 00:00:00,2026,7,23,목요일,인스타그램,-,공연,뮤지컬 <그날들>,예술사업팀,그날들 T/O,이미지,"[참고자료 폴더]
SharePoint > 예술사업팀 > 문서 > General — https://gscaltexyeulmaru.sharepoint.com/sites/artsmanagement/Shared%20Documents/General

[본문]
# 노출 타이틀

# 소개 문구

# 프로그램 개요
📍일 시 : 2026. 0. 0. (0) 00:00
📍장 소 : GS칼텍스 예울마루 00극장
📍가 격 : R석 0만원, S석 0만원
- 할인율:
- 홈페이지 회원 할인: 10%
📍관람 가능 연령 : 00세(00년생부터 관람 가능)

# 태그(출연진 또는 작가)

💕 자세한 내용은 프로필의 링크를 참고해주시기 바랍니다.",Cameron Lane 09790,완료,,Cameron Lane 09790,https://www.instagram.com/p/DbH_Gzjkccw/?img_index=1,,,예정,2026-07-23 15:16:40,,,,260918_01,
120,2026-07-24 15:00:00,2026-07-24 00:00:00,2026,7,24,금요일,카카오톡,-,공연,뮤지컬 <그날들>,예술사업팀,그날들 T/O,이미지,"[참고자료 폴더]
SharePoint > 예술사업팀 > 문서 > General — https://gscaltexyeulmaru.sharepoint.com/sites/artsmanagement/Shared%20Documents/General

[본문 (76자)]
TBU",Avery Reed 08336,완료,,Cameron Lane 09790,,,,예정,2026-07-24 16:27:09,,,,260918_01,
121,2026-07-24 15:00:00,2026-07-24 00:00:00,2026,7,24,금요일,문자,마케팅 수신 회원,공연,뮤지컬 <그날들>,예술사업팀,그날들 T/O,텍스트,"[본문]
(광고) GS칼텍스 예울마루


TBU

- 예울마루 카카오채널 구독: https://pf.kakao.com/_xfnxjxfd

문의 15447669
무료거부 0801564352",Avery Reed 08336,취소,,Cameron Lane 09790,,,,예정,2026-07-21 13:09:47,,,-,260918_01,
122,2026-07-22 17:00:00,2026-07-22 00:00:00,2026,7,22,수요일,블로그·맘카페,블로그,공연,다비드 바뱅 & 아드리앙 몽도 <피아노 & 피아노>,예술사업팀,피아노피아노 홍보 포스팅,텍스트,"[참고자료 폴더]
SharePoint > 예술사업팀 > 문서 > General — https://gscaltexyeulmaru.sharepoint.com/sites/artsmanagement/Shared%20Documents/General

[글 작성 방향]
TBU",Cameron Lane 09790,완료,,Cameron Lane 09790,,,,예정,2026-07-22 17:54:21,,,,261027_01,
123,2026-07-24 17:00:00,2026-07-24 00:00:00,2026,7,24,금요일,블로그·맘카페,블로그,공연,뮤지컬 <그날들>,예술사업팀,그날들 홍보 포스팅,텍스트,"[참고자료 폴더]
SharePoint > 예술사업팀 > 문서 > General — https://gscaltexyeulmaru.sharepoint.com/sites/artsmanagement/Shared%20Documents/General

[글 작성 방향]
TBU",Cameron Lane 09790,완료,,Cameron Lane 09790,,,,예정,2026-07-25 08:56:10,,,,260918_01,
124,2026-07-28 15:00:00,2026-07-28 00:00:00,2026,7,28,화요일,문자,마케팅 수신 회원,공연,여수세계섬박람회 기념 음악회,예술사업팀,섬 박람회 T/O,텍스트,"[본문]
(광고) GS칼텍스 예울마루


TBU

- 예울마루 카카오채널 구독: https://pf.kakao.com/_xfnxjxfd

문의 15447669
무료거부 0801564352",Avery Reed 08336,취소,,Cameron Lane 09790,,,,예정,2026-07-25 11:01:11,,,-,260910_01,
125,2026-07-28 15:50:00,2026-07-28 00:00:00,2026,7,28,화요일,카카오톡,-,공연,여수세계섬박람회 기념 음악회,예술사업팀,섬 박람회 T/O,이미지,"[참고자료 폴더]
SharePoint > 예술사업팀 > 문서 > General — https://gscaltexyeulmaru.sharepoint.com/sites/artsmanagement/Shared%20Documents/General

[본문 (76자)]
TBU",Avery Reed 08336,취소,,Cameron Lane 09790,,,,예정,2026-07-28 10:02:09,,,pp,260910_01,
126,2026-07-28 16:00:00,2026-07-28 00:00:00,2026,7,28,화요일,인스타그램,-,공연,여수세계섬박람회 기념 음악회,예술사업팀,섬 박람회 T/O,이미지,"[참고자료 폴더]
SharePoint > 예술사업팀 > 문서 > General — https://gscaltexyeulmaru.sharepoint.com/sites/artsmanagement/Shared%20Documents/General

[본문]
# 노출 타이틀

# 소개 문구

# 프로그램 개요
📍일 시 : 2026. 0. 0. (0) 00:00
📍장 소 : GS칼텍스 예울마루 00극장
📍가 격 : R석 0만원, S석 0만원
- 할인율:
- 홈페이지 회원 할인: 10%
📍관람 가능 연령 : 00세(00년생부터 관람 가능)

# 태그(출연진 또는 작가)

💕 자세한 내용은 프로필의 링크를 참고해주시기 바랍니다.",Cameron Lane 09790,취소,,Cameron Lane 09790,,,,예정,2026-07-25 11:01:38,,,ㅇ,260910_01,
127,2026-07-28 17:00:00,2026-07-28 00:00:00,2026,7,28,화요일,블로그·맘카페,블로그,공연,여수세계섬박람회 기념 음악회,예술사업팀,섬 박람회 홍보 포스팅,텍스트,"[참고자료 폴더]
SharePoint > 예술사업팀 > 문서 > General — https://gscaltexyeulmaru.sharepoint.com/sites/artsmanagement/Shared%20Documents/General

[글 작성 방향]
TBU",Cameron Lane 09790,취소,,Cameron Lane 09790,,,,예정,2026-07-28 10:01:27,,,-,260910_01,
128,2026-07-30 15:00:00,2026-07-30 00:00:00,2026,7,30,목요일,문자,마케팅 수신 회원,공연,국립현대무용단 <트리플 빌>,예술사업팀,트리플 빌 T/O,텍스트,"[본문]
(광고) GS칼텍스 예울마루


TBU

- 예울마루 카카오채널 구독: https://pf.kakao.com/_xfnxjxfd

문의 15447669
무료거부 0801564352",Avery Reed 08336,완료,,Cameron Lane 09790,,,,예정,2026-07-30 16:44:46,,,,261014_01,
128,2026-07-30 15:50:00,2026-07-30 00:00:00,2026,7,30,목요일,카카오톡,-,공연,국립현대무용단 <트리플 빌>,예술사업팀,트리플 빌 T/O,이미지,"[참고자료 폴더]
SharePoint > 예술사업팀 > 문서 > General — https://gscaltexyeulmaru.sharepoint.com/sites/artsmanagement/Shared%20Documents/General

[본문 (76자)]
TBU",Avery Reed 08336,완료,,Cameron Lane 09790,,,,예정,2026-07-30 16:44:33,,,,261014_01,
129,2026-07-30 16:00:00,2026-07-30 00:00:00,2026,7,30,목요일,인스타그램,-,공연,국립현대무용단 <트리플 빌>,예술사업팀,트리플 빌 T/O,이미지,"[참고자료 폴더]
SharePoint > 예술사업팀 > 문서 > General — https://gscaltexyeulmaru.sharepoint.com/sites/artsmanagement/Shared%20Documents/General

[본문]
# 노출 타이틀

# 소개 문구

# 프로그램 개요
📍일 시 : 2026. 0. 0. (0) 00:00
📍장 소 : GS칼텍스 예울마루 00극장
📍가 격 : R석 0만원, S석 0만원
- 할인율:
- 홈페이지 회원 할인: 10%
📍관람 가능 연령 : 00세(00년생부터 관람 가능)

# 태그(출연진 또는 작가)

💕 자세한 내용은 프로필의 링크를 참고해주시기 바랍니다.",Cameron Lane 09790,완료,,Cameron Lane 09790,https://www.instagram.com/p/DbaGmwGkZRZ/?img_index=1,,,예정,2026-07-30 16:44:16,,,,261014_01,
130,2026-07-23 16:00:00,2026-07-23 00:00:00,2026,7,23,목요일,문자,마케팅 수신 회원,공연,뮤지컬 <그날들>,예술사업팀,그날들,텍스트,"[본문]
(광고) GS칼텍스 예울마루


잊혀져간 기억, 잊지 못할 그날
대한민국 대표 창작 뮤지컬 <그날들> 바로 내일 티켓 오픈!(7/24 금 16시)
'서른 즈음에', '사랑했지만' 등 시대를 울린 명곡들과 함께
엄기준, 류수영, 윤시윤, 산들 등 믿고 보는 배우들이 그려내는 인생의 파노라마를
무대 위에서 직접 만나보세요.

♬ 공연일시: 2026. 9. 18(금) - 9. 20(일)
♬ 공연장소: GS칼텍스 예울마루 대극장
♬ 관람연령: 초등학생 이상 관람 가능
♬ 내용상세: https://www.yeulmaru.org/performance/v/?u=1287

- 예울마루 카카오채널 구독: https://pf.kakao.com/_xfnxjxfd

문의 15447669
무료거부 0801564352",Avery Reed 08336,예정,,Avery Reed 08336,,,,,2026-07-21 13:09:24,,,,260918_01,
131,2026-07-29 11:00:00,2026-07-29 00:00:00,2026,7,29,수요일,문자,마케팅 수신 회원,대관,다음 달 홍보 일정,예술사업팀,8월 월간 일정,텍스트,"[본문]
(광고) GS칼텍스 예울마루


[공연]타악앙상블 META의 전자음향과 타악기
일정:8/22(토) 17:00 소극장
문의:000-0004-0892 

[공연]KBS교향악단과 함께하는 제10회 여수음악제
일정:8/29(토)~8/30(일) 17:00 대극장
8/30(일) 14:00 소극장
문의:000-0004-8103

[전시]기획전시 <숨: 쉬는 SUM>
일정:07/21(화)~10/18(일) 매주(월)휴관 7층전시실
문의:예울마루 1544-7669

[전시]창작스튜디오 7기 입주작가전 <안민환>
일정:8/25(화)~10/25(일) 장도야외
문의:예울마루 1544-7669

[전시]우주를, 바다를-담다, 닮다
일정:8/7(금)~8/12(수) 매주(월)휴관 장도전시실
문의:000-0000-8409

[전시]Pick Your Knot 
- 선택과 공감으로 완성되는 매듭
일정:/07(금)~8/12(수) 매주(월)휴관 장도전시실
문의:000-0003-1665

- 예울마루 카카오채널 구독: https://pf.kakao.com/_xfnxjxfd

문의 15447669
무료거부 0801564352",상관 없음,완료,,Avery Brooks 06336,,,,예정,2026-07-29 11:37:28,,,,,
132,2026-07-24 16:00:00,2026-07-24 00:00:00,2026,7,24,금요일,인스타그램,-,공연,뮤지컬 <그날들>,예술사업팀,그날들 티켓오픈 홍보,이미지,"[참고자료 폴더]
SharePoint > 예술사업팀 > 문서 > General — https://gscaltexyeulmaru.sharepoint.com/sites/artsmanagement/Shared%20Documents/General

[본문]
# 노출 타이틀

# 소개 문구

# 프로그램 개요
📍일 시 : 2026. 0. 0. (0) 00:00
📍장 소 : GS칼텍스 예울마루 00극장
📍가 격 : R석 0만원, S석 0만원
- 할인율:
- 홈페이지 회원 할인: 10%
📍관람 가능 연령 : 00세(00년생부터 관람 가능)

# 태그(출연진 또는 작가)

💕 자세한 내용은 프로필의 링크를 참고해주시기 바랍니다.",Cameron Lane 09790,완료,,Cameron Lane 09790,,,,예정,2026-07-24 16:27:20,,,,260918_01,
133,2026-08-07 15:50:00,2026-08-07 00:00:00,2026,8,7,금요일,카카오톡,-,공연,여수세계섬박람회 기념 음악회,예술사업팀,여수 섬 박람회 기념 T/O,이미지,"[참고자료 폴더]
SharePoint > 예술사업팀 > 문서 > General — https://gscaltexyeulmaru.sharepoint.com/sites/artsmanagement/Shared%20Documents/General",Avery Reed 08336,예정,,Avery Reed 08336,,,,,2026-07-28 10:03:06,,,,260910_01,
134,2026-08-19 15:00:00,2026-08-19 00:00:00,2026,8,19,수요일,문자,마케팅 수신 회원,공연,"18세기, 시대악기로 만나는 바로크의 정격연주",예술사업팀,바로크 클래식 T/O,텍스트,"[본문]
(광고) GS칼텍스 예울마루


-

- 예울마루 카카오채널 구독: https://pf.kakao.com/_xfnxjxfd

문의 15447669
무료거부 0801564352",Avery Reed 08336,예정,,Avery Reed 08336,,,,,2026-07-28 10:04:18,,,,261022_01,
135,2026-07-28 01:10:00,2026-07-28 00:00:00,2026,7,28,화요일,카카오톡,-,공연,뮤지컬 <그날들>,예술사업팀,그날들 홍보 카톡,이미지,"[참고자료 폴더]
SharePoint > 예술사업팀 > 문서 > General — https://gscaltexyeulmaru.sharepoint.com/sites/artsmanagement/Shared%20Documents/General",Avery Reed 08336,예정,,Avery Reed 08336,,,,,2026-07-28 10:08:32,,,,260918_01,
136,2026-07-28 10:00:00,2026-07-28 00:00:00,2026,7,28,화요일,인스타그램,-,공연,뮤지컬 <그날들>,예술사업팀,그날들 인스타그램 캐스팅 메인페이지에 9블록,이미지,"[참고자료 폴더]
SharePoint > 예술사업팀 > 문서 > General — https://gscaltexyeulmaru.sharepoint.com/sites/artsmanagement/Shared%20Documents/General

[본문]
# 노출 타이틀

# 소개 문구

# 프로그램 개요
📍일 시 : 2026. 0. 0. (0) 00:00
📍장 소 : GS칼텍스 예울마루 00극장
📍가 격 : R석 0만원, S석 0만원
- 할인율:
- 홈페이지 회원 할인: 10%
📍관람 가능 연령 : 00세(00년생부터 관람 가능)

# 태그(출연진 또는 작가)

💕 자세한 내용은 프로필의 링크를 참고해주시기 바랍니다.",상관 없음,완료,,Avery Reed 08336,,,,예정,2026-07-28 16:18:55,,,,260918_01,
137,2026-07-29 16:30:00,2026-07-29 00:00:00,2026,7,29,수요일,인스타그램,-,공연,브런치 콘서트 Ⅲ <현 위로 흐르는 계절>,예술사업팀,브런치 Ⅲ 파트 3 홍보물,이미지,"[참고자료 폴더]
SharePoint > 예술사업팀 > 문서 > General — https://gscaltexyeulmaru.sharepoint.com/sites/artsmanagement/Shared%20Documents/General

[본문]
# 노출 타이틀

# 소개 문구

# 프로그램 개요
📍일 시 : 2026. 0. 0. (0) 00:00
📍장 소 : GS칼텍스 예울마루 00극장
📍가 격 : R석 0만원, S석 0만원
- 할인율:
- 홈페이지 회원 할인: 10%
📍관람 가능 연령 : 00세(00년생부터 관람 가능)

# 태그(출연진 또는 작가)

💕 자세한 내용은 프로필의 링크를 참고해주시기 바랍니다.",Cameron Lane 09790,완료,,Cameron Lane 09790,https://www.instagram.com/p/DbXlSV_kdXu/?img_index=1,,,예정,2026-07-29 16:36:14,,,,260903_01,
138,2026-08-07 15:00:00,2026-08-07 00:00:00,2026,8,7,금요일,문자,마케팅 수신 회원,공연,여수세계섬박람회 기념 음악회,예술사업팀,여수 섬 박람회 기념 T/O,텍스트,"[본문]
(광고) GS칼텍스 예울마루




- 예울마루 카카오채널 구독: https://pf.kakao.com/_xfnxjxfd

문의 15447669
무료거부 0801564352",Avery Reed 08336,완료,,Avery Reed 08336,,,,예정,2026-08-07 16:29:02,,,,260910_01,
139,2026-08-07 15:00:00,2026-08-07 00:00:00,2026,8,7,금요일,인스타그램,-,공연,여수세계섬박람회 기념 음악회,예술사업팀,여수 섬 박람회 기념 T/O,이미지,"[참고자료 폴더]
SharePoint > 예술사업팀 > 문서 > General — https://gscaltexyeulmaru.sharepoint.com/sites/artsmanagement/Shared%20Documents/General

[본문]
# 노출 타이틀

# 소개 문구

# 프로그램 개요
📍일 시 : 2026. 0. 0. (0) 00:00
📍장 소 : GS칼텍스 예울마루 00극장
📍가 격 : R석 0만원, S석 0만원
- 할인율:
- 홈페이지 회원 할인: 10%
📍관람 가능 연령 : 00세(00년생부터 관람 가능)

# 태그(출연진 또는 작가)

💕 자세한 내용은 프로필의 링크를 참고해주시기 바랍니다.",Cameron Lane 09790,완료,,Avery Reed 08336,,,,예정,2026-08-07 16:43:48,,,,260910_01,
140,2026-08-19 15:50:00,2026-08-19 00:00:00,2026,8,19,수요일,카카오톡,-,공연,"18세기, 시대악기로 만나는 바로크의 정격연주",예술사업팀,바로크 클래식 T/O,텍스트,"[본문]
(광고) GS칼텍스 예울마루


-

- 예울마루 카카오채널 구독: https://pf.kakao.com/_xfnxjxfd

문의 15447669
무료거부 0801564352",Avery Reed 08336,예정,,Avery Reed 08336,,,,,2026-08-03 23:40:37,,,,261022_01,
141,2026-08-19 15:00:00,2026-08-19 00:00:00,2026,8,19,수요일,인스타그램,-,공연,"18세기, 시대악기로 만나는 바로크의 정격연주",예술사업팀,바로크 클래식 T/O,이미지,"[참고자료 폴더]
SharePoint > 예술사업팀 > 문서 > General — https://gscaltexyeulmaru.sharepoint.com/sites/artsmanagement/Shared%20Documents/General

[본문]
# 노출 타이틀

# 소개 문구

# 프로그램 개요
📍일 시 : 2026. 0. 0. (0) 00:00
📍장 소 : GS칼텍스 예울마루 00극장
📍가 격 : R석 0만원, S석 0만원
- 할인율:
- 홈페이지 회원 할인: 10%
📍관람 가능 연령 : 00세(00년생부터 관람 가능)

# 태그(출연진 또는 작가)

💕 자세한 내용은 프로필의 링크를 참고해주시기 바랍니다.",Cameron Lane 09790,예정,,Avery Reed 08336,,,,,2026-08-03 23:43:14,,,,261022_01,
142,2026-08-04 14:00:00,2026-08-04 00:00:00,2026,8,4,화요일,카카오톡,-,공연,뮤지컬 <그날들>,예술사업팀,뮤지컬 <그날들> 쇼츠,영상,"[참고자료 폴더]
SharePoint > 예술사업팀 > 문서 > General — https://gscaltexyeulmaru.sharepoint.com/sites/artsmanagement/Shared%20Documents/General

[본문 (76자)]
그날들 쇼츠 모음",Avery Reed 08336,완료,,Avery Reed 08336,,,,예정,2026-08-04 17:47:33,,,,260918_01,
143,2026-08-14 10:00:00,2026-08-14 00:00:00,2026,8,14,금요일,카카오톡,-,전시,GS칼텍스 예울마루 기획전시 <숨: 쉬는 섬>,예술사업팀,숨쉬는섬,영상,"[참고자료 폴더]
SharePoint > 예술사업팀 > 문서 > General > 3. 기획 전시 — https://gscaltexyeulmaru.sharepoint.com/sites/artsmanagement/Shared%20Documents/General/3.%20%EA%B8%B0%ED%9A%8D%20%EC%A0%84%EC%8B%9C

[본문 (76자)]
🌿 여름이 가기 전, 나만의 쉼을 찾아보세요.신발을 벗고 편안히 앉아 잠시 일상을 내려놓고 마음의 소리에 귀 기울이는 시간 예울마루",Avery Reed 08336,예정,,Cameron Foster 06326,,,,신청 중,2026-08-04 10:53:00,,,,260721_01,
144,2026-08-04 16:00:00,2026-08-04 00:00:00,2026,8,4,화요일,인스타그램,-,공연,뮤지컬 <그날들>,예술사업팀,그날들 내가 지키지 못한 것,영상,"[참고자료 폴더]
SharePoint > 예술사업팀 > 문서 > General — https://gscaltexyeulmaru.sharepoint.com/sites/artsmanagement/Shared%20Documents/General

[본문]
# 노출 타이틀

# 소개 문구

# 프로그램 개요
📍일 시 : 2026. 0. 0. (0) 00:00
📍장 소 : GS칼텍스 예울마루 00극장
📍가 격 : R석 0만원, S석 0만원
- 할인율:
- 홈페이지 회원 할인: 10%
📍관람 가능 연령 : 00세(00년생부터 관람 가능)

# 태그(출연진 또는 작가)

💕 자세한 내용은 프로필의 링크를 참고해주시기 바랍니다.",Avery Reed 08336,완료,,Avery Reed 08336,,,,예정,2026-08-04 17:48:19,,,,260918_01,
145,2026-08-15 00:00:00,2026-08-15 00:00:00,2026,8,15,토요일,카카오톡,-,공연,뮤지컬 <그날들>,예술사업팀,그날들,영상,"[참고자료 폴더]
SharePoint > 예술사업팀 > 문서 > General — https://gscaltexyeulmaru.sharepoint.com/sites/artsmanagement/Shared%20Documents/General

[본문 (76자)]
ㅓㅏㅏㅓㅏㅓㅏㅓ",Avery Reed 08336,예정,,Avery Reed 08336,,,,,2026-08-04 14:02:00,,,,260918_01,
146,2026-08-05 15:00:00,2026-08-05 00:00:00,2026,8,5,수요일,인스타그램,-,공연,조재혁 피아노 리사이틀,예술사업팀,조기예매 25% 마감 D-3,이미지,"[본문]
8/8(토) 마감 · R 60,000→45,000 / S 40,000→30,000",Cameron Lane 09790,예정,,Avery Reed 08336,,,,,2026-08-05 08:20:24,,,,260912_01,
,,,,,,,,,,,,,,,,,,,,,,,,,,,,
148,2026-08-05 11:00:00,2026-08-05 00:00:00,2026,8,5,수요일,인스타그램,-,공연,조재혁 피아노 리사이틀,예술사업팀,조기예매 25% 마감 D-3,이미지,"[참고자료 폴더]
SharePoint > 예술사업팀 > 문서 > General — https://gscaltexyeulmaru.sharepoint.com/sites/artsmanagement/Shared%20Documents/General

[본문]
# 노출 타이틀

# 소개 문구

# 프로그램 개요
📍일 시 : 2026. 0. 0. (0) 00:00
📍장 소 : GS칼텍스 예울마루 00극장
📍가 격 : R석 0만원, S석 0만원
- 할인율:
- 홈페이지 회원 할인: 10%
📍관람 가능 연령 : 00세(00년생부터 관람 가능)

# 태그(출연진 또는 작가)

💕 자세한 내용은 프로필의 링크를 참고해주시기 바랍니다.",Avery Reed 08336,예정,,Avery Reed 08336,,,,,2026-08-04 18:03:33,,,,260912_01,
149,2026-08-06 14:00:00,2026-08-06 00:00:00,2026,8,6,목요일,카카오톡,-,공연,여수세계섬박람회 기념 음악회,예술사업팀,티켓오픈 안내,이미지,"[본문 (76자)]
9/10(목) 대극장 · 박람회 개막주 첫 공연",Avery Reed 08336,취소,,Avery Reed 08336,,,,예정,2026-08-05 14:04:17,,,,260910_01,
,,,,,,,,,,,,,,,,,,,,,,,,,,,,
,,,,,,,,,,,,,,,,,,,,,,,,,,,,
153,2026-08-13 11:00:00,2026-08-13 00:00:00,2026,8,13,목요일,카카오톡,-,공연,뮤지컬 <이상한 나라의 춘자씨>,예술사업팀,티켓오픈 안내,이미지,"[본문 (76자)]
10/9~10 대극장 · R 30,000 / S 20,000",Avery Reed 08336,예정,,Avery Reed 08336,,,,,2026-08-04 18:04:46,,,,261009_01,
154,2026-08-13 14:00:00,2026-08-13 00:00:00,2026,8,13,목요일,인스타그램,-,공연,뮤지컬 <이상한 나라의 춘자씨>,예술사업팀,티켓오픈 릴스,영상,"[본문]
2024 공연예술창작산실 올해의 신작",Cameron Lane 09790,예정,,Avery Reed 08336,,,,,2026-08-04 18:04:54,,,,261009_01,
,,,,,,,,,,,,,,,,,,,,,,,,,,,,
,,,,,,,,,,,,,,,,,,,,,,,,,,,,
158,2026-08-21 15:00:00,2026-08-21 00:00:00,2026,8,21,금요일,인스타그램,-,공연,조재혁 피아노 리사이틀,예술사업팀,바로크의 정점에서 고전의 새벽까지 — 예울마루의 18세기,이미지,"[본문]
9/12 현대 피아노(조재혁 = 모차르트 270주년 프로젝트) ↔ 10/22 시대악기 · 학생 둘 다 1만원",Cameron Lane 09790,예정,,Avery Reed 08336,,,,,2026-08-04 18:05:38,,,,260912_01,
159,2026-08-26 16:00:00,2026-08-26 00:00:00,2026,8,26,수요일,인스타그램,-,공연,뮤지컬 <그날들>,예술사업팀,출연 배우 인사영상,영상,"[본문]
서울 종연(8/23) 직후 · 김광석 30주기",Cameron Lane 09790,예정,,Avery Reed 08336,,,,,2026-08-04 18:06:07,,,,260918_01,
170,2026-09-01 14:00:00,2026-09-01 00:00:00,2026,9,1,화요일,인스타그램,-,공연,여수세계섬박람회 기념 음악회,예술사업팀,"박람회 보러 온 김에, 저녁엔 예울마루",이미지,"[본문]
공동작업자 · 회기 9/5~11/4 시즌 안내",Cameron Lane 09790,예정,,Avery Reed 08336,,,,,2026-08-04 18:06:38,,,,260910_01,
171,2026-09-03 15:00:00,2026-09-03 00:00:00,2026,9,3,목요일,인스타그램,-,공연,뮤지컬 <이상한 나라의 춘자씨>,예술사업팀,영화관 대신 공연장 ② %할인 3종,이미지,"[본문]
춘자씨 50%(초·중·고) · 트리플빌/피아노 30%",Cameron Lane 09790,예정,,Avery Reed 08336,,,,,2026-08-04 18:06:51,,,,261009_01,
172,2026-09-16 11:00:00,2026-09-16 00:00:00,2026,9,16,수요일,카카오톡,-,공연,뮤지컬 <그날들>,예술사업팀,공연 D-2,이미지,"[본문 (76자)]
9/18~20 4회차 · 10년 만의 재방문",Avery Reed 08336,예정,,Avery Reed 08336,,,,,2026-08-04 18:06:58,,,,260918_01,
173,2026-09-24 15:00:00,2026-09-24 00:00:00,2026,9,24,목요일,인스타그램,-,공연,국립현대무용단 <트리플 빌>,예술사업팀,"10월, 여수에서만 (희소성 묶음)",이미지,"[본문]
트리플 빌 + 피아노 & 피아노 · 학생 30%",Cameron Lane 09790,예정,,Avery Reed 08336,,,,,2026-08-04 18:07:30,,,,261014_01,
174,2026-09-24 16:00:00,2026-09-24 00:00:00,2026,9,24,목요일,블로그·맘카페,블로그,공연,국립현대무용단 <트리플 빌>,예술사업팀,"10월, 여수에서만 — 롱폼",텍스트,"[글 작성 방향]
국립 단체 지역투어 + 해외 아티스트 내한",Cameron Lane 09790,예정,,Avery Reed 08336,,,,,2026-08-04 18:07:38,,,,261014_01,
175,2026-10-06 14:00:00,2026-10-06 00:00:00,2026,10,6,화요일,인스타그램,-,공연,뮤지컬 <이상한 나라의 춘자씨>,예술사업팀,공연 D-3 릴스,영상,"[본문]
10/9~10 · 가족 관람 소구",Cameron Lane 09790,예정,,Avery Reed 08336,,,,,2026-08-04 18:07:45,,,,261009_01,
176,2026-10-08 16:00:00,2026-10-08 00:00:00,2026,10,8,목요일,블로그·맘카페,블로그,공연,국립현대무용단 <트리플 빌>,예술사업팀,윌리엄 포사이스 심화,텍스트,"[글 작성 방향]
서울 CJ토월 10/2~4 직후 · 검색 유입용",Cameron Lane 09790,예정,,Avery Reed 08336,,,,,2026-08-04 18:07:56,,,,261014_01,
177,2026-10-16 15:00:00,2026-10-16 00:00:00,2026,10,16,금요일,인스타그램,-,공연,"18세기, 시대악기로 만나는 바로크의 정격연주",예술사업팀,시대악기로 듣는 18세기,이미지,"[본문]
제목 그대로 = 바로크의 정점 → 고전의 새벽 · 소극장",Cameron Lane 09790,예정,,Avery Reed 08336,,,,,2026-08-04 18:08:20,,,,261022_01,
178,2026-10-21 14:00:00,2026-10-21 00:00:00,2026,10,21,수요일,인스타그램,-,공연,다비드 바뱅 & 아드리앙 몽도 <피아노 & 피아노>,예술사업팀,20년 전 아비뇽의 재회,영상,"[본문]
babx × Adrien M & Claire B · 2023 초연",Cameron Lane 09790,예정,,Avery Reed 08336,,,,,2026-08-04 18:08:32,,,,261027_01,
179,2026-10-21 16:00:00,2026-10-21 00:00:00,2026,10,21,수요일,블로그·맘카페,블로그,공연,다비드 바뱅 & 아드리앙 몽도 <피아노 & 피아노>,예술사업팀,미디어아트 롱폼,텍스트,"[글 작성 방향]
아르떼 컨택 연계 · 검색 유입용",Cameron Lane 09790,예정,,Avery Reed 08336,,,,,2026-08-04 18:09:00,,,,261027_01,
168,2026-08-05 14:00:00,2026-08-05 00:00:00,2026,8,5,수요일,기타,-,공연,기타,예술사업팀,섬박람회 관련 홍보 전달,텍스트,"[플랫폼명]
보도자료

[본문]
ㅗㅓ

[홍보 의도]
ㅗㅓ",Avery Reed 08336,취소,,Avery Reed 08336,,,,예정,2026-08-06 09:38:55,,,,,
169,2026-08-04 17:00:00,2026-08-04 00:00:00,2026,8,4,화요일,인스타그램,-,공연,조재혁 피아노 리사이틀,예술사업팀,조재혁 리사이틀 홍보,이미지,"[참고자료 폴더]
SharePoint > 예술사업팀 > 문서 > General — https://gscaltexyeulmaru.sharepoint.com/sites/artsmanagement/Shared%20Documents/General

[본문]
# 노출 타이틀

# 소개 문구

# 프로그램 개요
📍일 시 : 2026. 0. 0. (0) 00:00
📍장 소 : GS칼텍스 예울마루 00극장
📍가 격 : R석 0만원, S석 0만원
- 할인율:
- 홈페이지 회원 할인: 10%
📍관람 가능 연령 : 00세(00년생부터 관람 가능)

# 태그(출연진 또는 작가)

💕 자세한 내용은 프로필의 링크를 참고해주시기 바랍니다.",Cameron Lane 09790,완료,,Cameron Lane 09790,,,,예정,2026-08-05 08:52:48,,,,260912_01,
170,2026-08-05 10:30:00,2026-08-05 00:00:00,2026,8,5,수요일,기타,-,전시,기타,예술사업팀,안민환 작가 인터뷰 카드뉴스 컨펌,이미지,"[플랫폼명]
Taylor Parker 05068 선임님께 컨펌

[참고자료 폴더]
SharePoint > 예술사업팀 > 문서 > General — https://gscaltexyeulmaru.sharepoint.com/sites/artsmanagement/Shared%20Documents/General

[홍보 의도]
안민환 작가 홍보, 안민환 작가 장도 개인전 홍보",Cameron Lane 09790,완료,,Cameron Lane 09790,,,,예정,2026-08-05 11:06:20,,,,,
169,2026-08-06 17:00:00,2026-08-06 00:00:00,2026,8,6,목요일,인스타그램,-,공연,다비드 바뱅 & 아드리앙 몽도 <피아노 & 피아노>,예술사업팀,피아노피아노 홍보,이미지,"[참고자료 폴더]
SharePoint > 예술사업팀 > 문서 > General — https://gscaltexyeulmaru.sharepoint.com/sites/artsmanagement/Shared%20Documents/General

[본문]
# 노출 타이틀

# 소개 문구

# 프로그램 개요
📍일 시 : 2026. 0. 0. (0) 00:00
📍장 소 : GS칼텍스 예울마루 00극장
📍가 격 : R석 0만원, S석 0만원
- 할인율:
- 홈페이지 회원 할인: 10%
📍관람 가능 연령 : 00세(00년생부터 관람 가능)

# 태그(출연진 또는 작가)

💕 자세한 내용은 프로필의 링크를 참고해주시기 바랍니다.",Cameron Lane 09790,완료,,Cameron Lane 09790,,,,예정,2026-08-07 08:58:09,,,,261027_01,
169,2026-08-06 16:00:00,2026-08-06 00:00:00,2026,8,6,목요일,카카오톡,-,공연,다비드 바뱅 & 아드리앙 몽도 <피아노 & 피아노>,예술사업팀,피아노피아노 홍보,이미지,"[참고자료 폴더]
SharePoint > 예술사업팀 > 문서 > General — https://gscaltexyeulmaru.sharepoint.com/sites/artsmanagement/Shared%20Documents/General

[본문 (76자)]
TBU",Avery Reed 08336,완료,,Cameron Lane 09790,,,,예정,2026-08-07 08:58:26,,,,261027_01,
171,2026-08-25 13:00:00,2026-08-25 00:00:00,2026,8,25,화요일,블로그·맘카페,맘카페,공연,국립현대무용단 <트리플 빌>,예술사업팀,트리플 빌,텍스트,"[참고자료 폴더]
SharePoint > 예술사업팀 > 문서 > General — https://gscaltexyeulmaru.sharepoint.com/sites/artsmanagement/Shared%20Documents/General

[글 작성 방향]
<트리플 빌> <피아노피아노> <모차르트가족의음악이야기> 3개 공연을 묶어서, 교육적 효과(새로운 장르 접함) /쉽게 만나지 못하는 공연을 강조하는 내용으로 맘카페 홍보를 진행하고자 합니다.

<트리플 빌> 국립현대무용단의 무용수들이 선보이는 3개의 무용 작품을 한 번에 만나볼 수 있음
<피아노 피아노> 세계적인 프랑스 아티스트 2명이 함께 하는 미디어아트와 클래식, 퍼포먼스가 결합된 무경계장르 공연

<모차르트 가족의 음악~> 우리가 익히 아는 모차르트와 그의 아버지와 아들까지, 모차르트 가문이 남긴 음악적 유산을 당시에 사용된 악기를 고증한 시대악기를 통해 연주함으로써, 마치 18C로 이동한 듯한 느낌을 선사하는 특별한 클래식 공연",상관 없음,신청 중,3건 내용 동일합니다~!,Jordan Hayes 05274,,,,,2026-08-06 16:30:14,,,,261014_01,
172,2026-08-25 13:00:00,2026-08-25 00:00:00,2026,8,25,화요일,블로그·맘카페,맘카페,공연,다비드 바뱅 & 아드리앙 몽도 <피아노 & 피아노>,예술사업팀,피아노×2,텍스트,"[참고자료 폴더]
SharePoint > 예술사업팀 > 문서 > General — https://gscaltexyeulmaru.sharepoint.com/sites/artsmanagement/Shared%20Documents/General

[글 작성 방향]
<트리플빌>요청 건과 동일                                                                                      ",상관 없음,신청 중,,Jordan Hayes 05274,,,,,2026-08-06 16:31:05,,,,261027_01,
173,2026-08-25 13:00:00,2026-08-25 00:00:00,2026,8,25,화요일,블로그·맘카페,맘카페,공연,"18세기, 시대악기로 만나는 바로크의 정격연주",예술사업팀,바로크 바이올린 연주,텍스트,"[참고자료 폴더]
SharePoint > 예술사업팀 > 문서 > General — https://gscaltexyeulmaru.sharepoint.com/sites/artsmanagement/Shared%20Documents/General

[글 작성 방향]
트리플 빌 요청 건과 동일                                                                                           ",상관 없음,신청 중,,Jordan Hayes 05274,,,,,2026-08-06 16:31:58,,,,261022_01,
174,2026-08-07 11:00:00,2026-08-07 00:00:00,2026,8,7,금요일,인스타그램,-,전시,GS칼텍스 예울마루 기획전시 <숨: 쉬는 섬>,예술사업팀,숨쉬는섬 홍보 릴스,영상,"[참고자료 폴더]
SharePoint > 예술사업팀 > 문서 > General — https://gscaltexyeulmaru.sharepoint.com/sites/artsmanagement/Shared%20Documents/General

[본문]
# 노출 타이틀

# 소개 문구

# 프로그램 개요
📍일 시 : 2026. 0. 0. (0) 00:00
📍장 소 : GS칼텍스 예울마루 00극장
📍가 격 : R석 0만원, S석 0만원
- 할인율:
- 홈페이지 회원 할인: 10%
📍관람 가능 연령 : 00세(00년생부터 관람 가능)

# 태그(출연진 또는 작가)

💕 자세한 내용은 프로필의 링크를 참고해주시기 바랍니다.",Cameron Lane 09790,완료,,Cameron Lane 09790,https://www.instagram.com/p/DbuBSyaPaG5/,,,예정,2026-08-07 09:50:03,,,,260721_01,
175,2026-08-08 09:20:00,2026-08-08 00:00:00,2026,8,8,토요일,인스타그램,-,공연,브런치 콘서트 Ⅲ <현 위로 흐르는 계절>,예술사업팀,브런치콘서트 반값에 보는 법?!,이미지,"[참고자료 폴더]
SharePoint > 예술사업팀 > 문서 > General — https://gscaltexyeulmaru.sharepoint.com/sites/artsmanagement/Shared%20Documents/General

[본문]
# 노출 타이틀
브런치 콘서트 반값에 보는법?!
# 소개 문구
공연관람료할인 1만원 쿠폰 받는 법!
# 프로그램 개요
📍일 시 : 2026. 0. 0. (0) 00:00
📍장 소 : GS칼텍스 예울마루 00극장
📍가 격 : R석 0만원, S석 0만원
- 할인율:
- 홈페이지 회원 할인: 10%
📍관람 가능 연령 : 00세(00년생부터 관람 가능)

# 태그(출연진 또는 작가)

💕 자세한 내용은 프로필의 링크를 참고해주시기 바랍니다.",Cameron Lane 09790,완료,해당 내용관련 ppt로 따로 전달드릴게요,Jordan Hayes 05274,https://www.instagram.com/p/DbxBwv7Eail/?img_index=1,,,예정,2026-08-08 14:21:38,,,,260903_01,
175,2026-08-11 17:00:00,2026-08-11 00:00:00,2026,8,11,화요일,인스타그램,-,공연,뮤지컬 <그날들>,예술사업팀,그날들 홍보물,이미지,"[참고자료 폴더]
SharePoint > 예술사업팀 > 문서 > General — https://gscaltexyeulmaru.sharepoint.com/sites/artsmanagement/Shared%20Documents/General

[본문]
# 노출 타이틀

# 소개 문구

# 프로그램 개요
📍일 시 : 2026. 0. 0. (0) 00:00
📍장 소 : GS칼텍스 예울마루 00극장
📍가 격 : R석 0만원, S석 0만원
- 할인율:
- 홈페이지 회원 할인: 10%
📍관람 가능 연령 : 00세(00년생부터 관람 가능)

# 태그(출연진 또는 작가)

💕 자세한 내용은 프로필의 링크를 참고해주시기 바랍니다.",Cameron Lane 09790,완료,,Cameron Lane 09790,https://www.instagram.com/p/Db5KSdMEZ-G/?img_index=1,,,예정,2026-08-11 17:41:27,,,,260918_01,
174,2026-08-12 14:00:00,2026-08-12 00:00:00,2026,8,12,수요일,카카오톡,-,공연,국립현대무용단 <트리플 빌>,예술사업팀,트리플 빌,이미지,"[참고자료 폴더]
SharePoint > 예술사업팀 > 문서 > General — https://gscaltexyeulmaru.sharepoint.com/sites/artsmanagement/Shared%20Documents/General",상관 없음,예정,,Avery Reed 08336,,,,,2026-08-12 10:54:32,,,,261014_01,
,,,,,,,,,,,,,,,,,,,,,,,,,,,,
,,,,,,,,,,,,,,,,,,,,,,,,,,,,
,,,,,,,,,,,,,,,,,,,,,,,,,,,,
,,,,,,,,,,,,,,,,,,,,,,,,,,,,
,,,,,,,,,,,,,,,,,,,,,,,,,,,,
,,,,,,,,,,,,,,,,,,,,,,,,,,,,
,,,,,,,,,,,,,,,,,,,,,,,,,,,,
,,,,,,,,,,,,,,,,,,,,,,,,,,,,
,,,,,,,,,,,,,,,,,,,,,,,,,,,,
,,,,,,,,,,,,,,,,,,,,,,,,,,,,
,,,,,,,,,,,,,,,,,,,,,,,,,,,,
,,,,,,,,,,,,,,,,,,,,,,,,,,,,
,,,,,,,,,,,,,,,,,,,,,,,,,,,,
,,,,,,,,,,,,,,,,,,,,,,,,,,,,
,,,,,,,,,,,,,,,,,,,,,,,,,,,,
,,,,,,,,,,,,,,,,,,,,,,,,,,,,
,,,,,,,,,,,,,,,,,,,,,,,,,,,,
,,,,,,,,,,,,,,,,,,,,,,,,,,,,
,,,,,,,,,,,,,,,,,,,,,,,,,,,,
,,,,,,,,,,,,,,,,,,,,,,,,,,,,
,,,,,,,,,,,,,,,,,,,,,,,,,,,,
,,,,,,,,,,,,,,,,,,,,,,,,,,,,
,,,,,,,,,,,,,,,,,,,,,,,,,,,,
,,,,,,,,,,,,,,,,,,,,,,,,,,,,
,,,,,,,,,,,,,,,,,,,,,,,,,,,,
,,,,,,,,,,,,,,,,,,,,,,,,,,,,
,,,,,,,,,,,,,,,,,,,,,,,,,,,,
,,,,,,,,,,,,,,,,,,,,,,,,,,,,
,,,,,,,,,,,,,,,,,,,,,,,,,,,,
,,,,,,,,,,,,,,,,,,,,,,,,,,,,
,,,,,,,,,,,,,,,,,,,,,,,,,,,,
,,,,,,,,,,,,,,,,,,,,,,,,,,,,
,,,,,,,,,,,,,,,,,,,,,,,,,,,,
,,,,,,,,,,,,,,,,,,,,,,,,,,,,
,,,,,,,,,,,,,,,,,,,,,,,,,,,,
,,,,,,,,,,,,,,,,,,,,,,,,,,,,
,,,,,,,,,,,,,,,,,,,,,,,,,,,,
,,,,,,,,,,,,,,,,,,,,,,,,,,,,
,,,,,,,,,,,,,,,,,,,,,,,,,,,,
,,,,,,,,,,,,,,,,,,,,,,,,,,,,
,,,,,,,,,,,,,,,,,,,,,,,,,,,,
,,,,,,,,,,,,,,,,,,,,,,,,,,,,
,,,,,,,,,,,,,,,,,,,,,,,,,,,,
,,,,,,,,,,,,,,,,,,,,,,,,,,,,
,,,,,,,,,,,,,,,,,,,,,,,,,,,,
,,,,,,,,,,,,,,,,,,,,,,,,,,,,
,,,,,,,,,,,,,,,,,,,,,,,,,,,,
,,,,,,,,,,,,,,,,,,,,,,,,,,,,
,,,,,,,,,,,,,,,,,,,,,,,,,,,,
,,,,,,,,,,,,,,,,,,,,,,,,,,,,
,,,,,,,,,,,,,,,,,,,,,,,,,,,,
,,,,,,,,,,,,,,,,,,,,,,,,,,,,
,,,,,,,,,,,,,,,,,,,,,,,,,,,,
,,,,,,,,,,,,,,,,,,,,,,,,,,,,
,,,,,,,,,,,,,,,,,,,,,,,,,,,,
,,,,,,,,,,,,,,,,,,,,,,,,,,,,
,,,,,,,,,,,,,,,,,,,,,,,,,,,,
,,,,,,,,,,,,,,,,,,,,,,,,,,,,
,,,,,,,,,,,,,,,,,,,,,,,,,,,,
,,,,,,,,,,,,,,,,,,,,,,,,,,,,
,,,,,,,,,,,,,,,,,,,,,,,,,,,,
,,,,,,,,,,,,,,,,,,,,,,,,,,,,
,,,,,,,,,,,,,,,,,,,,,,,,,,,,
,,,,,,,,,,,,,,,,,,,,,,,,,,,,
,,,,,,,,,,,,,,,,,,,,,,,,,,,,
,,,,,,,,,,,,,,,,,,,,,,,,,,,,
,,,,,,,,,,,,,,,,,,,,,,,,,,,,
,,,,,,,,,,,,,,,,,,,,,,,,,,,,
,,,,,,,,,,,,,,,,,,,,,,,,,,,,
,,,,,,,,,,,,,,,,,,,,,,,,,,,,
,,,,,,,,,,,,,,,,,,,,,,,,,,,,
,,,,,,,,,,,,,,,,,,,,,,,,,,,,
,,,,,,,,,,,,,,,,,,,,,,,,,,,,
,,,,,,,,,,,,,,,,,,,,,,,,,,,,
,,,,,,,,,,,,,,,,,,,,,,,,,,,,
,,,,,,,,,,,,,,,,,,,,,,,,,,,,
,,,,,,,,,,,,,,,,,,,,,,,,,,,,
,,,,,,,,,,,,,,,,,,,,,,,,,,,,
,,,,,,,,,,,,,,,,,,,,,,,,,,,,
,,,,,,,,,,,,,,,,,,,,,,,,,,,,
,,,,,,,,,,,,,,,,,,,,,,,,,,,,
,,,,,,,,,,,,,,,,,,,,,,,,,,,,
,,,,,,,,,,,,,,,,,,,,,,,,,,,,
,,,,,,,,,,,,,,,,,,,,,,,,,,,,
,,,,,,,,,,,,,,,,,,,,,,,,,,,,
,,,,,,,,,,,,,,,,,,,,,,,,,,,,
,,,,,,,,,,,,,,,,,,,,,,,,,,,,
,,,,,,,,,,,,,,,,,,,,,,,,,,,,
,,,,,,,,,,,,,,,,,,,,,,,,,,,,
,,,,,,,,,,,,,,,,,,,,,,,,,,,,
,,,,,,,,,,,,,,,,,,,,,,,,,,,,
,,,,,,,,,,,,,,,,,,,,,,,,,,,,
,,,,,,,,,,,,,,,,,,,,,,,,,,,,
,,,,,,,,,,,,,,,,,,,,,,,,,,,,
,,,,,,,,,,,,,,,,,,,,,,,,,,,,
,,,,,,,,,,,,,,,,,,,,,,,,,,,,
,,,,,,,,,,,,,,,,,,,,,,,,,,,,
,,,,,,,,,,,,,,,,,,,,,,,,,,,,
,,,,,,,,,,,,,,,,,,,,,,,,,,,,
,,,,,,,,,,,,,,,,,,,,,,,,,,,,
,,,,,,,,,,,,,,,,,,,,,,,,,,,,
,,,,,,,,,,,,,,,,,,,,,,,,,,,,
,,,,,,,,,,,,,,,,,,,,,,,,,,,,
,,,,,,,,,,,,,,,,,,,,,,,,,,,,
,,,,,,,,,,,,,,,,,,,,,,,,,,,,
,,,,,,,,,,,,,,,,,,,,,,,,,,,,
,,,,,,,,,,,,,,,,,,,,,,,,,,,,
,,,,,,,,,,,,,,,,,,,,,,,,,,,,
,,,,,,,,,,,,,,,,,,,,,,,,,,,,
,,,,,,,,,,,,,,,,,,,,,,,,,,,,
,,,,,,,,,,,,,,,,,,,,,,,,,,,,
,,,,,,,,,,,,,,,,,,,,,,,,,,,,
,,,,,,,,,,,,,,,,,,,,,,,,,,,,
,,,,,,,,,,,,,,,,,,,,,,,,,,,,
,,,,,,,,,,,,,,,,,,,,,,,,,,,,
,,,,,,,,,,,,,,,,,,,,,,,,,,,,
,,,,,,,,,,,,,,,,,,,,,,,,,,,,
,,,,,,,,,,,,,,,,,,,,,,,,,,,,
,,,,,,,,,,,,,,,,,,,,,,,,,,,,
,,,,,,,,,,,,,,,,,,,,,,,,,,,,
,,,,,,,,,,,,,,,,,,,,,,,,,,,,
,,,,,,,,,,,,,,,,,,,,,,,,,,,,
,,,,,,,,,,,,,,,,,,,,,,,,,,,,
,,,,,,,,,,,,,,,,,,,,,,,,,,,,
,,,,,,,,,,,,,,,,,,,,,,,,,,,,
,,,,,,,,,,,,,,,,,,,,,,,,,,,,
,,,,,,,,,,,,,,,,,,,,,,,,,,,,
,,,,,,,,,,,,,,,,,,,,,,,,,,,,
,,,,,,,,,,,,,,,,,,,,,,,,,,,,
,,,,,,,,,,,,,,,,,,,,,,,,,,,,
,,,,,,,,,,,,,,,,,,,,,,,,,,,,
,,,,,,,,,,,,,,,,,,,,,,,,,,,,
,,,,,,,,,,,,,,,,,,,,,,,,,,,,
,,,,,,,,,,,,,,,,,,,,,,,,,,,,
,,,,,,,,,,,,,,,,,,,,,,,,,,,,
,,,,,,,,,,,,,,,,,,,,,,,,,,,,
,,,,,,,,,,,,,,,,,,,,,,,,,,,,
,,,,,,,,,,,,,,,,,,,,,,,,,,,,
,,,,,,,,,,,,,,,,,,,,,,,,,,,,
,,,,,,,,,,,,,,,,,,,,,,,,,,,,
,,,,,,,,,,,,,,,,,,,,,,,,,,,,
,,,,,,,,,,,,,,,,,,,,,,,,,,,,
,,,,,,,,,,,,,,,,,,,,,,,,,,,,
,,,,,,,,,,,,,,,,,,,,,,,,,,,,
,,,,,,,,,,,,,,,,,,,,,,,,,,,,
,,,,,,,,,,,,,,,,,,,,,,,,,,,,
,,,,,,,,,,,,,,,,,,,,,,,,,,,,
,,,,,,,,,,,,,,,,,,,,,,,,,,,,
,,,,,,,,,,,,,,,,,,,,,,,,,,,,
,,,,,,,,,,,,,,,,,,,,,,,,,,,,
,,,,,,,,,,,,,,,,,,,,,,,,,,,,
,,,,,,,,,,,,,,,,,,,,,,,,,,,,
,,,,,,,,,,,,,,,,,,,,,,,,,,,,
,,,,,,,,,,,,,,,,,,,,,,,,,,,,
,,,,,,,,,,,,,,,,,,,,,,,,,,,,
,,,,,,,,,,,,,,,,,,,,,,,,,,,,
,,,,,,,,,,,,,,,,,,,,,,,,,,,,
,,,,,,,,,,,,,,,,,,,,,,,,,,,,
,,,,,,,,,,,,,,,,,,,,,,,,,,,,
,,,,,,,,,,,,,,,,,,,,,,,,,,,,
,,,,,,,,,,,,,,,,,,,,,,,,,,,,
,,,,,,,,,,,,,,,,,,,,,,,,,,,,
,,,,,,,,,,,,,,,,,,,,,,,,,,,,
,,,,,,,,,,,,,,,,,,,,,,,,,,,,
,,,,,,,,,,,,,,,,,,,,,,,,,,,,
,,,,,,,,,,,,,,,,,,,,,,,,,,,,
,,,,,,,,,,,,,,,,,,,,,,,,,,,,
,,,,,,,,,,,,,,,,,,,,,,,,,,,,
,,,,,,,,,,,,,,,,,,,,,,,,,,,,
,,,,,,,,,,,,,,,,,,,,,,,,,,,,
,,,,,,,,,,,,,,,,,,,,,,,,,,,,
,,,,,,,,,,,,,,,,,,,,,,,,,,,,
,,,,,,,,,,,,,,,,,,,,,,,,,,,,
,,,,,,,,,,,,,,,,,,,,,,,,,,,,
,,,,,,,,,,,,,,,,,,,,,,,,,,,,
,,,,,,,,,,,,,,,,,,,,,,,,,,,,
,,,,,,,,,,,,,,,,,,,,,,,,,,,,
,,,,,,,,,,,,,,,,,,,,,,,,,,,,
,,,,,,,,,,,,,,,,,,,,,,,,,,,,
,,,,,,,,,,,,,,,,,,,,,,,,,,,,
,,,,,,,,,,,,,,,,,,,,,,,,,,,,
,,,,,,,,,,,,,,,,,,,,,,,,,,,,
,,,,,,,,,,,,,,,,,,,,,,,,,,,,
,,,,,,,,,,,,,,,,,,,,,,,,,,,,
,,,,,,,,,,,,,,,,,,,,,,,,,,,,
,,,,,,,,,,,,,,,,,,,,,,,,,,,,
,,,,,,,,,,,,,,,,,,,,,,,,,,,,
,,,,,,,,,,,,,,,,,,,,,,,,,,,,
,,,,,,,,,,,,,,,,,,,,,,,,,,,,
,,,,,,,,,,,,,,,,,,,,,,,,,,,,
,,,,,,,,,,,,,,,,,,,,,,,,,,,,
,,,,,,,,,,,,,,,,,,,,,,,,,,,,
,,,,,,,,,,,,,,,,,,,,,,,,,,,,
,,,,,,,,,,,,,,,,,,,,,,,,,,,,
,,,,,,,,,,,,,,,,,,,,,,,,,,,,
,,,,,,,,,,,,,,,,,,,,,,,,,,,,
,,,,,,,,,,,,,,,,,,,,,,,,,,,,
,,,,,,,,,,,,,,,,,,,,,,,,,,,,
,,,,,,,,,,,,,,,,,,,,,,,,,,,,
,,,,,,,,,,,,,,,,,,,,,,,,,,,,
,,,,,,,,,,,,,,,,,,,,,,,,,,,,
,,,,,,,,,,,,,,,,,,,,,,,,,,,,
,,,,,,,,,,,,,,,,,,,,,,,,,,,,
,,,,,,,,,,,,,,,,,,,,,,,,,,,,
,,,,,,,,,,,,,,,,,,,,,,,,,,,,
,,,,,,,,,,,,,,,,,,,,,,,,,,,,
,,,,,,,,,,,,,,,,,,,,,,,,,,,,
,,,,,,,,,,,,,,,,,,,,,,,,,,,,
,,,,,,,,,,,,,,,,,,,,,,,,,,,,
,,,,,,,,,,,,,,,,,,,,,,,,,,,,
,,,,,,,,,,,,,,,,,,,,,,,,,,,,
,,,,,,,,,,,,,,,,,,,,,,,,,,,,
,,,,,,,,,,,,,,,,,,,,,,,,,,,,
,,,,,,,,,,,,,,,,,,,,,,,,,,,,
,,,,,,,,,,,,,,,,,,,,,,,,,,,,
,,,,,,,,,,,,,,,,,,,,,,,,,,,,
,,,,,,,,,,,,,,,,,,,,,,,,,,,,
,,,,,,,,,,,,,,,,,,,,,,,,,,,,
,,,,,,,,,,,,,,,,,,,,,,,,,,,,
,,,,,,,,,,,,,,,,,,,,,,,,,,,,
,,,,,,,,,,,,,,,,,,,,,,,,,,,,
,,,,,,,,,,,,,,,,,,,,,,,,,,,,
,,,,,,,,,,,,,,,,,,,,,,,,,,,,
,,,,,,,,,,,,,,,,,,,,,,,,,,,,
,,,,,,,,,,,,,,,,,,,,,,,,,,,,
,,,,,,,,,,,,,,,,,,,,,,,,,,,,
,,,,,,,,,,,,,,,,,,,,,,,,,,,,
,,,,,,,,,,,,,,,,,,,,,,,,,,,,
,,,,,,,,,,,,,,,,,,,,,,,,,,,,
,,,,,,,,,,,,,,,,,,,,,,,,,,,,
,,,,,,,,,,,,,,,,,,,,,,,,,,,,
,,,,,,,,,,,,,,,,,,,,,,,,,,,,
,,,,,,,,,,,,,,,,,,,,,,,,,,,,
,,,,,,,,,,,,,,,,,,,,,,,,,,,,
,,,,,,,,,,,,,,,,,,,,,,,,,,,,
,,,,,,,,,,,,,,,,,,,,,,,,,,,,
,,,,,,,,,,,,,,,,,,,,,,,,,,,,
,,,,,,,,,,,,,,,,,,,,,,,,,,,,
,,,,,,,,,,,,,,,,,,,,,,,,,,,,
,,,,,,,,,,,,,,,,,,,,,,,,,,,,
,,,,,,,,,,,,,,,,,,,,,,,,,,,,
,,,,,,,,,,,,,,,,,,,,,,,,,,,,
,,,,,,,,,,,,,,,,,,,,,,,,,,,,
,,,,,,,,,,,,,,,,,,,,,,,,,,,,
,,,,,,,,,,,,,,,,,,,,,,,,,,,,
,,,,,,,,,,,,,,,,,,,,,,,,,,,,
,,,,,,,,,,,,,,,,,,,,,,,,,,,,
,,,,,,,,,,,,,,,,,,,,,,,,,,,,
,,,,,,,,,,,,,,,,,,,,,,,,,,,,
,,,,,,,,,,,,,,,,,,,,,,,,,,,,
,,,,,,,,,,,,,,,,,,,,,,,,,,,,
,,,,,,,,,,,,,,,,,,,,,,,,,,,,
,,,,,,,,,,,,,,,,,,,,,,,,,,,,
,,,,,,,,,,,,,,,,,,,,,,,,,,,,
,,,,,,,,,,,,,,,,,,,,,,,,,,,,
,,,,,,,,,,,,,,,,,,,,,,,,,,,,
,,,,,,,,,,,,,,,,,,,,,,,,,,,,
,,,,,,,,,,,,,,,,,,,,,,,,,,,,
,,,,,,,,,,,,,,,,,,,,,,,,,,,,
,,,,,,,,,,,,,,,,,,,,,,,,,,,,
,,,,,,,,,,,,,,,,,,,,,,,,,,,,
,,,,,,,,,,,,,,,,,,,,,,,,,,,,
,,,,,,,,,,,,,,,,,,,,,,,,,,,,
,,,,,,,,,,,,,,,,,,,,,,,,,,,,
,,,,,,,,,,,,,,,,,,,,,,,,,,,,
,,,,,,,,,,,,,,,,,,,,,,,,,,,,
,,,,,,,,,,,,,,,,,,,,,,,,,,,,
,,,,,,,,,,,,,,,,,,,,,,,,,,,,
,,,,,,,,,,,,,,,,,,,,,,,,,,,,
,,,,,,,,,,,,,,,,,,,,,,,,,,,,
,,,,,,,,,,,,,,,,,,,,,,,,,,,,
,,,,,,,,,,,,,,,,,,,,,,,,,,,,
,,,,,,,,,,,,,,,,,,,,,,,,,,,,
,,,,,,,,,,,,,,,,,,,,,,,,,,,,
,,,,,,,,,,,,,,,,,,,,,,,,,,,,
,,,,,,,,,,,,,,,,,,,,,,,,,,,,
,,,,,,,,,,,,,,,,,,,,,,,,,,,,
,,,,,,,,,,,,,,,,,,,,,,,,,,,,
,,,,,,,,,,,,,,,,,,,,,,,,,,,,
,,,,,,,,,,,,,,,,,,,,,,,,,,,,
,,,,,,,,,,,,,,,,,,,,,,,,,,,,
,,,,,,,,,,,,,,,,,,,,,,,,,,,,
,,,,,,,,,,,,,,,,,,,,,,,,,,,,
,,,,,,,,,,,,,,,,,,,,,,,,,,,,
,,,,,,,,,,,,,,,,,,,,,,,,,,,,
,,,,,,,,,,,,,,,,,,,,,,,,,,,,
,,,,,,,,,,,,,,,,,,,,,,,,,,,,
,,,,,,,,,,,,,,,,,,,,,,,,,,,,
,,,,,,,,,,,,,,,,,,,,,,,,,,,,
,,,,,,,,,,,,,,,,,,,,,,,,,,,,
,,,,,,,,,,,,,,,,,,,,,,,,,,,,
,,,,,,,,,,,,,,,,,,,,,,,,,,,,
,,,,,,,,,,,,,,,,,,,,,,,,,,,,
,,,,,,,,,,,,,,,,,,,,,,,,,,,,
,,,,,,,,,,,,,,,,,,,,,,,,,,,,
,,,,,,,,,,,,,,,,,,,,,,,,,,,,
,,,,,,,,,,,,,,,,,,,,,,,,,,,,
,,,,,,,,,,,,,,,,,,,,,,,,,,,,
,,,,,,,,,,,,,,,,,,,,,,,,,,,,
,,,,,,,,,,,,,,,,,,,,,,,,,,,,
,,,,,,,,,,,,,,,,,,,,,,,,,,,,
,,,,,,,,,,,,,,,,,,,,,,,,,,,,
,,,,,,,,,,,,,,,,,,,,,,,,,,,,
,,,,,,,,,,,,,,,,,,,,,,,,,,,,
,,,,,,,,,,,,,,,,,,,,,,,,,,,,
,,,,,,,,,,,,,,,,,,,,,,,,,,,,
,,,,,,,,,,,,,,,,,,,,,,,,,,,,
,,,,,,,,,,,,,,,,,,,,,,,,,,,,
,,,,,,,,,,,,,,,,,,,,,,,,,,,,
,,,,,,,,,,,,,,,,,,,,,,,,,,,,
,,,,,,,,,,,,,,,,,,,,,,,,,,,,
,,,,,,,,,,,,,,,,,,,,,,,,,,,,
,,,,,,,,,,,,,,,,,,,,,,,,,,,,
,,,,,,,,,,,,,,,,,,,,,,,,,,,,
,,,,,,,,,,,,,,,,,,,,,,,,,,,,
,,,,,,,,,,,,,,,,,,,,,,,,,,,,
,,,,,,,,,,,,,,,,,,,,,,,,,,,,
,,,,,,,,,,,,,,,,,,,,,,,,,,,,
,,,,,,,,,,,,,,,,,,,,,,,,,,,,
,,,,,,,,,,,,,,,,,,,,,,,,,,,,
,,,,,,,,,,,,,,,,,,,,,,,,,,,,
,,,,,,,,,,,,,,,,,,,,,,,,,,,,
,,,,,,,,,,,,,,,,,,,,,,,,,,,,
,,,,,,,,,,,,,,,,,,,,,,,,,,,,
,,,,,,,,,,,,,,,,,,,,,,,,,,,,
,,,,,,,,,,,,,,,,,,,,,,,,,,,,
,,,,,,,,,,,,,,,,,,,,,,,,,,,,
,,,,,,,,,,,,,,,,,,,,,,,,,,,,
,,,,,,,,,,,,,,,,,,,,,,,,,,,,
,,,,,,,,,,,,,,,,,,,,,,,,,,,,
,,,,,,,,,,,,,,,,,,,,,,,,,,,,
,,,,,,,,,,,,,,,,,,,,,,,,,,,,
,,,,,,,,,,,,,,,,,,,,,,,,,,,,
,,,,,,,,,,,,,,,,,,,,,,,,,,,,
,,,,,,,,,,,,,,,,,,,,,,,,,,,,
,,,,,,,,,,,,,,,,,,,,,,,,,,,,
,,,,,,,,,,,,,,,,,,,,,,,,,,,,
,,,,,,,,,,,,,,,,,,,,,,,,,,,,
,,,,,,,,,,,,,,,,,,,,,,,,,,,,
,,,,,,,,,,,,,,,,,,,,,,,,,,,,
,,,,,,,,,,,,,,,,,,,,,,,,,,,,
,,,,,,,,,,,,,,,,,,,,,,,,,,,,
,,,,,,,,,,,,,,,,,,,,,,,,,,,,
,,,,,,,,,,,,,,,,,,,,,,,,,,,,
,,,,,,,,,,,,,,,,,,,,,,,,,,,,
,,,,,,,,,,,,,,,,,,,,,,,,,,,,
,,,,,,,,,,,,,,,,,,,,,,,,,,,,
,,,,,,,,,,,,,,,,,,,,,,,,,,,,
,,,,,,,,,,,,,,,,,,,,,,,,,,,,
,,,,,,,,,,,,,,,,,,,,,,,,,,,,
,,,,,,,,,,,,,,,,,,,,,,,,,,,,
,,,,,,,,,,,,,,,,,,,,,,,,,,,,
,,,,,,,,,,,,,,,,,,,,,,,,,,,,
,,,,,,,,,,,,,,,,,,,,,,,,,,,,
,,,,,,,,,,,,,,,,,,,,,,,,,,,,
,,,,,,,,,,,,,,,,,,,,,,,,,,,,
,,,,,,,,,,,,,,,,,,,,,,,,,,,,
,,,,,,,,,,,,,,,,,,,,,,,,,,,,
,,,,,,,,,,,,,,,,,,,,,,,,,,,,
,,,,,,,,,,,,,,,,,,,,,,,,,,,,
,,,,,,,,,,,,,,,,,,,,,,,,,,,,
,,,,,,,,,,,,,,,,,,,,,,,,,,,,
,,,,,,,,,,,,,,,,,,,,,,,,,,,,
,,,,,,,,,,,,,,,,,,,,,,,,,,,,
,,,,,,,,,,,,,,,,,,,,,,,,,,,,
,,,,,,,,,,,,,,,,,,,,,,,,,,,,
,,,,,,,,,,,,,,,,,,,,,,,,,,,,
,,,,,,,,,,,,,,,,,,,,,,,,,,,,
,,,,,,,,,,,,,,,,,,,,,,,,,,,,
,,,,,,,,,,,,,,,,,,,,,,,,,,,,
,,,,,,,,,,,,,,,,,,,,,,,,,,,,
,,,,,,,,,,,,,,,,,,,,,,,,,,,,
,,,,,,,,,,,,,,,,,,,,,,,,,,,,
,,,,,,,,,,,,,,,,,,,,,,,,,,,,
,,,,,,,,,,,,,,,,,,,,,,,,,,,,
,,,,,,,,,,,,,,,,,,,,,,,,,,,,
,,,,,,,,,,,,,,,,,,,,,,,,,,,,
,,,,,,,,,,,,,,,,,,,,,,,,,,,,
,,,,,,,,,,,,,,,,,,,,,,,,,,,,
,,,,,,,,,,,,,,,,,,,,,,,,,,,,
,,,,,,,,,,,,,,,,,,,,,,,,,,,,
,,,,,,,,,,,,,,,,,,,,,,,,,,,,
,,,,,,,,,,,,,,,,,,,,,,,,,,,,
,,,,,,,,,,,,,,,,,,,,,,,,,,,,
,,,,,,,,,,,,,,,,,,,,,,,,,,,,
,,,,,,,,,,,,,,,,,,,,,,,,,,,,
,,,,,,,,,,,,,,,,,,,,,,,,,,,,
,,,,,,,,,,,,,,,,,,,,,,,,,,,,
,,,,,,,,,,,,,,,,,,,,,,,,,,,,
,,,,,,,,,,,,,,,,,,,,,,,,,,,,
,,,,,,,,,,,,,,,,,,,,,,,,,,,,
,,,,,,,,,,,,,,,,,,,,,,,,,,,,
,,,,,,,,,,,,,,,,,,,,,,,,,,,,
,,,,,,,,,,,,,,,,,,,,,,,,,,,,
,,,,,,,,,,,,,,,,,,,,,,,,,,,,
,,,,,,,,,,,,,,,,,,,,,,,,,,,,
,,,,,,,,,,,,,,,,,,,,,,,,,,,,
,,,,,,,,,,,,,,,,,,,,,,,,,,,,
,,,,,,,,,,,,,,,,,,,,,,,,,,,,
,,,,,,,,,,,,,,,,,,,,,,,,,,,,
,,,,,,,,,,,,,,,,,,,,,,,,,,,,
,,,,,,,,,,,,,,,,,,,,,,,,,,,,
,,,,,,,,,,,,,,,,,,,,,,,,,,,,
,,,,,,,,,,,,,,,,,,,,,,,,,,,,
,,,,,,,,,,,,,,,,,,,,,,,,,,,,
,,,,,,,,,,,,,,,,,,,,,,,,,,,,
,,,,,,,,,,,,,,,,,,,,,,,,,,,,
,,,,,,,,,,,,,,,,,,,,,,,,,,,,
,,,,,,,,,,,,,,,,,,,,,,,,,,,,
,,,,,,,,,,,,,,,,,,,,,,,,,,,,
,,,,,,,,,,,,,,,,,,,,,,,,,,,,
,,,,,,,,,,,,,,,,,,,,,,,,,,,,
,,,,,,,,,,,,,,,,,,,,,,,,,,,,
,,,,,,,,,,,,,,,,,,,,,,,,,,,,
,,,,,,,,,,,,,,,,,,,,,,,,,,,,
,,,,,,,,,,,,,,,,,,,,,,,,,,,,
,,,,,,,,,,,,,,,,,,,,,,,,,,,,
,,,,,,,,,,,,,,,,,,,,,,,,,,,,
,,,,,,,,,,,,,,,,,,,,,,,,,,,,
,,,,,,,,,,,,,,,,,,,,,,,,,,,,
,,,,,,,,,,,,,,,,,,,,,,,,,,,,
,,,,,,,,,,,,,,,,,,,,,,,,,,,,
,,,,,,,,,,,,,,,,,,,,,,,,,,,,
,,,,,,,,,,,,,,,,,,,,,,,,,,,,
,,,,,,,,,,,,,,,,,,,,,,,,,,,,
,,,,,,,,,,,,,,,,,,,,,,,,,,,,
,,,,,,,,,,,,,,,,,,,,,,,,,,,,
,,,,,,,,,,,,,,,,,,,,,,,,,,,,
,,,,,,,,,,,,,,,,,,,,,,,,,,,,
,,,,,,,,,,,,,,,,,,,,,,,,,,,,
,,,,,,,,,,,,,,,,,,,,,,,,,,,,
,,,,,,,,,,,,,,,,,,,,,,,,,,,,
,,,,,,,,,,,,,,,,,,,,,,,,,,,,
,,,,,,,,,,,,,,,,,,,,,,,,,,,,
,,,,,,,,,,,,,,,,,,,,,,,,,,,,
,,,,,,,,,,,,,,,,,,,,,,,,,,,,
,,,,,,,,,,,,,,,,,,,,,,,,,,,,
,,,,,,,,,,,,,,,,,,,,,,,,,,,,
,,,,,,,,,,,,,,,,,,,,,,,,,,,,
,,,,,,,,,,,,,,,,,,,,,,,,,,,,
,,,,,,,,,,,,,,,,,,,,,,,,,,,,
,,,,,,,,,,,,,,,,,,,,,,,,,,,,
,,,,,,,,,,,,,,,,,,,,,,,,,,,,
,,,,,,,,,,,,,,,,,,,,,,,,,,,,
,,,,,,,,,,,,,,,,,,,,,,,,,,,,
,,,,,,,,,,,,,,,,,,,,,,,,,,,,
,,,,,,,,,,,,,,,,,,,,,,,,,,,,
,,,,,,,,,,,,,,,,,,,,,,,,,,,,
,,,,,,,,,,,,,,,,,,,,,,,,,,,,
,,,,,,,,,,,,,,,,,,,,,,,,,,,,
,,,,,,,,,,,,,,,,,,,,,,,,,,,,
,,,,,,,,,,,,,,,,,,,,,,,,,,,,
,,,,,,,,,,,,,,,,,,,,,,,,,,,,
,,,,,,,,,,,,,,,,,,,,,,,,,,,,
,,,,,,,,,,,,,,,,,,,,,,,,,,,,
,,,,,,,,,,,,,,,,,,,,,,,,,,,,
,,,,,,,,,,,,,,,,,,,,,,,,,,,,
,,,,,,,,,,,,,,,,,,,,,,,,,,,,
,,,,,,,,,,,,,,,,,,,,,,,,,,,,
,,,,,,,,,,,,,,,,,,,,,,,,,,,,
,,,,,,,,,,,,,,,,,,,,,,,,,,,,
,,,,,,,,,,,,,,,,,,,,,,,,,,,,
,,,,,,,,,,,,,,,,,,,,,,,,,,,,
,,,,,,,,,,,,,,,,,,,,,,,,,,,,
,,,,,,,,,,,,,,,,,,,,,,,,,,,,
,,,,,,,,,,,,,,,,,,,,,,,,,,,,
,,,,,,,,,,,,,,,,,,,,,,,,,,,,
,,,,,,,,,,,,,,,,,,,,,,,,,,,,
,,,,,,,,,,,,,,,,,,,,,,,,,,,,
,,,,,,,,,,,,,,,,,,,,,,,,,,,,
,,,,,,,,,,,,,,,,,,,,,,,,,,,,
,,,,,,,,,,,,,,,,,,,,,,,,,,,,
,,,,,,,,,,,,,,,,,,,,,,,,,,,,
,,,,,,,,,,,,,,,,,,,,,,,,,,,,
,,,,,,,,,,,,,,,,,,,,,,,,,,,,
,,,,,,,,,,,,,,,,,,,,,,,,,,,,
,,,,,,,,,,,,,,,,,,,,,,,,,,,,
,,,,,,,,,,,,,,,,,,,,,,,,,,,,
,,,,,,,,,,,,,,,,,,,,,,,,,,,,
,,,,,,,,,,,,,,,,,,,,,,,,,,,,
,,,,,,,,,,,,,,,,,,,,,,,,,,,,
,,,,,,,,,,,,,,,,,,,,,,,,,,,,
,,,,,,,,,,,,,,,,,,,,,,,,,,,,
,,,,,,,,,,,,,,,,,,,,,,,,,,,,
,,,,,,,,,,,,,,,,,,,,,,,,,,,,
,,,,,,,,,,,,,,,,,,,,,,,,,,,,
,,,,,,,,,,,,,,,,,,,,,,,,,,,,
,,,,,,,,,,,,,,,,,,,,,,,,,,,,
,,,,,,,,,,,,,,,,,,,,,,,,,,,,
,,,,,,,,,,,,,,,,,,,,,,,,,,,,
,,,,,,,,,,,,,,,,,,,,,,,,,,,,
,,,,,,,,,,,,,,,,,,,,,,,,,,,,
,,,,,,,,,,,,,,,,,,,,,,,,,,,,
,,,,,,,,,,,,,,,,,,,,,,,,,,,,
,,,,,,,,,,,,,,,,,,,,,,,,,,,,
,,,,,,,,,,,,,,,,,,,,,,,,,,,,
,,,,,,,,,,,,,,,,,,,,,,,,,,,,
,,,,,,,,,,,,,,,,,,,,,,,,,,,,
,,,,,,,,,,,,,,,,,,,,,,,,,,,,
,,,,,,,,,,,,,,,,,,,,,,,,,,,,
,,,,,,,,,,,,,,,,,,,,,,,,,,,,
,,,,,,,,,,,,,,,,,,,,,,,,,,,,
,,,,,,,,,,,,,,,,,,,,,,,,,,,,
,,,,,,,,,,,,,,,,,,,,,,,,,,,,
,,,,,,,,,,,,,,,,,,,,,,,,,,,,
,,,,,,,,,,,,,,,,,,,,,,,,,,,,
,,,,,,,,,,,,,,,,,,,,,,,,,,,,
,,,,,,,,,,,,,,,,,,,,,,,,,,,,
,,,,,,,,,,,,,,,,,,,,,,,,,,,,
,,,,,,,,,,,,,,,,,,,,,,,,,,,,
,,,,,,,,,,,,,,,,,,,,,,,,,,,,
,,,,,,,,,,,,,,,,,,,,,,,,,,,,
,,,,,,,,,,,,,,,,,,,,,,,,,,,,
,,,,,,,,,,,,,,,,,,,,,,,,,,,,
,,,,,,,,,,,,,,,,,,,,,,,,,,,,
,,,,,,,,,,,,,,,,,,,,,,,,,,,,
,,,,,,,,,,,,,,,,,,,,,,,,,,,,
,,,,,,,,,,,,,,,,,,,,,,,,,,,,
,,,,,,,,,,,,,,,,,,,,,,,,,,,,
,,,,,,,,,,,,,,,,,,,,,,,,,,,,
,,,,,,,,,,,,,,,,,,,,,,,,,,,,
,,,,,,,,,,,,,,,,,,,,,,,,,,,,
,,,,,,,,,,,,,,,,,,,,,,,,,,,,
,,,,,,,,,,,,,,,,,,,,,,,,,,,,
,,,,,,,,,,,,,,,,,,,,,,,,,,,,
,,,,,,,,,,,,,,,,,,,,,,,,,,,,
,,,,,,,,,,,,,,,,,,,,,,,,,,,,
,,,,,,,,,,,,,,,,,,,,,,,,,,,,
,,,,,,,,,,,,,,,,,,,,,,,,,,,,
,,,,,,,,,,,,,,,,,,,,,,,,,,,,
,,,,,,,,,,,,,,,,,,,,,,,,,,,,
,,,,,,,,,,,,,,,,,,,,,,,,,,,,
,,,,,,,,,,,,,,,,,,,,,,,,,,,,
,,,,,,,,,,,,,,,,,,,,,,,,,,,,
,,,,,,,,,,,,,,,,,,,,,,,,,,,,
,,,,,,,,,,,,,,,,,,,,,,,,,,,,
,,,,,,,,,,,,,,,,,,,,,,,,,,,,
,,,,,,,,,,,,,,,,,,,,,,,,,,,,
,,,,,,,,,,,,,,,,,,,,,,,,,,,,
,,,,,,,,,,,,,,,,,,,,,,,,,,,,
,,,,,,,,,,,,,,,,,,,,,,,,,,,,
,,,,,,,,,,,,,,,,,,,,,,,,,,,,
,,,,,,,,,,,,,,,,,,,,,,,,,,,,
,,,,,,,,,,,,,,,,,,,,,,,,,,,,
,,,,,,,,,,,,,,,,,,,,,,,,,,,,
,,,,,,,,,,,,,,,,,,,,,,,,,,,,
,,,,,,,,,,,,,,,,,,,,,,,,,,,,
,,,,,,,,,,,,,,,,,,,,,,,,,,,,
,,,,,,,,,,,,,,,,,,,,,,,,,,,,
,,,,,,,,,,,,,,,,,,,,,,,,,,,,
,,,,,,,,,,,,,,,,,,,,,,,,,,,,
,,,,,,,,,,,,,,,,,,,,,,,,,,,,
,,,,,,,,,,,,,,,,,,,,,,,,,,,,
,,,,,,,,,,,,,,,,,,,,,,,,,,,,
,,,,,,,,,,,,,,,,,,,,,,,,,,,,
,,,,,,,,,,,,,,,,,,,,,,,,,,,,
,,,,,,,,,,,,,,,,,,,,,,,,,,,,
,,,,,,,,,,,,,,,,,,,,,,,,,,,,
,,,,,,,,,,,,,,,,,,,,,,,,,,,,
,,,,,,,,,,,,,,,,,,,,,,,,,,,,
,,,,,,,,,,,,,,,,,,,,,,,,,,,,
,,,,,,,,,,,,,,,,,,,,,,,,,,,,
,,,,,,,,,,,,,,,,,,,,,,,,,,,,
,,,,,,,,,,,,,,,,,,,,,,,,,,,,
,,,,,,,,,,,,,,,,,,,,,,,,,,,,
,,,,,,,,,,,,,,,,,,,,,,,,,,,,
,,,,,,,,,,,,,,,,,,,,,,,,,,,,
,,,,,,,,,,,,,,,,,,,,,,,,,,,,
,,,,,,,,,,,,,,,,,,,,,,,,,,,,
,,,,,,,,,,,,,,,,,,,,,,,,,,,,
,,,,,,,,,,,,,,,,,,,,,,,,,,,,
,,,,,,,,,,,,,,,,,,,,,,,,,,,,
,,,,,,,,,,,,,,,,,,,,,,,,,,,,
,,,,,,,,,,,,,,,,,,,,,,,,,,,,
,,,,,,,,,,,,,,,,,,,,,,,,,,,,
,,,,,,,,,,,,,,,,,,,,,,,,,,,,
,,,,,,,,,,,,,,,,,,,,,,,,,,,,
,,,,,,,,,,,,,,,,,,,,,,,,,,,,
,,,,,,,,,,,,,,,,,,,,,,,,,,,,
,,,,,,,,,,,,,,,,,,,,,,,,,,,,
,,,,,,,,,,,,,,,,,,,,,,,,,,,,
,,,,,,,,,,,,,,,,,,,,,,,,,,,,
,,,,,,,,,,,,,,,,,,,,,,,,,,,,
,,,,,,,,,,,,,,,,,,,,,,,,,,,,
,,,,,,,,,,,,,,,,,,,,,,,,,,,,
,,,,,,,,,,,,,,,,,,,,,,,,,,,,
,,,,,,,,,,,,,,,,,,,,,,,,,,,,
,,,,,,,,,,,,,,,,,,,,,,,,,,,,
,,,,,,,,,,,,,,,,,,,,,,,,,,,,
,,,,,,,,,,,,,,,,,,,,,,,,,,,,
,,,,,,,,,,,,,,,,,,,,,,,,,,,,
,,,,,,,,,,,,,,,,,,,,,,,,,,,,
,,,,,,,,,,,,,,,,,,,,,,,,,,,,
,,,,,,,,,,,,,,,,,,,,,,,,,,,,
,,,,,,,,,,,,,,,,,,,,,,,,,,,,
,,,,,,,,,,,,,,,,,,,,,,,,,,,,
,,,,,,,,,,,,,,,,,,,,,,,,,,,,
,,,,,,,,,,,,,,,,,,,,,,,,,,,,
,,,,,,,,,,,,,,,,,,,,,,,,,,,,
,,,,,,,,,,,,,,,,,,,,,,,,,,,,
,,,,,,,,,,,,,,,,,,,,,,,,,,,,
,,,,,,,,,,,,,,,,,,,,,,,,,,,,
,,,,,,,,,,,,,,,,,,,,,,,,,,,,
,,,,,,,,,,,,,,,,,,,,,,,,,,,,
,,,,,,,,,,,,,,,,,,,,,,,,,,,,
,,,,,,,,,,,,,,,,,,,,,,,,,,,,
,,,,,,,,,,,,,,,,,,,,,,,,,,,,
,,,,,,,,,,,,,,,,,,,,,,,,,,,,
,,,,,,,,,,,,,,,,,,,,,,,,,,,,
,,,,,,,,,,,,,,,,,,,,,,,,,,,,
,,,,,,,,,,,,,,,,,,,,,,,,,,,,
,,,,,,,,,,,,,,,,,,,,,,,,,,,,
,,,,,,,,,,,,,,,,,,,,,,,,,,,,
,,,,,,,,,,,,,,,,,,,,,,,,,,,,
,,,,,,,,,,,,,,,,,,,,,,,,,,,,
,,,,,,,,,,,,,,,,,,,,,,,,,,,,
,,,,,,,,,,,,,,,,,,,,,,,,,,,,
,,,,,,,,,,,,,,,,,,,,,,,,,,,,
,,,,,,,,,,,,,,,,,,,,,,,,,,,,
,,,,,,,,,,,,,,,,,,,,,,,,,,,,
,,,,,,,,,,,,,,,,,,,,,,,,,,,,
,,,,,,,,,,,,,,,,,,,,,,,,,,,,
,,,,,,,,,,,,,,,,,,,,,,,,,,,,
,,,,,,,,,,,,,,,,,,,,,,,,,,,,
,,,,,,,,,,,,,,,,,,,,,,,,,,,,
,,,,,,,,,,,,,,,,,,,,,,,,,,,,
,,,,,,,,,,,,,,,,,,,,,,,,,,,,
,,,,,,,,,,,,,,,,,,,,,,,,,,,,
,,,,,,,,,,,,,,,,,,,,,,,,,,,,
,,,,,,,,,,,,,,,,,,,,,,,,,,,,
,,,,,,,,,,,,,,,,,,,,,,,,,,,,
,,,,,,,,,,,,,,,,,,,,,,,,,,,,
,,,,,,,,,,,,,,,,,,,,,,,,,,,,
,,,,,,,,,,,,,,,,,,,,,,,,,,,,
,,,,,,,,,,,,,,,,,,,,,,,,,,,,
,,,,,,,,,,,,,,,,,,,,,,,,,,,,
,,,,,,,,,,,,,,,,,,,,,,,,,,,,
,,,,,,,,,,,,,,,,,,,,,,,,,,,,
,,,,,,,,,,,,,,,,,,,,,,,,,,,,
,,,,,,,,,,,,,,,,,,,,,,,,,,,,
,,,,,,,,,,,,,,,,,,,,,,,,,,,,
,,,,,,,,,,,,,,,,,,,,,,,,,,,,
,,,,,,,,,,,,,,,,,,,,,,,,,,,,
,,,,,,,,,,,,,,,,,,,,,,,,,,,,
,,,,,,,,,,,,,,,,,,,,,,,,,,,,
,,,,,,,,,,,,,,,,,,,,,,,,,,,,
,,,,,,,,,,,,,,,,,,,,,,,,,,,,
,,,,,,,,,,,,,,,,,,,,,,,,,,,,
,,,,,,,,,,,,,,,,,,,,,,,,,,,,
,,,,,,,,,,,,,,,,,,,,,,,,,,,,
,,,,,,,,,,,,,,,,,,,,,,,,,,,,
,,,,,,,,,,,,,,,,,,,,,,,,,,,,
,,,,,,,,,,,,,,,,,,,,,,,,,,,,
,,,,,,,,,,,,,,,,,,,,,,,,,,,,
,,,,,,,,,,,,,,,,,,,,,,,,,,,,
,,,,,,,,,,,,,,,,,,,,,,,,,,,,
,,,,,,,,,,,,,,,,,,,,,,,,,,,,
,,,,,,,,,,,,,,,,,,,,,,,,,,,,
,,,,,,,,,,,,,,,,,,,,,,,,,,,,
,,,,,,,,,,,,,,,,,,,,,,,,,,,,
,,,,,,,,,,,,,,,,,,,,,,,,,,,,
,,,,,,,,,,,,,,,,,,,,,,,,,,,,
,,,,,,,,,,,,,,,,,,,,,,,,,,,,
,,,,,,,,,,,,,,,,,,,,,,,,,,,,
,,,,,,,,,,,,,,,,,,,,,,,,,,,,
,,,,,,,,,,,,,,,,,,,,,,,,,,,,
,,,,,,,,,,,,,,,,,,,,,,,,,,,,
,,,,,,,,,,,,,,,,,,,,,,,,,,,,
,,,,,,,,,,,,,,,,,,,,,,,,,,,,
,,,,,,,,,,,,,,,,,,,,,,,,,,,,
,,,,,,,,,,,,,,,,,,,,,,,,,,,,
,,,,,,,,,,,,,,,,,,,,,,,,,,,,
,,,,,,,,,,,,,,,,,,,,,,,,,,,,
,,,,,,,,,,,,,,,,,,,,,,,,,,,,
,,,,,,,,,,,,,,,,,,,,,,,,,,,,
,,,,,,,,,,,,,,,,,,,,,,,,,,,,
,,,,,,,,,,,,,,,,,,,,,,,,,,,,
,,,,,,,,,,,,,,,,,,,,,,,,,,,,
,,,,,,,,,,,,,,,,,,,,,,,,,,,,
,,,,,,,,,,,,,,,,,,,,,,,,,,,,
,,,,,,,,,,,,,,,,,,,,,,,,,,,,
,,,,,,,,,,,,,,,,,,,,,,,,,,,,
,,,,,,,,,,,,,,,,,,,,,,,,,,,,
,,,,,,,,,,,,,,,,,,,,,,,,,,,,
,,,,,,,,,,,,,,,,,,,,,,,,,,,,
,,,,,,,,,,,,,,,,,,,,,,,,,,,,
,,,,,,,,,,,,,,,,,,,,,,,,,,,,
,,,,,,,,,,,,,,,,,,,,,,,,,,,,
,,,,,,,,,,,,,,,,,,,,,,,,,,,,
,,,,,,,,,,,,,,,,,,,,,,,,,,,,
,,,,,,,,,,,,,,,,,,,,,,,,,,,,
,,,,,,,,,,,,,,,,,,,,,,,,,,,,
,,,,,,,,,,,,,,,,,,,,,,,,,,,,
,,,,,,,,,,,,,,,,,,,,,,,,,,,,
,,,,,,,,,,,,,,,,,,,,,,,,,,,,
,,,,,,,,,,,,,,,,,,,,,,,,,,,,
,,,,,,,,,,,,,,,,,,,,,,,,,,,,
,,,,,,,,,,,,,,,,,,,,,,,,,,,,
,,,,,,,,,,,,,,,,,,,,,,,,,,,,
,,,,,,,,,,,,,,,,,,,,,,,,,,,,
,,,,,,,,,,,,,,,,,,,,,,,,,,,,
,,,,,,,,,,,,,,,,,,,,,,,,,,,,
,,,,,,,,,,,,,,,,,,,,,,,,,,,,
,,,,,,,,,,,,,,,,,,,,,,,,,,,,
,,,,,,,,,,,,,,,,,,,,,,,,,,,,
,,,,,,,,,,,,,,,,,,,,,,,,,,,,
,,,,,,,,,,,,,,,,,,,,,,,,,,,,
,,,,,,,,,,,,,,,,,,,,,,,,,,,,
,,,,,,,,,,,,,,,,,,,,,,,,,,,,
,,,,,,,,,,,,,,,,,,,,,,,,,,,,
,,,,,,,,,,,,,,,,,,,,,,,,,,,,
,,,,,,,,,,,,,,,,,,,,,,,,,,,,
,,,,,,,,,,,,,,,,,,,,,,,,,,,,
,,,,,,,,,,,,,,,,,,,,,,,,,,,,
,,,,,,,,,,,,,,,,,,,,,,,,,,,,
,,,,,,,,,,,,,,,,,,,,,,,,,,,,
,,,,,,,,,,,,,,,,,,,,,,,,,,,,
,,,,,,,,,,,,,,,,,,,,,,,,,,,,
,,,,,,,,,,,,,,,,,,,,,,,,,,,,
,,,,,,,,,,,,,,,,,,,,,,,,,,,,
,,,,,,,,,,,,,,,,,,,,,,,,,,,,
,,,,,,,,,,,,,,,,,,,,,,,,,,,,
,,,,,,,,,,,,,,,,,,,,,,,,,,,,
,,,,,,,,,,,,,,,,,,,,,,,,,,,,
,,,,,,,,,,,,,,,,,,,,,,,,,,,,
,,,,,,,,,,,,,,,,,,,,,,,,,,,,
,,,,,,,,,,,,,,,,,,,,,,,,,,,,
,,,,,,,,,,,,,,,,,,,,,,,,,,,,
,,,,,,,,,,,,,,,,,,,,,,,,,,,,
,,,,,,,,,,,,,,,,,,,,,,,,,,,,
,,,,,,,,,,,,,,,,,,,,,,,,,,,,
,,,,,,,,,,,,,,,,,,,,,,,,,,,,
,,,,,,,,,,,,,,,,,,,,,,,,,,,,
,,,,,,,,,,,,,,,,,,,,,,,,,,,,
,,,,,,,,,,,,,,,,,,,,,,,,,,,,
,,,,,,,,,,,,,,,,,,,,,,,,,,,,
,,,,,,,,,,,,,,,,,,,,,,,,,,,,
,,,,,,,,,,,,,,,,,,,,,,,,,,,,
,,,,,,,,,,,,,,,,,,,,,,,,,,,,
,,,,,,,,,,,,,,,,,,,,,,,,,,,,
,,,,,,,,,,,,,,,,,,,,,,,,,,,,
,,,,,,,,,,,,,,,,,,,,,,,,,,,,
,,,,,,,,,,,,,,,,,,,,,,,,,,,,
,,,,,,,,,,,,,,,,,,,,,,,,,,,,
