주소1,주소2,회원수
Example State 001,Example City 003,14772
Example State 001,Example City 001,6496
Example State 001,Example City 004,2959
Example State 001,Example City 032,318
Example State 001,Example City 002,242
Example State 001,Example City 028,225
Example State 001,Example City 043,219
Example State 001,Example City 017,180
Example State 001,Example City 049,134
Example State 003,Example City 062,131
Example State 001,Example City 018,124
Example State 001,Example City 014,101
Example State 001,Example City 047,97
Example State 006,Example City 030,92
Example State 001,Example City 019,91
Example State 006,Example City 027,71
Example State 005,Example City 460,71
Example State 005,Example City 461,71
Example State 006,Example City 050,70
Example State 001,Example City 031,69
Example State 006,Example City 042,60
Example State 008,Example City 044,59
Example State 006,Example City 054,58
Example State 003,Example City 009,57
Example State 001,Example City 167,54
Example State 003,Example City 007,53
Example State 001,Example City 025,52
Example State 006,Example City 061,51
Example State 006,Example City 013,47
Example State 003,Example City 029,46
Example State 006,Example City 075,46
Example State 008,Example City 433,44
Example State 011,Example City 447,42
Example State 005,Example City 036,42
Example State 010,Example City 023,41
Example State 006,Example City 064,41
Example State 006,Example City 175,41
Example State 006,Example City 183,38
Example State 006,Example City 053,37
Example State 010,Example City 043,36
Example State 005,Example City 176,36
Example State 006,Example City 059,35
Example State 008,Example City 455,34
Example State 006,Example City 011,34
Example State 006,Example City 067,33
Example State 003,Example City 179,33
Example State 006,Example City 194,32
Example State 006,Example City 048,31
Example State 008,Example City 439,30
Example State 005,Example City 189,30
Example State 004,Example City 043,29
Example State 008,Example City 437,29
Example State 008,Example City 446,29
Example State 006,Example City 068,29
Example State 006,Example City 201,29
Example State 001,Example City 052,29
Example State 015,Example City 069,28
Example State 008,Example City 087,28
Example State 001,Example City 204,25
Example State 001,Example City 173,24
Example State 006,Example City 037,24
Example State 006,Example City 076,24
Example State 008,Example City 078,24
Example State 008,Example City 083,24
Example State 008,Example City 015,24
Example State 003,Example City 071,23
Example State 001,Example City 005,23
Example State 001,Example City 026,23
Example State 003,Example City 431,22
Example State 008,Example City 192,22
Example State 013,Example City 222,22
Example State 004,Example City 077,22
Example State 015,Example City 203,21
Example State 014,Example City 435,21
Example State 008,Example City 224,20
Example State 008,Example City 454,20
Example State 009,Example City 017,20
Example State 008,Example City 444,20
Example State 003,Example City 432,20
Example State 003,Example City 450,20
Example State 008,Example City 079,20
Example State 001,Example City 038,20
Example State 002,Example City 006,20
Example State 004,Example City 008,20
Example State 013,Example City 188,20
Example State 008,Example City 453,19
Example State 015,Example City 017,19
Example State 004,Example City 105,19
Example State 006,Example City 058,19
Example State 006,Example City 218,19
Example State 008,Example City 057,18
Example State 006,Example City 039,18
Example State 015,Example City 186,18
Example State 003,Example City 086,18
Example State 013,Example City 018,18
Example State 008,Example City 459,18
Example State 008,Example City 016,18
Example State 006,Example City 056,17
Example State 003,Example City 449,17
Example State 013,Example City 032,17
Example State 014,Example City 084,17
Example State 001,Example City 085,17
Example State 012,Example City 434,16
Example State 014,Example City 438,16
Example State 008,Example City 024,16
Example State 008,Example City 440,15
Example State 015,Example City 214,15
Example State 004,Example City 063,15
Example State 001,Example City 205,15
Example State 008,Example City 217,15
Example State 008,Example City 082,14
Example State 013,Example City 185,14
Example State 010,Example City 018,14
Example State 015,Example City 210,13
Example State 015,Example City 080,13
Example State 008,Example City 441,13
Example State 008,Example City 180,13
Example State 008,Example City 443,13
Example State 008,Example City 442,12
Example State 015,Example City 195,12
Example State 003,Example City 171,12
Example State 008,Example City 462,12
Example State 008,Example City 445,12
Example State 010,Example City 056,12
Example State 092,Example City 168,12
Example State 015,Example City 066,11
Example State 005,Example City 081,11
Example State 002,Example City 187,11
Example State 008,Example City 102,11
Example State 012,Example City 430,11
Example State 016,Example City 200,10
Example State 008,Example City 456,10
Example State 003,Example City 451,9
Example State 013,Example City 056,9
Example State 014,Example City 196,9
Example State 010,Example City 211,9
Example State 012,Example City 463,9
Example State 001,Example City 072,8
Example State 092,Example City 233,8
Example State 005,Example City 010,8
Example State 012,Example City 263,8
Example State 005,Example City 273,8
Example State 009,Example City 070,8
Example State 008,Example City 191,8
Example State 008,Example City 464,8
Example State 016,Example City 065,8
Example State 008,Example City 174,8
Example State 008,Example City 465,7
Example State 008,Example City 466,7
Example State 008,Example City 199,7
Example State 009,Example City 032,7
Example State 001,Example City 020,7
Example State 004,Example City 213,7
Example State 015,Example City 032,7
Example State 015,Example City 043,7
Example State 015,Example City 215,7
Example State 008,Example City 458,6
Example State 015,Example City 018,6
Example State 008,Example City 046,6
Example State 008,Example City 234,5
Example State 092,Example City 436,5
Example State 092,Example City 207,5
Example State 003,Example City 181,5
Example State 003,Example City 212,5
Example State 092,Example City 448,5
Example State 013,Example City 043,5
Example State 015,Example City 061,5
Example State 001,Example City 197,5
Example State 005,Example City 182,5
Example State 013,Example City 017,5
Example State 014,Example City 198,5
Example State 014,Example City 193,5
Example State 012,Example City 457,5
Example State 009,Example City 056,5
Example State 014,Example City 265,4
Example State 014,Example City 259,4
Example State 015,Example City 056,4
Example State 005,Example City 228,4
Example State 014,Example City 074,4
Example State 005,Example City 237,4
Example State 014,Example City 238,4
Example State 005,Example City 216,4
Example State 092,Example City 226,4
Example State 092,Example City 232,4
Example State 092,Example City 177,4
Example State 005,Example City 270,3
Example State 003,Example City 253,3
Example State 003,Example City 284,3
Example State 092,Example City 271,3
Example State 003,Example City 262,3
Example State 014,Example City 264,3
Example State 008,Example City 261,3
Example State 003,Example City 247,3
Example State 092,Example City 169,3
Example State 014,Example City 277,3
Example State 015,Example City 269,3
Example State 014,Example City 240,3
Example State 092,Example City 267,2
Example State 016,Example City 266,2
Example State 003,Example City 172,2
Example State 008,Example City 452,2
Example State 013,Example City 252,2
Example State 004,Example City 056,2
Example State 001,,2
Example State 003,Example City 368,1
Example State 092,Example City 314,1
Example State 092,Example City 316,1
Example State 092,Example City 170,1
Example State 092,Example City 300,1
Example State 016,Example City 345,1
Example State 016,Example City 260,1
Example State 016,Example City 278,1
Example State 016,Example City 208,1
Example State 016,Example City 223,1
Example State 016,Example City 396,1
Example State 008,Example City 283,1
Example State 008,Example City 022,1
Example State 008,Example City 315,1
Example State 092,Example City 310,1
Example State 092,Example City 401,1
Example State 009,Example City 018,1
Example State 004,Example City 275,1
Example State 004,Example City 258,1
Example State 005,Example City 184,1
Example State 014,Example City 060,1
Example State 005,Example City 467,1
Example State 012,Example City 279,1
Example State 012,Example City 399,1
Example State 012,Example City 352,1
Example State 012,Example City 227,1
Example State 014,Example City 285,1
Example State 012,Example City 245,1
Example State 012,Example City 220,1
Example State 012,Example City 392,1
