NO,시간,권한,액션,대상 시트,대상 row,변경 내용,비고
,,,,,,,
1,2026-05-21 16:39:10,admin,UPDATE,담당자,2,관장 | Rowan Hayes 18335 | 관장,
2,2026-05-22 09:11:13,admin,CREATE,홍보기록,85,26 | 2026-05-22 09:00 | 46164,
3,2026-05-22 09:11:46,admin,CREATE,홍보기록,86,27 | 2026-05-22 09:30 | 46164,
4,2026-05-22 10:56:27,admin,CREATE,홍보기록,87,28 | 2026-05-22 11:00 | 46164,
5,2026-05-22 11:06:25,admin,DELETE,홍보기록,75,,
6,2026-05-22 11:06:37,admin,CREATE,홍보기록,88,28 | 2026-05-22 11:00 | 46164,
7,2026-05-22 11:06:41,admin,DELETE,홍보기록,87,,
8,2026-05-22 11:19:16,admin,CREATE,홍보기록,89,28 | 2026-05-23 11:10:00 | 46165,
9,2026-05-22 11:24:24,admin,DELETE,홍보기록,89,,
10,2026-05-22 13:27:53,admin,CREATE,홍보기록,89,28 | 2026-05-23 14:50:00 | 46165,
11,2026-05-22 13:33:05,admin,CREATE,홍보기록,90,29 | 2026-05-22 13:33 | 46164,
12,2026-05-22 13:41:15,admin,CREATE,홍보기록,91,30 | 2026-05-22 13:41 | 46165,
13,2026-05-22 13:41:50,admin,UPDATE,프로그램,10,9 | 공연 | 한국페스티발앙상블,
14,2026-05-22 13:47:05,admin,DELETE,홍보기록,91,,
15,2026-05-22 13:47:14,admin,DELETE,홍보기록,89,,
16,2026-05-22 17:02:25,admin,UPDATE,홍보기록,41,29 | 2026-05-22 14:00 | 46164,
17,2026-05-22 17:02:45,admin,UPDATE,홍보기록,41,29 | 2026-05-22 15:30 | 46164,
18,2026-05-22 17:03:42,admin,UPDATE,홍보기록,49,29 | 2026-05-22 17:00 | 46164,
19,2026-05-22 17:54:22,admin,UPDATE,프로그램,10,9 | 공연 | 한국페스티발앙상블,
20,2026-05-22 17:56:40,admin,UPDATE,홍보기록,24,29 | 2026-05-23 11:00 | 46165,
21,2026-05-23 09:02:00,admin,CREATE,홍보기록,91,29 | 2026-05-23 15:00:00 | 46165,
22,2026-05-23 09:05:00,admin,UPDATE,홍보기록,91,30 | 2026-05-23 15:00 | 46165,
23,2026-05-23 13:05:45,admin,UPDATE,홍보기록,24,30 | 2026-05-23 14:00 | 46165,
24,2026-05-23 13:06:00,admin,UPDATE,홍보기록,46,30 | 2026-05-23 11:00 | 46165,
25,2026-05-23 14:11:48,admin,UPDATE,홍보기록,54,30 | 2026-05-26 15:00 | 46168,
26,2026-05-23 14:12:04,admin,UPDATE,홍보기록,55,30 | 2026-05-26 16:00 | 46168,
27,2026-05-23 14:34:22,admin,UPDATE,홍보기록,91,30 | 2026-05-23 15:00 | 46165,
28,2026-05-23 16:44:11,admin,CREATE,홍보기록,92,30 | 2026-05-23 16:00:00 | 46165,
29,2026-05-23 16:44:27,admin,UPDATE,홍보기록,92,31 | 2026-05-23 16:00 | 46165,
30,2026-05-23 16:44:43,admin,UPDATE,홍보기록,91,31 | 2026-05-23 15:00 | 46165,
31,2026-05-23 16:55:41,admin,CREATE,PromoSpecial,2,2026-05-23 16:55:41 | SP-1779522941307 | 2026-05-28,
32,2026-05-23 16:56:02,admin,CREATE,PromoSpecial,3,2026-05-23 16:56:02 | SP-1779522962592 | 2026-05-26,
33,2026-05-23 16:57:25,admin,CREATE,PromoSpecial,4,2026-05-23 16:57:25 | SP-1779523045723 | 2026-06-09,
34,2026-05-23 16:57:48,admin,CREATE,PromoSpecial,5,2026-05-23 16:57:48 | SP-1779523068568 | 2026-06-04,
35,2026-05-23 17:37:07,admin,CREATE,홍보기록,93,31 | 2026-05-28 10:00:00 | 46170,
36,2026-05-23 18:29:05,admin,UPDATE,PromoSpecial,2,2026-05-23 16:55:41 | SP-1779522941307 | 2026-05-28,
37,2026-05-23 18:29:29,admin,DELETE,PromoSpecial,3,,
38,2026-05-23 18:48:42,admin,CREATE,홍보기록,94,32 | 2026-05-23 18:48 | 46171,
39,2026-05-23 18:48:51,admin,DELETE,홍보기록,94,,
40,2026-05-23 22:21:43,admin,UPDATE,PromoSpecial,2,2026-05-23 16:55:41 | SP-1779522941307 | 2026-05-29,
41,2026-05-23 22:22:01,admin,UPDATE,PromoSpecial,2,2026-05-23 16:55:41 | SP-1779522941307 | 2026-05-28,
42,2026-05-23 22:28:23,admin,UPDATE,PromoSpecial,2,2026-05-23 16:55:41 | SP-1779522941307 | 2026-05-29,
43,2026-05-24 07:44:42,admin,UPDATE,PromoSpecial,5,2026-05-23 16:57:48 | SP-1779523068568 | 2026-06-04,
44,2026-05-24 07:45:00,admin,UPDATE,PromoSpecial,4,2026-05-23 16:57:25 | SP-1779523045723 | 2026-06-09,
45,2026-05-24 07:45:18,admin,UPDATE,PromoSpecial,4,2026-05-23 16:57:25 | SP-1779523045723 | 2026-06-08,
46,2026-05-24 07:45:47,admin,CREATE,PromoSpecial,6,2026-05-24 07:45:58 | SP-1779576358707 | 2026-06-06,
47,2026-05-24 20:31:31,admin,UPDATE,홍보접수설정,2,접수월 | 2026-06,
48,2026-05-24 20:31:35,admin,UPDATE,홍보접수설정,3,제외일자 | 2026-06-02,
49,2026-05-24 20:31:38,admin,UPDATE,홍보접수설정,4,제외시간 | 18:00-22:00,
50,2026-05-24 20:33:23,user,CREATE,홍보기록,94,32 | 2026-06-05 22:00:00 | 46178,
51,2026-05-24 20:39:13,admin,DELETE,홍보기록,94,,
52,2026-05-24 21:38:32,admin,CREATE,홍보접수설정,5,접수ON | true,
53,2026-05-24 21:55:12,admin,UPDATE,홍보접수설정,5,접수ON | false,
54,2026-05-24 21:55:15,admin,UPDATE,홍보접수설정,5,접수ON | true,
55,2026-05-24 21:55:25,admin,UPDATE,홍보접수설정,2,접수월 | 2026-07,
56,2026-05-24 21:55:29,admin,UPDATE,홍보접수설정,5,접수ON | false,
57,2026-05-24 21:55:36,admin,UPDATE,홍보접수설정,5,접수ON | true,
58,2026-05-24 21:55:36,admin,UPDATE,홍보접수설정,5,접수ON | true,
59,2026-05-24 22:04:39,admin,UPDATE,홍보접수설정,2,접수월 | 2026-08,
60,2026-05-24 22:04:48,admin,CREATE,홍보접수설정,6,제외 | 2026-05-13|14:00|15:00,
61,2026-05-24 22:21:57,admin,DELETE,홍보접수설정,6,,
62,2026-05-24 22:22:59,admin,CREATE,홍보접수설정,6,제외 | |11:30|17:30,
63,2026-05-24 22:23:04,admin,CREATE,홍보접수설정,7,제외 | 2026-08-12|17:30|18:00,
64,2026-05-24 22:23:13,admin,CREATE,홍보접수설정,8,제외 | |12:00|23:59,
65,2026-05-24 22:23:16,admin,CREATE,홍보접수설정,9,제외 | |00:00|01:00,
66,2026-05-24 22:23:42,admin,CREATE,홍보접수설정,10,제외 | |11:30|13:30,
67,2026-05-24 22:35:27,admin,DELETE,홍보접수설정,6,,
68,2026-05-24 22:35:34,admin,DELETE,홍보접수설정,8,,
69,2026-05-24 22:35:39,admin,DELETE,홍보접수설정,9,,
70,2026-05-24 22:35:45,admin,DELETE,홍보접수설정,10,,
71,2026-05-24 22:36:57,admin,DELETE,홍보접수설정,7,,
72,2026-05-24 22:39:26,admin,CREATE,홍보접수설정,6,제외 | |17:00|22:00,
73,2026-05-24 22:46:49,admin,CREATE,홍보접수설정,7,자동_휴무 | true,
74,2026-05-25 00:11:19,admin,UPDATE,홍보접수설정,2,접수월 | 2026-06,
75,2026-05-25 06:44:46,admin,CREATE,홍보접수설정,8,제외 | 2026-06-17|09:00|14:00,
76,2026-05-25 18:11:18,admin,CREATE,홍보접수설정,9,접수월 | 2026-07,
77,2026-05-25 18:11:28,admin,DELETE,홍보접수설정,9,,
78,2026-05-25 18:30:10,user,CREATE,홍보기록,94,32 | 2026-06-04 17:00:00 | 46177,
79,2026-05-25 20:16:27,user,CREATE,홍보기록,95,33 | 2026-06-05 10:00:00 | 46178,
80,2026-05-25 20:16:58,user,CREATE,홍보기록,96,34 | 2026-06-05 10:00:00 | 46178,
81,2026-05-25 20:23:48,user,CREATE,홍보기록,97,35 | 2026-06-05 10:00:00 | 46178,
82,2026-05-25 23:29:57,admin,UPDATE,홍보기록,95,46178.4166666667 | 2026 | 6,
83,2026-05-25 23:41:02,admin,UPDATE,담당자,9,예술사업팀 | Avery Reed 08336 | 팀원,
84,2026-05-25 23:53:31,admin,UPDATE,담당자,9,예술사업팀 | Avery Reed 08336 | 팀원,
85,2026-05-25 23:58:20,admin,UPDATE,담당자,9,예술사업팀 | Avery Reed 08336 | 팀원,
86,2026-05-26 00:36:13,admin,UPDATE,홍보기록,96,46178.4166666667 | 2026 | 6,
87,2026-05-26 00:43:21,admin,UPDATE,홍보기록,97,46178.4166666667 | 2026 | 6,
88,2026-05-26 01:00:53,user,CREATE,홍보기록,98,36 | 2026-06-05 11:30:00 | 46178,
89,2026-05-26 01:01:54,admin,UPDATE,홍보기록,98,46178.4791666667 | 2026 | 6,
90,2026-05-26 01:08:35,admin,DELETE,홍보기록,98,,
91,2026-05-26 01:09:39,admin,UPDATE,담당자,9,예술사업팀 | Avery Reed 08336 | 팀원,
92,2026-05-26 01:09:53,admin,UPDATE,담당자,19,극장운영팀 | Jordan Ellis 07914 | 팀원,
93,2026-05-26 01:14:07,admin,DELETE,홍보기록,94,,
94,2026-05-26 01:14:42,admin,DELETE,홍보기록,95,,
95,2026-05-26 01:14:52,admin,DELETE,홍보기록,96,,
96,2026-05-26 01:15:02,admin,DELETE,홍보기록,97,,
97,2026-05-26 01:15:29,user,CREATE,홍보기록,94,32 | 2026-06-12 10:00:00 | 46185,
98,2026-05-26 01:16:05,admin,UPDATE,홍보기록,94,46185.4166666667 | 2026 | 6,
99,2026-05-26 10:50:32,admin,DELETE,홍보기록,56,,
100,2026-05-26 11:27:51,admin,CREATE,PromoSpecial,7,2026-05-26 11:27:50 | SP-1779762470479 | 2026-05-26,
101,2026-05-26 11:30:17,admin,UPDATE,PromoSpecial,7,2026-05-26 11:27:50 | SP-1779762470479 | 2026-05-26,
102,2026-05-26 11:35:01,admin,CREATE,PromoSpecial,8,2026-05-26 11:34:59 | SP-1779762899415 | 2026-05-30,
103,2026-05-26 12:17:10,user,CREATE,홍보기록,94,31 | 2026-06-12 14:30:00 | 46185,
104,2026-05-26 12:18:20,admin,UPDATE,홍보기록,94,31 | 46185.6041666667 | 46185,
105,2026-05-26 13:50:41,admin,DELETE,홍보접수설정,8,,
106,2026-05-26 13:50:57,admin,CREATE,홍보접수설정,8,제외 | 2026-06-18|09:00|14:00,
107,2026-05-26 13:51:42,user,CREATE,홍보기록,95,32 | 2026-06-05 13:30:00 | 46178,
108,2026-05-26 13:53:19,admin,UPDATE,홍보기록,95,32 | 46178.5625 | 46178,
109,2026-05-26 14:46:38,admin,UPDATE,담당자,12,예술사업팀 | Cameron Lane 09790 | 팀원,
110,2026-05-26 14:47:05,user,UPDATE,담당자,12,예술사업팀 | Cameron Lane 09790 | 팀원,
111,2026-05-26 14:48:12,user,CREATE,홍보기록,96,33 | 2026-06-16 10:00:00 | 46189,
112,2026-05-26 15:02:03,admin,DELETE,홍보기록,95,,
113,2026-05-26 15:04:04,user,CREATE,홍보기록,97,33 | 2026-06-11 10:00:00 | 46184,
114,2026-05-26 15:35:43,user,CREATE,홍보기록,98,34 | 2026-06-12 10:00:00 | 46185,
115,2026-05-26 17:50:40,admin,UPDATE,담당자,9,예술사업팀 | Avery Reed 08336 | 팀원,
116,2026-05-26 17:52:26,admin,UPDATE,홍보기록,55,35 | 2026-05-26 18:00 | 46168,
117,2026-05-26 17:53:22,admin,UPDATE,홍보기록,54,35 | 2026-05-26 14:00 | 46168,
118,2026-05-27 02:17:32,user,UPDATE,담당자,19,극장운영팀 | Jordan Ellis 07914 | 팀원,
119,2026-05-27 02:17:34,user,SET_PASSWORD,담당자,19,Jordan Ellis 07914,
120,2026-05-27 06:37:42,user,CREATE,홍보기록,99,35 | 2026-05-27 10:00:00 | 46169,
121,2026-05-27 06:45:30,user,UPDATE,홍보기록,99,35 | 2026-05-27 11:00:00 | 46169,
122,2026-05-27 06:45:45,admin,UPDATE,홍보기록,99,35 | 46169.4583333333 | 46169,
123,2026-05-27 06:46:03,admin,UPDATE,홍보기록,99,35 | 46169.4583333333 | 46169,
124,2026-05-27 06:46:20,admin,DELETE,홍보기록,99,,
125,2026-05-27 06:46:42,admin,UPDATE,PromoSpecial,2,2026-05-23 16:55:41 | SP-1779522941307 | 2026-05-28,
126,2026-05-27 06:46:51,admin,UPDATE,PromoSpecial,8,2026-05-26 11:34:59 | SP-1779762899415 | 2026-05-29,
127,2026-05-27 06:47:28,admin,UPDATE,홍보기록,97,33 | 46184.4166666667 | 46184,
128,2026-05-27 07:09:54,admin,UPDATE,홍보기록,98,34 | 46185.4166666667 | 46185,
129,2026-05-27 07:12:05,admin,UPDATE,홍보기록,96,33 | 46189.4166666667 | 46189,
130,2026-05-27 08:41:24,admin,UPDATE,홍보기록,94,31 | 2026-06-12 15:30:00 | 46185,
131,2026-05-27 08:42:19,admin,UPDATE,담당자,9,예술사업팀 | Avery Reed 08336 | 팀원,
132,2026-05-27 08:42:35,user,SET_PASSWORD,담당자,9,Avery Reed 08336,
133,2026-05-27 10:12:16,admin,UPDATE,담당자,9,예술사업팀 | Avery Reed 08336 | 팀원,
134,2026-05-27 10:38:32,admin,CREATE,홍보기록,99,35 | 2026-05-27 10:30:00 | 46169,
135,2026-05-27 10:38:44,admin,UPDATE,홍보기록,99,36 | 2026-05-27 10:30 | 46169,
136,2026-05-27 10:39:16,admin,UPDATE,홍보기록,66,36 | 2026-05-27 15:00 | 46169,
137,2026-05-27 11:19:38,admin,UPDATE,홍보기록,94,31 | 46185.6458333333 | 46185,
138,2026-05-27 11:19:51,admin,UPDATE,홍보기록,98,34 | 46185.4166666667 | 46185,
139,2026-05-27 12:32:24,admin,UPDATE,담당자,9,예술사업팀 | Avery Reed 08336 | 팀원,
140,2026-05-27 12:36:02,admin,CREATE,홍보기록,100,36 | 2026-05-28 10:00:00 | 46170,
141,2026-05-27 13:16:45,user,CREATE,홍보기록,101,37 | 2026-05-28 10:00:00 | 46170,
142,2026-05-27 15:03:29,user,UPDATE,담당자,12,예술사업팀 | Cameron Lane 09790 | 팀원,
143,2026-05-27 15:03:35,user,UPDATE,담당자,12,예술사업팀 | Cameron Lane 09790 | 팀원,
144,2026-05-27 15:07:24,user,UPDATE,담당자,12,예술사업팀 | Cameron Lane 09790 | 팀원,
145,2026-05-27 15:08:37,user,UPDATE,담당자,12,예술사업팀 | Cameron Lane 09790 | 팀원,
146,2026-05-27 15:10:40,user,UPDATE,홍보기록,67,25 | 46171.6458333333 | 46171,
147,2026-05-27 15:10:57,user,UPDATE,홍보기록,65,24 | 46171.5972222222 | 46171,
148,2026-05-27 15:11:18,user,UPDATE,홍보기록,100,36 | 46170.4166666667 | 46170,
149,2026-05-27 15:11:47,user,UPDATE,홍보기록,93,31 | 46170.4166666667 | 46170,
150,2026-05-27 15:12:13,user,UPDATE,홍보기록,57,19 | 2026-05-28 11:00:00 | 46170,
151,2026-05-27 15:12:26,user,CREATE,홍보기록,102,38 | 2026-05-27 16:30:00 | 46169,
152,2026-05-27 15:12:31,user,UPDATE,홍보기록,57,19 | 46170.4583333333 | 46170,
153,2026-05-27 15:12:58,user,UPDATE,홍보기록,60,21 | 46170.6458333333 | 46170,
154,2026-05-27 15:13:19,user,UPDATE,홍보기록,102,39 | 2026-05-27 16:30 | 46169,
155,2026-05-27 15:13:30,user,UPDATE,홍보기록,102,39 | 2026-05-27 16:30 | 46169,
156,2026-05-27 15:15:53,user,CREATE,홍보기록,103,39 | 2026-05-27 15:30:00 | 46169,
157,2026-05-27 15:18:03,user,DELETE,홍보기록,103,,
158,2026-05-27 15:45:50,user,CREATE,홍보기록,103,39 | 2026-05-29 10:00:00 | 46171,
159,2026-05-27 15:56:16,admin,CREATE,홍보기록,104,40 | 2026-05-29 11:00:00 | 46171,
160,2026-05-27 16:04:07,user,CREATE,홍보기록,105,41 | 2026-05-29 10:00:00 | 46171,
161,2026-05-27 16:07:58,user,CREATE,홍보기록,106,42 | 2026-05-29 10:00:00 | 46171,
162,2026-05-27 16:08:08,user,UPDATE,홍보기록,106,42 | 46171.4166666667 | 46171,
163,2026-05-27 16:08:16,user,UPDATE,홍보기록,104,40 | 46171.4583333333 | 46171,
164,2026-05-27 16:08:23,user,UPDATE,홍보기록,105,41 | 46171.4166666667 | 46171,
165,2026-05-27 16:08:31,user,UPDATE,홍보기록,103,39 | 46171.4166666667 | 46171,
166,2026-05-27 16:10:53,user,UPDATE,홍보기록,101,37 | 46170.4166666667 | 46170,
167,2026-05-27 16:11:06,user,UPDATE,홍보기록,101,37 | 46170.4166666667 | 46170,
168,2026-05-27 16:12:10,user,UPDATE,홍보기록,66,36 | 2026-05-27 11:00:00 | 46169,
169,2026-05-27 16:12:27,user,UPDATE,홍보기록,66,36 | 46169.4583333333 | 46169,
170,2026-05-27 16:13:16,user,DELETE,홍보기록,97,,
171,2026-05-27 16:17:03,user,CREATE,홍보기록,107,42 | 2026-05-27 14:00:00 | 46169,
172,2026-05-27 16:17:45,user,UPDATE,홍보기록,107,42 | 46169.5833333333 | 46169,
173,2026-05-27 16:18:06,user,UPDATE,홍보기록,107,42 | 46169.5833333333 | 46169,
174,2026-05-27 16:43:12,user,CREATE,홍보기록,108,43 | 2026-06-03 10:00:00 | 46176,
175,2026-05-27 17:50:17,user,UPDATE,PromoSpecial,2,2026-05-23 16:55:41 | SP-1779522941307 | 2026-05-28,
176,2026-05-27 18:34:28,user,DELETE,홍보기록,102,,
177,2026-05-28 07:09:12,user,UPDATE,홍보기록,58,19 | 46172.4583333333 | 46172,
178,2026-05-28 08:02:02,user,CREATE,홍보기록,109,43 | 2026-06-04 10:00:00 | 46177,
179,2026-05-28 08:05:13,user,UPDATE,홍보기록,109,43 | 46177.4166666667 | 46177,
180,2026-05-28 14:05:12,user,CREATE,홍보접수설정,9,접수월 | 2026-07,
181,2026-05-28 14:05:20,user,UPDATE,홍보접수설정,9,접수월 | 2026-05,
182,2026-05-28 14:07:55,user,CREATE,홍보기록,110,44 | 2026-05-28 14:00:00 | 46170,
183,2026-05-28 14:10:27,user,UPDATE,홍보기록,110,44 | 46170.5833333333 | 46170,
184,2026-05-28 14:10:41,user,UPDATE,홍보기록,57,19 | 46170.4583333333 | 46170,
185,2026-05-29 08:45:24,user,CREATE,PromoSpecial,9,2026-05-29 08:45:17 | SP-1780011917521 | 2026-06-18,
186,2026-05-29 09:21:38,user,CREATE,홍보기록,111,45 | 2026-05-29 10:00:00 | 46171,
187,2026-05-29 09:22:39,user,CREATE,홍보기록,112,46 | 2026-05-29 15:00:00 | 46171,
188,2026-05-29 09:22:59,user,UPDATE,홍보기록,111,45 | 46171.4166666667 | 46171,
189,2026-05-29 09:23:11,user,UPDATE,홍보기록,112,46 | 46171.625 | 46171,
190,2026-05-29 09:31:46,user,CREATE,홍보기록,113,47 | 2026-06-05 10:00:00 | 46178,
191,2026-05-29 10:10:10,user,CREATE,홍보기록,114,48 | 2026-05-30 11:00:00 | 46172,
192,2026-05-29 10:20:20,user,UPDATE,홍보기록,111,45 | 46171.4166666667 | 46171,
193,2026-05-29 10:25:13,user,UPDATE,홍보기록,113,47 | 46178.4166666667 | 46178,
194,2026-05-29 10:26:54,admin,UPDATE,PromoSpecial,9,2026-05-29 08:45:17 | SP-1780011917521 | 2026-06-18,
195,2026-05-29 10:29:43,user,UPDATE,홍보기록,109,43 | 46177.4166666667 | 46177,
196,2026-05-29 11:29:11,admin,UPDATE,홍보기록,1,No | 입력시간(KST) | 날짜,
197,2026-05-30 12:19:10,user,UPDATE,홍보기록,58,19 | 2026-05-30 14:00:00 | 46172,
198,2026-05-30 12:19:32,user,UPDATE,홍보기록,51,17 | 46172.6666666667 | 46172,
199,2026-05-30 12:19:41,user,UPDATE,홍보기록,58,19 | 46172.5833333333 | 46172,
200,2026-05-30 12:19:50,user,UPDATE,홍보기록,114,48 | 46172.4583333333 | 46172,
201,2026-05-30 13:05:46,user,CREATE,홍보기록,115,49 | 2026-05-30 13:00:00 | 46172,
202,2026-05-30 13:06:05,user,UPDATE,홍보기록,115,49 | 46172.5416666667 | 46172,
203,2026-05-30 16:29:05,user,DELETE,홍보기록,114,,
204,2026-05-30 16:29:14,user,UPDATE,홍보기록,61,21 | 46172.6875 | 46172,
205,2026-05-31 10:33:04,user,CREATE,홍보기록,116,49 | 2026-06-05 10:00:00 | 46178,
206,2026-05-31 11:07:22,user,UPDATE,담당자,13,예술사업팀 | 테스트 | 팀원,
207,2026-05-31 11:08:09,user,CREATE,홍보기록,117,50 | 2026-06-05 10:00:00 | 46178,
208,2026-05-31 12:30:43,admin,UPDATE,담당자,13,예술사업팀 | 테스트 | 팀원,
209,2026-05-31 14:47:19,user,UPDATE,담당자,13,예술사업팀 | 테스트 | 팀원,
210,2026-05-31 17:24:24,admin,UPDATE,담당자,13,예술사업팀 | 테스트 | 팀원,
211,2026-05-31 17:24:36,admin,UPDATE,담당자,12,예술사업팀 | Cameron Lane 09790 | 팀원,
212,2026-05-31 17:25:14,user,UPDATE,담당자,13,예술사업팀 | 테스트 | 팀원,
213,2026-06-01 09:12:13,admin,UPDATE,담당자,13,예술사업팀 | 테스트 | 팀원,
214,2026-06-01 09:12:20,user,UPDATE,담당자,13,예술사업팀 | 테스트 | 팀원,
215,2026-06-01 09:13:34,user,UPDATE,담당자,13,예술사업팀 | 테스트 | 팀원,
216,2026-06-01 17:19:43,user,CREATE,홍보기록,118,51 | 2026-06-06 10:00:00 | 46179,
217,2026-06-01 17:20:00,user,CREATE,홍보접수설정,10,제외 | 2026-06-03|09:00|18:00,
218,2026-06-01 17:46:37,user,UPDATE,홍보기록,118,51 | 46179.4166666667 | 46179,
219,2026-06-01 17:46:59,user,UPDATE,홍보기록,109,43 | 46177.4166666667 | 46177,
220,2026-06-01 17:47:09,user,UPDATE,홍보기록,108,43 | 46176.4166666667 | 46176,
221,2026-06-01 17:50:04,user,CREATE,홍보기록,119,52 | 2026-06-06 11:00:00 | 46179,
222,2026-06-01 17:55:05,user,UPDATE,홍보기록,119,52 | 46179.4583333333 | 46179,
223,2026-06-01 18:26:06,user,CREATE,홍보기록,120,53 | 2026-06-05 10:00:00 | 46178,
224,2026-06-01 18:28:27,user,UPDATE,홍보기록,117,50 | 46178.4166666667 | 46178,
225,2026-06-02 09:24:40,user,UPDATE,담당자,12,예술사업팀 | Cameron Lane 09790 | 팀원,
226,2026-06-02 09:29:02,user,CREATE,홍보기록,121,54 | 2026-06-02 15:00:00 | 46175,
227,2026-06-02 13:13:42,user,CREATE,홍보접수설정,11,제외 | 2026-05-01|00:00|23:59,
228,2026-06-02 13:13:45,user,CREATE,홍보접수설정,12,제외 | 2026-05-05|00:00|23:59,
229,2026-06-02 13:13:48,user,CREATE,홍보접수설정,13,제외 | 2026-05-24|00:00|23:59,
230,2026-06-02 13:13:52,user,CREATE,홍보접수설정,14,제외 | 2026-05-25|00:00|23:59,
231,2026-06-02 13:13:55,user,CREATE,홍보접수설정,15,제외 | 2026-06-06|00:00|23:59,
232,2026-06-02 13:31:04,user,DELETE,홍보접수설정,9,,
233,2026-06-02 13:42:21,user,DELETE,홍보접수설정,11,,
234,2026-06-02 13:42:24,user,DELETE,홍보접수설정,12,,
235,2026-06-02 13:42:32,user,DELETE,홍보접수설정,13,,
236,2026-06-02 13:42:42,user,DELETE,홍보접수설정,14,,
237,2026-06-02 13:44:17,user,CREATE,홍보접수설정,16,접수월 | 2026-07,
238,2026-06-02 13:44:21,user,CREATE,홍보접수설정,17,제외 | 2026-07-17|00:00|23:59,
239,2026-06-02 14:22:14,user,UPDATE,홍보기록,119,52 | 46179.4583333333 | 46179,
240,2026-06-02 14:58:37,user,UPDATE,홍보기록,116,49 | 46178.4166666667 | 46178,
241,2026-06-02 14:58:49,user,UPDATE,홍보기록,113,47 | 46178.4166666667 | 46178,
242,2026-06-02 14:59:09,user,UPDATE,홍보기록,120,53 | 46178.4166666667 | 46178,
243,2026-06-02 17:06:12,user,CREATE,홍보기록,122,55 | 2026-06-02 17:00:00 | 46175,
244,2026-06-02 17:06:30,user,UPDATE,홍보기록,121,54 | 46175.625 | 46175,
245,2026-06-02 17:06:38,user,UPDATE,홍보기록,122,55 | 46175.7083333333 | 46175,
246,2026-06-04 10:16:41,user,UPDATE,담당자,11,예술사업팀 | Jordan Hayes 05274 | 팀원,
247,2026-06-04 10:16:48,user,UPDATE,담당자,8,예술사업팀 | Cameron Foster 06326 | 팀원,
248,2026-06-04 10:16:53,user,UPDATE,담당자,10,예술사업팀 | Taylor Parker 05068 | 팀원,
249,2026-06-04 10:17:00,user,UPDATE,담당자,7,예술사업팀 | Avery Brooks 06336 | 팀원,
250,2026-06-04 10:17:06,user,UPDATE,담당자,6,예술사업팀 | Taylor Brooks 05380 | 팀원,
251,2026-06-04 10:17:11,user,UPDATE,담당자,5,예술사업팀 | Avery Bennett 14496 | 팀원,
252,2026-06-04 10:17:18,user,UPDATE,담당자,4,예술사업팀 | Rowan Foster 07735 | 팀장,
253,2026-06-04 10:17:38,user,UPDATE,담당자,4,예술사업팀 | Rowan Foster 07735 | 팀장,
254,2026-06-04 11:10:07,user,CREATE,프로그램,29,28 | 예술교육 | 2026 화요살롱 이낙준,
255,2026-06-04 11:11:43,user,CREATE,홍보기록,123,56 | 2026-06-04 16:00:00 | 46177,
256,2026-06-04 11:12:07,user,UPDATE,홍보기록,123,56 | 46177.6666666667 | 46177,
257,2026-06-04 15:28:24,user,CREATE,홍보기록,124,57 | 2026-06-05 10:00:00 | 46178,
258,2026-06-04 15:29:04,user,UPDATE,홍보기록,124,57 | 2026-06-05 03:00:00 | 46178,
259,2026-06-04 15:29:23,user,CREATE,홍보기록,125,58 | 2026-06-04 03:00 | 46177,
260,2026-06-04 15:29:30,user,DELETE,홍보기록,124,,
261,2026-06-04 15:29:47,user,CREATE,홍보기록,126,58 | 2026-06-05 03:00 | 46178,
262,2026-06-04 15:30:01,user,DELETE,홍보기록,125,,
263,2026-06-04 15:32:02,user,CREATE,홍보기록,127,58 | 2026-06-05 15:00:00 | 46178,
264,2026-06-04 15:32:46,user,CREATE,홍보기록,128,59 | 2026-06-05 03:00 | 2026-06-05,
265,2026-06-04 15:33:10,user,CREATE,홍보기록,129,60 | 2026-06-04 03:00 | 46177,
266,2026-06-04 15:33:20,user,DELETE,홍보기록,128,,
267,2026-06-04 15:33:36,user,CREATE,홍보기록,130,60 | 2026-06-07 03:00 | 46180,
268,2026-06-04 15:33:45,user,DELETE,홍보기록,129,,
269,2026-06-04 15:34:18,user,UPDATE,홍보기록,130,60 | 2026-06-04 03:00:00 | 46177,
270,2026-06-04 15:34:57,user,UPDATE,홍보기록,126,58 | 2026-06-25 03:00:00 | 46198,
271,2026-06-04 16:45:05,user,UPDATE,홍보기록,127,58 | 46178.625 | 46178,
272,2026-06-04 17:30:39,user,UPDATE,홍보기록,130,60 | 2026-06-04 14:00:00 | 46177,
273,2026-06-04 17:30:51,user,UPDATE,홍보기록,130,60 | 46177.5833333333 | 46177,
274,2026-06-04 17:31:13,user,UPDATE,홍보기록,123,56 | 46177.6666666667 | 46177,
275,2026-06-04 17:31:22,user,UPDATE,홍보기록,123,56 | 46177.6666666667 | 46177,
276,2026-06-05 09:25:47,user,CREATE,홍보기록,131,60 | 2026-06-05 15:00:00 | 46178,
277,2026-06-05 10:06:14,user,UPDATE,홍보기록,131,60 | 2026-06-05 11:00:00 | 46178,
278,2026-06-05 10:07:17,user,CREATE,PromoSpecial,10,2026-06-05 10:07:14 | SP-1780621634058-0 | 2026-06-05,
279,2026-06-05 10:27:01,user,UPDATE,담당자,4,예술사업팀 | Rowan Foster 07735 | 팀장,
280,2026-06-05 10:49:39,user,UPDATE,홍보기록,126,58 | 46198.125 | 46198,
281,2026-06-05 11:40:28,user,UPDATE,담당자,11,예술사업팀 | Jordan Hayes 05274 | 팀원,
282,2026-06-05 16:36:28,user,CREATE,홍보기록,132,61 | 2026-06-05 15:00:00 | 46178,
283,2026-06-05 16:37:47,user,UPDATE,홍보기록,131,60 | 46178.4583333333 | 46178,
284,2026-06-05 16:38:15,user,UPDATE,홍보기록,132,61 | 46178.625 | 46178,
285,2026-06-09 15:43:16,user,UPDATE,담당자,10,예술사업팀 | Taylor Parker 05068 | 팀원,
286,2026-06-09 15:48:46,user,CREATE,홍보기록,133,62 | 2026-06-13 10:00:00 | 46186,
287,2026-06-09 15:51:26,user,CREATE,홍보기록,134,63 | 2026-06-12 10:00:00 | 46185,
288,2026-06-10 09:01:51,user,UPDATE,홍보기록,134,63 | 46185.4166666667 | 46185,
289,2026-06-10 09:02:07,user,UPDATE,홍보기록,133,62 | 46186.4166666667 | 46186,
290,2026-06-10 10:00:59,user,CREATE,홍보기록,135,64 | 2026-06-10 13:00:00 | 46183,
291,2026-06-10 10:04:22,user,CREATE,홍보기록,136,65 | 2026-06-10 14:00:00 | 46183,
292,2026-06-10 10:24:40,user,UPDATE,홍보기록,136,65 | 46183.5833333333 | 46183,
293,2026-06-10 10:25:09,user,UPDATE,홍보기록,136,65 | 46183.5833333333 | 46183,
294,2026-06-10 10:25:20,user,UPDATE,홍보기록,135,64 | 46183.5416666667 | 46183,
295,2026-06-10 10:25:43,user,UPDATE,홍보기록,135,64 | 46183.5416666667 | 46183,
296,2026-06-10 10:26:28,user,CREATE,홍보기록,137,66 | 2026-06-10 10:00:00 | 46183,
297,2026-06-10 10:27:13,user,CREATE,PromoSpecial,11,2026-06-10 10:27:10 | SP-1781054830275-0 | 2026-06-11,
298,2026-06-10 10:32:04,user,UPDATE,프로그램,15,14 | 공연 | 브런치 콘서트 Ⅲ,
299,2026-06-10 14:09:37,user,UPDATE,담당자,6,예술사업팀 | Taylor Brooks 05380 | 팀원,
300,2026-06-10 14:10:10,user,UPDATE,담당자,7,예술사업팀 | Avery Brooks 06336 | 팀원,
301,2026-06-10 14:10:19,user,UPDATE,담당자,5,예술사업팀 | Avery Bennett 14496 | 팀원,
302,2026-06-10 14:12:48,user,CREATE,홍보기록,138,67 | 2026-06-10 10:00:00 | 46183,
303,2026-06-10 14:13:50,user,UPDATE,홍보기록,138,67 | 2026-06-11 10:00:00 | 46184,
304,2026-06-10 14:16:35,user,UPDATE,홍보기록,137,66 | 46183.4166666667 | 46183,
305,2026-06-10 17:57:55,user,UPDATE,홍보기록,135,64 | 2026-06-11 13:00 | 46184,
306,2026-06-10 17:58:04,user,UPDATE,홍보기록,136,65 | 2026-06-11 14:00 | 46184,
307,2026-06-11 08:47:50,admin,UPDATE,홍보기록,110,44 | 46170.5833333333 | 46170,
308,2026-06-11 08:47:58,admin,UPDATE,홍보기록,122,55 | 46175.7083333333 | 46175,
309,2026-06-11 08:48:04,admin,UPDATE,홍보기록,133,62 | 46186.4166666667 | 46186,
310,2026-06-11 08:48:11,admin,UPDATE,홍보기록,134,63 | 46185.4166666667 | 46185,
311,2026-06-11 08:48:17,admin,UPDATE,홍보기록,135,64 | 46184.5416666667 | 46184,
312,2026-06-11 08:48:23,admin,UPDATE,홍보기록,136,65 | 46184.5833333333 | 46184,
313,2026-06-11 09:15:28,admin,UPDATE,프로그램,1,NO | 콘텐츠구분 | 풀네임,
314,2026-06-11 09:15:36,admin,UPDATE,프로그램,2,1 | 공연 | 신년음악회,
315,2026-06-11 09:15:42,admin,UPDATE,프로그램,3,2 | 공연 | 미세스 다웃파이어,
316,2026-06-11 09:15:45,admin,UPDATE,프로그램,4,3 | 전시 | 어린이미술전 <우리 SUM 타볼래?>,
317,2026-06-11 09:15:52,admin,UPDATE,프로그램,5,4 | 전시 | 기획전시 '섬냥이 in 장도',
318,2026-06-11 09:15:58,admin,UPDATE,프로그램,6,5 | 공연 | 브런치 콘서트 Ⅰ,
319,2026-06-11 09:16:04,admin,UPDATE,프로그램,7,6 | 공연 | 실내악페스티벌,
320,2026-06-11 09:16:12,admin,UPDATE,프로그램,8,7 | 공연 | 김영욱 × 콜레기움 무지쿰 서울,
321,2026-06-11 09:16:20,admin,UPDATE,프로그램,9,8 | 공연 | 100층짜리 집,
322,2026-06-11 09:16:27,admin,UPDATE,프로그램,10,9 | 공연 | 한국페스티발앙상블,
323,2026-06-11 09:16:34,admin,UPDATE,프로그램,11,10 | 공연 | 국립심포니오케스트라,
324,2026-06-11 09:16:39,admin,UPDATE,프로그램,12,11 | 공연 | 브런치 콘서트 Ⅱ,
325,2026-06-11 09:16:44,admin,UPDATE,프로그램,13,12 | 공연 | 노인의 꿈,
326,2026-06-11 09:16:50,admin,UPDATE,프로그램,14,13 | 공연 | 헬로!오페라 세비야의 이발사,
327,2026-06-11 09:16:56,admin,UPDATE,프로그램,15,14 | 공연 | 브런치 콘서트 Ⅲ,
328,2026-06-11 09:17:04,admin,UPDATE,프로그램,16,15 | 공연 | 여수세계섬박람회 기념 음악회,
329,2026-06-11 09:17:10,admin,UPDATE,프로그램,17,16 | 공연 | 조재혁 리사이틀,
330,2026-06-11 09:17:15,admin,UPDATE,프로그램,18,17 | 공연 | 그날들,
331,2026-06-11 09:17:22,admin,UPDATE,프로그램,19,18 | 공연 | 달샤베트,
332,2026-06-11 09:17:30,admin,UPDATE,프로그램,20,19 | 공연 | 이상한 나라의 춘자씨,
333,2026-06-11 09:17:36,admin,UPDATE,프로그램,21,20 | 공연 | 국립현대무용단 트리플 빌,
334,2026-06-11 09:17:43,admin,UPDATE,프로그램,22,21 | 공연 | 다비드 바뱅 & 아드리앙 몽도,
335,2026-06-11 09:17:49,admin,UPDATE,프로그램,23,22 | 공연 | 그때도 오늘,
336,2026-06-11 09:17:56,admin,UPDATE,프로그램,24,23 | 공연 | 헬로!오페라 마술피리,
337,2026-06-11 09:18:02,admin,UPDATE,프로그램,25,24 | 공연 | 러커스더스쿨,
338,2026-06-11 09:18:09,admin,UPDATE,프로그램,26,25 | 공연 | 브런치 콘서트 Ⅳ,
339,2026-06-11 09:18:16,admin,UPDATE,프로그램,27,26 | 공연 | 쉬어매드니스,
340,2026-06-11 09:18:21,admin,UPDATE,프로그램,28,27 | 공연 | 호두까기인형,
341,2026-06-11 09:18:29,admin,UPDATE,프로그램,29,28 | 예술교육 | 2026 화요살롱 이낙준,
342,2026-06-11 09:18:36,admin,UPDATE,홍보기록,1,No | 입력시간(KST) | 날짜,
343,2026-06-11 09:18:43,admin,UPDATE,홍보기록,24,30 | 46165.5833333333 | 46165,
344,2026-06-11 09:18:49,admin,UPDATE,홍보기록,33,9 | 46162.5833333333 | 46162,
345,2026-06-11 09:18:57,admin,UPDATE,홍보기록,34,9 | 46161.5833333333 | 46161,
346,2026-06-11 09:19:03,admin,UPDATE,홍보기록,41,29 | 46164.6458333333 | 46164,
347,2026-06-11 09:19:09,admin,UPDATE,홍보기록,46,30 | 46165.4583333333 | 46165,
348,2026-06-11 09:19:15,admin,UPDATE,홍보기록,49,29 | 46164.7083333333 | 46164,
349,2026-06-11 09:19:21,admin,UPDATE,홍보기록,51,17 | 46172.6666666667 | 46172,
350,2026-06-11 09:19:26,admin,UPDATE,홍보기록,54,35 | 46168.5833333333 | 46168,
351,2026-06-11 09:19:34,admin,UPDATE,홍보기록,55,35 | 46168.75 | 46168,
352,2026-06-11 09:19:39,admin,UPDATE,홍보기록,57,19 | 46170.4583333333 | 46170,
353,2026-06-11 09:19:46,admin,UPDATE,홍보기록,58,19 | 46172.5833333333 | 46172,
354,2026-06-11 09:19:51,admin,UPDATE,홍보기록,60,21 | 46170.6458333333 | 46170,
355,2026-06-11 09:19:58,admin,UPDATE,홍보기록,61,21 | 46172.6875 | 46172,
356,2026-06-11 09:20:03,admin,UPDATE,홍보기록,65,24 | 46171.5972222222 | 46171,
357,2026-06-11 09:20:10,admin,UPDATE,홍보기록,66,36 | 46169.4583333333 | 46169,
358,2026-06-11 09:20:20,admin,UPDATE,홍보기록,67,25 | 46171.6458333333 | 46171,
359,2026-06-11 09:20:27,admin,UPDATE,홍보기록,68,26 | 46162.6666666667 | 46162,
360,2026-06-11 09:20:35,admin,UPDATE,홍보기록,72,26 | 46162.7708333333 | 46162,
361,2026-06-11 09:20:45,admin,UPDATE,홍보기록,81,28 | 46163.625 | 46163,
362,2026-06-11 09:20:52,admin,UPDATE,홍보기록,82,27 | 46163.625 | 46163,
363,2026-06-11 09:20:57,admin,UPDATE,홍보기록,83,27 | 46163.6666666667 | 46163,
364,2026-06-11 09:21:04,admin,UPDATE,홍보기록,84,26 | 46161.7083333333 | 46161,
365,2026-06-11 09:21:11,admin,UPDATE,홍보기록,85,26 | 46164.375 | 46164,
366,2026-06-11 09:21:18,admin,UPDATE,홍보기록,86,27 | 46164.3958333333 | 46164,
367,2026-06-11 09:21:23,admin,UPDATE,홍보기록,88,28 | 46164.4583333333 | 46164,
368,2026-06-11 09:21:35,admin,UPDATE,홍보기록,90,29 | 46164.5645833333 | 46164,
369,2026-06-11 09:21:41,admin,UPDATE,홍보기록,91,31 | 46165.625 | 46165,
370,2026-06-11 09:21:48,admin,UPDATE,홍보기록,92,31 | 46165.6666666667 | 46165,
371,2026-06-11 09:21:55,admin,UPDATE,홍보기록,93,31 | 46170.4166666667 | 46170,
372,2026-06-11 09:22:00,admin,UPDATE,홍보기록,94,31 | 46185.6458333333 | 46185,
373,2026-06-11 09:22:05,admin,UPDATE,홍보기록,96,33 | 46189.4166666667 | 46189,
374,2026-06-11 09:22:11,admin,UPDATE,홍보기록,98,34 | 46185.4166666667 | 46185,
375,2026-06-11 09:22:18,admin,UPDATE,홍보기록,99,36 | 46169.4375 | 46169,
376,2026-06-11 09:22:23,admin,UPDATE,홍보기록,100,36 | 46170.4166666667 | 46170,
377,2026-06-11 09:22:30,admin,UPDATE,홍보기록,101,37 | 46170.4166666667 | 46170,
378,2026-06-11 09:22:36,admin,UPDATE,홍보기록,103,39 | 46171.4166666667 | 46171,
379,2026-06-11 09:22:42,admin,UPDATE,홍보기록,104,40 | 46171.4583333333 | 46171,
380,2026-06-11 09:22:48,admin,UPDATE,홍보기록,105,41 | 46171.4166666667 | 46171,
381,2026-06-11 09:22:53,admin,UPDATE,홍보기록,106,42 | 46171.4166666667 | 46171,
382,2026-06-11 09:23:03,admin,UPDATE,홍보기록,107,42 | 46169.5833333333 | 46169,
383,2026-06-11 09:23:10,admin,UPDATE,홍보기록,108,43 | 46176.4166666667 | 46176,
384,2026-06-11 09:23:14,admin,UPDATE,홍보기록,109,43 | 46177.4166666667 | 46177,
385,2026-06-11 09:23:21,admin,UPDATE,홍보기록,110,44 | 46170.5833333333 | 46170,
386,2026-06-11 09:23:27,admin,UPDATE,홍보기록,111,45 | 46171.4166666667 | 46171,
387,2026-06-11 09:23:31,admin,UPDATE,홍보기록,112,46 | 46171.625 | 46171,
388,2026-06-11 09:23:37,admin,UPDATE,홍보기록,113,47 | 46178.4166666667 | 46178,
389,2026-06-11 09:23:42,admin,UPDATE,홍보기록,115,49 | 46172.5416666667 | 46172,
390,2026-06-11 09:23:46,admin,UPDATE,홍보기록,116,49 | 46178.4166666667 | 46178,
391,2026-06-11 09:23:55,admin,UPDATE,홍보기록,117,50 | 46178.4166666667 | 46178,
392,2026-06-11 09:24:01,admin,UPDATE,홍보기록,118,51 | 46179.4166666667 | 46179,
393,2026-06-11 09:24:07,admin,UPDATE,홍보기록,119,52 | 46179.4583333333 | 46179,
394,2026-06-11 09:24:17,admin,UPDATE,홍보기록,120,53 | 46178.4166666667 | 46178,
395,2026-06-11 09:24:26,admin,UPDATE,홍보기록,121,54 | 46175.625 | 46175,
396,2026-06-11 09:24:31,admin,UPDATE,홍보기록,122,55 | 46175.7083333333 | 46175,
397,2026-06-11 09:24:37,admin,UPDATE,홍보기록,123,56 | 46177.6666666667 | 46177,
398,2026-06-11 09:24:43,admin,UPDATE,홍보기록,126,58 | 46198.125 | 46198,
399,2026-06-11 09:24:47,admin,UPDATE,홍보기록,127,58 | 46178.625 | 46178,
400,2026-06-11 09:24:55,admin,UPDATE,홍보기록,130,60 | 46177.5833333333 | 46177,
401,2026-06-11 09:25:00,admin,UPDATE,홍보기록,131,60 | 46178.4583333333 | 46178,
402,2026-06-11 09:25:05,admin,UPDATE,홍보기록,132,61 | 46178.625 | 46178,
403,2026-06-11 09:25:10,admin,UPDATE,홍보기록,133,62 | 46186.4166666667 | 46186,
404,2026-06-11 09:25:16,admin,UPDATE,홍보기록,134,63 | 46185.4166666667 | 46185,
405,2026-06-11 09:25:24,admin,UPDATE,홍보기록,135,64 | 46184.5416666667 | 46184,
406,2026-06-11 09:25:30,admin,UPDATE,홍보기록,136,65 | 46184.5833333333 | 46184,
407,2026-06-11 09:25:37,admin,UPDATE,홍보기록,137,66 | 46183.4166666667 | 46183,
408,2026-06-11 09:25:42,admin,UPDATE,홍보기록,138,67 | 46184.4166666667 | 46184,
409,2026-06-11 09:31:34,admin,UPDATE,프로그램,6,5 | 공연 | 브런치 콘서트 Ⅰ,
410,2026-06-11 09:31:42,admin,UPDATE,프로그램,12,11 | 공연 | 브런치 콘서트 Ⅱ,
411,2026-06-11 09:31:50,admin,UPDATE,프로그램,24,23 | 공연 | 헬로!오페라 마술피리,
412,2026-06-11 09:31:59,admin,UPDATE,프로그램,28,27 | 공연 | 호두까기인형,
413,2026-06-11 09:32:07,admin,UPDATE,홍보기록,61,21 | 46172.6875 | 46172,
414,2026-06-11 09:32:13,admin,UPDATE,홍보기록,65,24 | 46171.5972222222 | 46171,
415,2026-06-11 09:32:20,admin,UPDATE,홍보기록,108,43 | 46176.4166666667 | 46176,
416,2026-06-11 09:32:28,admin,UPDATE,홍보기록,121,54 | 46175.625 | 46175,
417,2026-06-11 10:05:59,admin,UPDATE,프로그램,2,1 | 공연 | 2026 신년음악회,
418,2026-06-11 10:06:09,admin,UPDATE,프로그램,3,2 | 공연 | 뮤지컬 <미세스 다웃파이어>,
419,2026-06-11 10:06:14,admin,UPDATE,프로그램,6,5 | 공연 | 2026 브런치 콘서트 Ⅰ <클래식과 함께 하는 미술관 여행 Ⅰ>,
420,2026-06-11 10:06:18,admin,UPDATE,프로그램,7,"6 | 공연 | 2026 실내악페스티벌 <실내악, 그 이상의 세계>",
421,2026-06-11 10:06:24,admin,UPDATE,프로그램,8,7 | 공연 | 김영욱×콜레기움 무지쿰 서울 <8 Seasons>,
422,2026-06-11 10:06:31,admin,UPDATE,프로그램,9,8 | 공연 | 어린이 뮤지컬 <100층짜리 집>,
423,2026-06-11 10:06:37,admin,UPDATE,프로그램,10,9 | 공연 | 한국페스티발앙상블 <세상에서 가장 편한 음악>,
424,2026-06-11 10:06:44,admin,UPDATE,프로그램,11,10 | 공연 | 국립심포니오케스트라 <피터와 늑대 & 어미 거위>,
425,2026-06-11 10:06:58,admin,UPDATE,프로그램,13,12 | 공연 | 연극 <노인의 꿈>,
426,2026-06-11 10:07:03,admin,UPDATE,프로그램,14,13 | 공연 | 2026 헬로!오페라 <세비야의 이발사>,
427,2026-06-11 10:07:10,admin,UPDATE,홍보기록,24,30 | 46165.5833333333 | 46165,
428,2026-06-11 10:07:18,admin,UPDATE,홍보기록,33,9 | 46162.5833333333 | 46162,
429,2026-06-11 10:07:21,admin,UPDATE,홍보기록,34,9 | 46161.5833333333 | 46161,
430,2026-06-11 10:07:28,admin,UPDATE,홍보기록,46,30 | 46165.4583333333 | 46165,
431,2026-06-11 10:07:35,admin,UPDATE,홍보기록,54,35 | 46168.5833333333 | 46168,
432,2026-06-11 10:07:41,admin,UPDATE,홍보기록,55,35 | 46168.75 | 46168,
433,2026-06-11 10:07:48,admin,UPDATE,홍보기록,57,19 | 46170.4583333333 | 46170,
434,2026-06-11 10:07:53,admin,UPDATE,홍보기록,58,19 | 46172.5833333333 | 46172,
435,2026-06-11 10:07:59,admin,UPDATE,홍보기록,60,21 | 46170.6458333333 | 46170,
436,2026-06-11 10:08:07,admin,UPDATE,홍보기록,61,21 | 46172.6875 | 46172,
437,2026-06-11 10:08:16,admin,UPDATE,홍보기록,65,24 | 46171.5972222222 | 46171,
438,2026-06-11 10:08:39,admin,UPDATE,홍보기록,67,25 | 46171.6458333333 | 46171,
439,2026-06-11 10:08:45,admin,UPDATE,홍보기록,68,26 | 46162.6666666667 | 46162,
440,2026-06-11 10:08:52,admin,UPDATE,홍보기록,72,26 | 46162.7708333333 | 46162,
441,2026-06-11 10:08:59,admin,UPDATE,홍보기록,79,30 | 46163.4583333333 | 46163,
442,2026-06-11 10:09:05,admin,UPDATE,홍보기록,81,28 | 46163.625 | 46163,
443,2026-06-11 10:09:12,admin,UPDATE,홍보기록,82,27 | 46163.625 | 46163,
444,2026-06-11 10:09:19,admin,UPDATE,홍보기록,83,27 | 46163.6666666667 | 46163,
445,2026-06-11 10:09:25,admin,UPDATE,홍보기록,84,26 | 46161.7083333333 | 46161,
446,2026-06-11 10:09:32,admin,UPDATE,홍보기록,85,26 | 46164.375 | 46164,
447,2026-06-11 10:09:38,admin,UPDATE,홍보기록,86,27 | 46164.3958333333 | 46164,
448,2026-06-11 10:09:45,admin,UPDATE,홍보기록,91,31 | 46165.625 | 46165,
449,2026-06-11 10:09:52,admin,UPDATE,홍보기록,92,31 | 46165.6666666667 | 46165,
450,2026-06-11 10:09:57,admin,UPDATE,홍보기록,93,31 | 46170.4166666667 | 46170,
451,2026-06-11 10:10:03,admin,UPDATE,홍보기록,94,31 | 46185.6458333333 | 46185,
452,2026-06-11 10:10:08,admin,UPDATE,홍보기록,98,34 | 46185.4166666667 | 46185,
453,2026-06-11 10:10:15,admin,UPDATE,홍보기록,100,36 | 46170.4166666667 | 46170,
454,2026-06-11 10:10:24,admin,UPDATE,홍보기록,101,37 | 46170.4166666667 | 46170,
455,2026-06-11 10:10:35,admin,UPDATE,홍보기록,103,39 | 46171.4166666667 | 46171,
456,2026-06-11 10:10:43,admin,UPDATE,홍보기록,104,40 | 46171.4583333333 | 46171,
457,2026-06-11 10:10:50,admin,UPDATE,홍보기록,105,41 | 46171.4166666667 | 46171,
458,2026-06-11 10:10:58,admin,UPDATE,홍보기록,106,42 | 46171.4166666667 | 46171,
459,2026-06-11 10:11:03,admin,UPDATE,홍보기록,107,42 | 46169.5833333333 | 46169,
460,2026-06-11 10:11:14,admin,UPDATE,홍보기록,109,43 | 46177.4166666667 | 46177,
461,2026-06-11 10:11:22,admin,UPDATE,홍보기록,112,46 | 46171.625 | 46171,
462,2026-06-11 10:11:29,admin,UPDATE,홍보기록,113,47 | 46178.4166666667 | 46178,
463,2026-06-11 10:11:35,admin,UPDATE,홍보기록,115,49 | 46172.5416666667 | 46172,
464,2026-06-11 10:11:46,user,CREATE,홍보기록,139,68 | 2026-06-11 13:00:00 | 46184,
465,2026-06-11 10:11:50,admin,UPDATE,홍보기록,117,50 | 46178.4166666667 | 46178,
466,2026-06-11 10:11:55,admin,UPDATE,홍보기록,118,51 | 46179.4166666667 | 46179,
467,2026-06-11 10:12:03,admin,UPDATE,홍보기록,119,52 | 46179.4583333333 | 46179,
468,2026-06-11 10:12:09,admin,UPDATE,홍보기록,120,53 | 46178.4166666667 | 46178,
469,2026-06-11 10:12:17,admin,UPDATE,홍보기록,121,54 | 46175.625 | 46175,
470,2026-06-11 10:12:24,admin,UPDATE,홍보기록,126,58 | 46198.125 | 46198,
471,2026-06-11 10:12:28,admin,UPDATE,홍보기록,127,58 | 46178.625 | 46178,
472,2026-06-11 10:12:35,admin,UPDATE,홍보기록,130,60 | 46177.5833333333 | 46177,
473,2026-06-11 10:12:42,admin,UPDATE,홍보기록,131,60 | 46178.4583333333 | 46178,
474,2026-06-11 10:12:49,admin,UPDATE,홍보기록,132,61 | 46178.625 | 46178,
475,2026-06-11 10:12:56,admin,UPDATE,홍보기록,137,66 | 46183.4166666667 | 46183,
476,2026-06-11 10:13:02,admin,UPDATE,홍보기록,138,67 | 46184.4166666667 | 46184,
477,2026-06-11 10:13:47,admin,UPDATE,프로그램,15,14 | 공연 | 브런치 콘서트 Ⅲ <현 위로 흐르는 계절>,
478,2026-06-11 10:13:53,admin,UPDATE,프로그램,17,16 | 공연 | 조재혁 피아노 리사이틀,
479,2026-06-11 10:13:59,admin,UPDATE,프로그램,18,17 | 공연 | 뮤지컬 <그날들>,
480,2026-06-11 10:14:05,admin,UPDATE,프로그램,19,18 | 공연 | 뮤지컬 <달 샤베트>,
481,2026-06-11 10:14:10,admin,UPDATE,프로그램,20,19 | 공연 | 뮤지컬 <이상한 나라의 춘자씨>,
482,2026-06-11 10:14:18,admin,UPDATE,프로그램,21,20 | 공연 | 국립현대무용단 <트리플 빌>,
483,2026-06-11 10:14:27,admin,UPDATE,프로그램,22,21 | 공연 | 다비드 바뱅 & 아드리앙 몽도 <피아노 & 피아노>,
484,2026-06-11 10:14:33,admin,UPDATE,프로그램,23,22 | 공연 | 연극 <그때도 오늘>,
485,2026-06-11 10:14:39,admin,UPDATE,프로그램,24,23 | 공연 | 2026 헬로!오페라 <마술피리>,
486,2026-06-11 10:14:45,admin,UPDATE,프로그램,25,24 | 공연 | 뮤지컬 <러커스 더 스쿨>,
487,2026-06-11 10:14:51,admin,UPDATE,프로그램,26,25 | 공연 | 브런치 콘서트 Ⅳ <찬란한 시작의 울림>,
488,2026-06-11 10:15:00,admin,UPDATE,프로그램,27,26 | 공연 | 연극 <쉬어 매드니스>,
489,2026-06-11 10:15:07,admin,UPDATE,프로그램,28,27 | 공연 | 발레 <호두까기 인형>,
490,2026-06-11 10:16:11,admin,UPDATE,홍보기록,66,36 | 46169.4583333333 | 46169,
491,2026-06-11 10:16:46,user,UPDATE,홍보기록,139,68 | 46184.5416666667 | 46184,
492,2026-06-11 10:21:30,user,UPDATE,홍보기록,138,67 | 46184.4166666667 | 46184,
493,2026-06-11 11:04:05,user,CREATE,홍보기록,140,69 | 2026-06-11 16:00:00 | 46184,
494,2026-06-11 11:04:45,user,CREATE,홍보기록,141,70 | 2026-06-11 17:00:00 | 46184,
495,2026-06-11 14:22:31,admin,UPDATE,홍보기록,99,36 | 46169.4375 | 46169,
496,2026-06-11 14:22:39,admin,UPDATE,프로그램,29,28 | 예술교육 | 2026 화요살롱 - 이낙준(6월),
497,2026-06-11 14:36:47,user,CREATE,홍보기록,142,71 | 2026-06-12 12:30:00 | 46185,
498,2026-06-11 15:06:03,user,CREATE,PromoSpecial,12,2026-06-11 15:05:59 | SP-1781157959400-0 | 2026-06-12,
499,2026-06-11 15:28:08,user,UPDATE,홍보기록,136,65 | 2026-06-11 16:00:00 | 46184,
500,2026-06-11 15:42:13,user,UPDATE,홍보기록,142,71 | 46185.5208333333 | 46185,
501,2026-06-11 15:54:43,user,UPDATE,홍보기록,135,64 | 2026-06-11 17:00:00 | 46184,
502,2026-06-11 16:02:53,user,UPDATE,홍보기록,136,65 | 46184.6666666667 | 46184,
503,2026-06-11 16:31:00,user,UPDATE,PromoSpecial,11,2026-06-10 10:27:10 | SP-1781054830275-0 | 2026-06-11,
504,2026-06-11 16:31:28,user,CREATE,PromoSpecial,13,2026-06-11 16:31:23 | SP-1781163083772-0 | 2026-06-11,
505,2026-06-11 16:31:37,user,UPDATE,홍보기록,135,64 | 46184.7083333333 | 46184,
506,2026-06-11 16:32:09,user,UPDATE,홍보기록,140,69 | 46184.6666666667 | 46184,
507,2026-06-11 16:32:18,user,CREATE,PromoSpecial,14,2026-06-11 16:32:13 | SP-1781163133092-0 | 2026-06-25,
508,2026-06-11 16:32:27,user,UPDATE,홍보기록,141,70 | 46184.7083333333 | 46184,
509,2026-06-11 16:34:22,user,UPDATE,홍보기록,135,64 | 46184.7083333333 | 46184,
510,2026-06-11 16:34:49,user,CREATE,홍보기록,143,72 | 2026-06-12 11:00:00 | 46185,
511,2026-06-11 16:35:10,user,UPDATE,홍보기록,143,72 | 2026-06-12 11:00:00 | 46185,
512,2026-06-11 16:37:54,user,UPDATE,담당자,3,관장O/H | Rowan Foster 05495 | 팀원,
513,2026-06-11 16:38:05,user,UPDATE,담당자,28,시설관리팀 | Rowan Brooks 08647 | 팀원,
514,2026-06-11 16:38:16,admin,UPDATE,담당자,20,극장운영팀 | Jordan Ellis 07914 | 팀원,
515,2026-06-11 16:38:28,user,UPDATE,담당자,37,운영지원팀 | Avery Parker 06344 | 팀원,
516,2026-06-11 16:38:39,user,UPDATE,담당자,35,운영지원팀 | Taylor Reed 04564 | 팀원,
517,2026-06-11 16:43:35,user,UPDATE,홍보기록,112,46 | 46171.625 | 46171,
518,2026-06-11 23:24:00,user,UPDATE,PromoSpecial,14,2026-06-11 16:32:13 | SP-1781163133092-0 | 2026-06-25,
519,2026-06-11 23:24:06,user,UPDATE,PromoSpecial,14,2026-06-11 16:32:13 | SP-1781163133092-0 | 2026-06-25,
520,2026-06-11 23:25:28,user,UPDATE,담당자,13,예술사업팀 | 테스트 | 팀원,
521,2026-06-11 23:27:04,user,CREATE,PromoSpecial,15,2026-06-11 23:26:28 | SPW-1781187988440-0-0 | 2026-06-18,
522,2026-06-11 23:27:17,user,CREATE,PromoSpecial,16,2026-06-11 23:26:28 | SPW-1781187988440-1-0 | 2026-06-25,
523,2026-06-11 23:28:38,user,CREATE,PromoSpecial,17,2026-06-11 23:28:26 | SPW-1781188106354-0-0 | 2026-06-18,
524,2026-06-11 23:28:44,user,CREATE,PromoSpecial,18,2026-06-11 23:28:26 | SPW-1781188106354-1-0 | 2026-06-25,
525,2026-06-11 23:29:12,user,DELETE,PromoSpecial,18,,
526,2026-06-11 23:29:21,user,DELETE,PromoSpecial,17,,
527,2026-06-12 09:07:17,user,UPDATE,홍보기록,134,63 | 46185.4166666667 | 46185,
528,2026-06-12 11:32:23,user,UPDATE,홍보기록,134,63 | 46185.4166666667 | 46185,
529,2026-06-13 09:03:33,user,UPDATE,홍보기록,143,72 | 46185.4583333333 | 46185,
530,2026-06-13 09:35:17,user,CREATE,홍보기록,144,73 | 2026-06-13 12:00:00 | 46186,
531,2026-06-13 11:21:00,user,UPDATE,담당자,35,운영지원팀 | Taylor Reed 04564 | 팀원,
532,2026-06-13 14:24:26,user,DELETE,홍보접수설정,8,,
533,2026-06-13 14:25:05,user,CREATE,홍보기록,145,74 | 2026-06-18 11:00:00 | 46191,
534,2026-06-13 14:25:26,user,UPDATE,홍보기록,133,62 | 46186.4166666667 | 46186,
535,2026-06-13 14:26:06,user,CREATE,홍보기록,146,75 | 2026-06-13 11:00:00 | 46186,
536,2026-06-13 14:26:17,user,UPDATE,홍보기록,146,75 | 46186.4583333333 | 46186,
537,2026-06-13 14:26:41,user,UPDATE,홍보기록,144,73 | 46186.5 | 46186,
538,2026-06-13 14:28:18,user,DELETE,홍보접수설정,6,,
539,2026-06-13 15:50:34,user,CREATE,홍보기록,147,76 | 2026-06-13 16:00:00 | 46186,
540,2026-06-13 15:50:49,user,UPDATE,홍보기록,147,76 | 46186.6666666667 | 46186,
541,2026-06-13 19:57:59,user,UPDATE,홍보기록,145,74 | 46191.4583333333 | 46191,
542,2026-06-16 09:11:53,user,CREATE,홍보기록,148,77 | 2026-06-16 14:00:00 | 46189,
543,2026-06-16 09:12:14,user,CREATE,PromoSpecial,17,2026-06-16 09:12:11 | SP-1781568731205-0-0 | 2026-06-16,
544,2026-06-16 09:12:18,user,CREATE,PromoSpecial,18,2026-06-16 09:12:11 | SP-1781568731205-0-1 | 2026-06-16,
545,2026-06-16 10:07:28,user,CREATE,PromoSpecial,19,2026-06-16 10:07:26 | SP-1781572046271-0-0 | 2026-06-17,
546,2026-06-16 10:07:32,user,CREATE,PromoSpecial,20,2026-06-16 10:07:26 | SP-1781572046271-0-1 | 2026-06-17,
547,2026-06-16 10:10:10,user,CREATE,PromoSpecial,21,2026-06-16 10:10:08 | SP-1781572208664-0-0 | 2026-06-19,
548,2026-06-16 10:10:14,user,CREATE,PromoSpecial,22,2026-06-16 10:10:08 | SP-1781572208664-0-1 | 2026-06-19,
549,2026-06-16 10:12:52,user,CREATE,홍보기록,149,78 | 2026-06-16 14:14:00 | 46189,
550,2026-06-16 17:55:14,user,CREATE,홍보기록,150,77 | 2026-06-16 17:30:00 | 46189,
551,2026-06-16 17:55:36,user,UPDATE,홍보기록,149,78 | 46189.5930555556 | 46189,
552,2026-06-16 17:55:47,user,DELETE,홍보기록,150,,
553,2026-06-16 17:56:31,user,CREATE,홍보기록,150,79 | 2026-06-16 17:00:00 | 46189,
554,2026-06-16 17:56:40,user,UPDATE,홍보기록,150,79 | 46189.7083333333 | 46189,
555,2026-06-16 17:56:48,user,UPDATE,홍보기록,148,77 | 46189.5833333333 | 46189,
556,2026-06-17 10:49:58,user,UPDATE,PromoSpecial,20,2026-06-16 10:07:26 | SP-1781572046271-0-1 | 2026-06-17,
557,2026-06-17 18:22:07,user,CREATE,PromoSpecial,23,2026-06-17 18:22:02 | SP-1781688122634-0-0 | 2026-06-17,
558,2026-06-18 11:34:11,user,UPDATE,홍보기록,145,74 | 46191.4583333333 | 46191,
559,2026-06-18 11:35:07,user,CREATE,홍보기록,151,80 | 2026-06-18 14:00:00 | 46191,
560,2026-06-18 11:35:39,user,CREATE,홍보기록,152,81 | 2026-06-18 14:00:00 | 46191,
561,2026-06-18 14:11:29,user,CREATE,홍보기록,153,82 | 2026-06-19 10:00:00 | 46192,
562,2026-06-18 14:32:43,user,UPDATE,홍보기록,153,82 | 46192.4166666667 | 46192,
563,2026-06-18 14:57:04,user,UPDATE,홍보기록,152,81 | 46191.5833333333 | 46191,
564,2026-06-18 15:04:23,user,UPDATE,홍보기록,151,80 | 46191.5833333333 | 46191,
565,2026-06-18 18:00:59,user,CREATE,홍보기록,154,83 | 2026-06-18 17:00:00 | 46191,
566,2026-06-18 18:01:16,user,UPDATE,홍보기록,154,83 | 46191.7083333333 | 46191,
567,2026-06-18 19:21:48,user,DELETE,PromoSpecial,9,,
568,2026-06-18 19:22:09,user,UPDATE,PromoSpecial,21,2026-06-16 10:10:08 | SP-1781572208664-0-0 | 2026-06-19,
569,2026-06-18 19:36:07,user,UPDATE,PromoSpecial,22,2026-06-16 10:10:08 | SP-1781572208664-0-1 | 2026-06-19,
570,2026-06-19 09:19:37,user,UPDATE,홍보기록,153,82 | 46192.4166666667 | 46192,
571,2026-06-20 11:26:41,user,CREATE,홍보기록,155,84 | 2026-06-20 11:00:00 | 46193,
572,2026-06-20 11:26:52,user,UPDATE,홍보기록,155,84 | 46193.4583333333 | 46193,
573,2026-06-20 11:27:42,user,CREATE,홍보기록,156,85 | 2026-06-20 12:00:00 | 46193,
574,2026-06-20 11:29:19,user,CREATE,홍보기록,157,86 | 2026-06-20 16:00:00 | 46193,
575,2026-06-24 17:44:55,user,CREATE,홍보기록,158,87 | 2026-06-24 17:30:00 | 46197,
576,2026-06-24 17:45:09,user,UPDATE,홍보기록,158,87 | 46197.7291666667 | 46197,
577,2026-06-30 10:06:16,user,UPDATE,홍보접수설정,2,접수월 | 2026-07,
578,2026-06-30 10:06:20,user,DELETE,홍보접수설정,15,,
579,2026-06-30 10:06:24,user,CREATE,홍보접수설정,11,제외 | 2026-07-17|00:00|23:59,
580,2026-06-30 10:06:36,user,DELETE,홍보접수설정,10,,
581,2026-06-30 14:06:57,user,UPDATE,담당자,8,예술사업팀 | Cameron Foster 06326 | 팀원,
582,2026-06-30 15:15:46,user,CREATE,프로그램,30,29 | 전시 | 배병우 <여수진경 麗水眞景 : 하늘과 땅 사이>,
583,2026-06-30 15:16:09,user,UPDATE,프로그램,30,29 | 전시 | 배병우 <여수진경 麗水眞景 : 하늘과 땅 사이>,
584,2026-06-30 15:17:29,user,CREATE,프로그램,31,30 | 전시 | GS칼텍스 예울마루 기획전시 <숨: 쉬는 섬>,
585,2026-06-30 15:24:29,user,UPDATE,프로그램,31,30 | 전시 | GS칼텍스 예울마루 기획전시 <숨: 쉬는 섬>,
586,2026-06-30 16:16:39,user,CREATE,홍보기록,159,88 | 2026-07-21 10:00:00 | 46224,
587,2026-06-30 16:27:21,user,UPDATE,홍보기록,159,88 | 46224.4166666667 | 46224,
588,2026-06-30 17:08:32,user,CREATE,PromoSpecial,24,2026-06-30 17:08:33 | SPW-1782806913977-0-0 | 2026-07-01,
589,2026-06-30 17:08:39,user,CREATE,PromoSpecial,25,2026-06-30 17:08:33 | SPW-1782806913977-1-0 | 2026-07-08,
590,2026-06-30 17:08:43,user,CREATE,PromoSpecial,26,2026-06-30 17:08:33 | SPW-1782806913977-2-0 | 2026-07-15,
591,2026-06-30 17:08:48,user,CREATE,PromoSpecial,27,2026-06-30 17:08:33 | SPW-1782806913977-3-0 | 2026-07-22,
592,2026-06-30 17:08:55,user,CREATE,PromoSpecial,28,2026-06-30 17:08:33 | SPW-1782806913977-4-0 | 2026-07-29,
593,2026-06-30 17:48:10,user,CREATE,PromoSpecial,29,2026-06-30 17:48:11 | SP-1782809291929-0-0 | 2026-07-04,
594,2026-06-30 17:48:14,user,CREATE,PromoSpecial,30,2026-06-30 17:48:11 | SP-1782809291929-0-1 | 2026-07-04,
595,2026-06-30 17:48:33,user,UPDATE,PromoSpecial,29,2026-06-30 17:48:11 | SP-1782809291929-0-0 | 2026-07-04,
596,2026-06-30 17:53:09,user,UPDATE,홍보기록,159,88 | 46224.4166666667 | 46224,
597,2026-07-01 10:39:21,user,CREATE,홍보기록,160,89 | 2026-07-01 10:00:00 | 46204,
598,2026-07-01 10:39:42,user,DELETE,홍보기록,160,,
599,2026-07-01 16:52:28,user,CREATE,홍보기록,160,89 | 2026-07-03 15:00:00 | 46206,
600,2026-07-01 16:55:43,user,CREATE,홍보기록,161,90 | 2026-07-29 15:00:00 | 46232,
601,2026-07-01 16:58:14,user,CREATE,홍보기록,162,90 | 2026-07-02 14:00:00 | 46205,
602,2026-07-01 17:01:56,user,CREATE,홍보기록,163,91 | 2026-07-08 15:00:00 | 46211,
603,2026-07-01 17:03:16,user,CREATE,홍보기록,164,92 | 2026-07-08 15:00:00 | 46211,
604,2026-07-01 17:04:37,user,UPDATE,홍보기록,163,92 | 2026-07-08 15:00:00 | 46211,
605,2026-07-01 17:04:44,user,CREATE,홍보기록,165,93 | 2026-07-08 15:00:00 | 46211,
606,2026-07-01 17:05:08,user,DELETE,홍보기록,163,,
607,2026-07-01 17:05:44,user,CREATE,홍보기록,166,95 | 2026-07-10 15:00:00 | 46213,
608,2026-07-01 17:07:05,user,CREATE,홍보기록,167,95 | 2026-07-10 15:00:00 | 46213,
609,2026-07-01 17:08:09,user,CREATE,홍보기록,168,96 | 2026-07-10 16:00:00 | 46213,
610,2026-07-01 17:09:34,user,CREATE,홍보기록,169,97 | 2026-07-10 16:00:00 | 46213,
611,2026-07-01 17:11:48,user,CREATE,홍보기록,170,98 | 2026-07-22 15:00:00 | 46225,
612,2026-07-01 17:12:24,user,DELETE,홍보기록,170,,
613,2026-07-01 17:14:32,user,UPDATE,홍보기록,166,95 | 46213.625 | 46213,
614,2026-07-01 17:14:50,user,UPDATE,홍보기록,167,95 | 2026-07-10 15:50:00 | 46213,
615,2026-07-01 17:15:13,user,UPDATE,홍보기록,167,95 | 46213.6597222222 | 46213,
616,2026-07-01 17:15:28,user,UPDATE,홍보기록,166,95 | 46213.625 | 46213,
617,2026-07-01 17:15:58,user,UPDATE,홍보기록,164,92 | 46211.625 | 46211,
618,2026-07-01 17:16:20,user,UPDATE,홍보기록,165,93 | 2026-07-08 15:50:00 | 46211,
619,2026-07-01 17:16:33,user,UPDATE,홍보기록,160,89 | 46206.625 | 46206,
620,2026-07-01 17:16:49,user,UPDATE,홍보기록,160,89 | 46206.625 | 46206,
621,2026-07-01 17:17:08,user,CREATE,홍보기록,171,99 | 2026-07-22 15:00:00 | 46225,
622,2026-07-01 17:17:23,user,CREATE,홍보기록,172,99 | 2026-07-03 15:00:00 | 46206,
623,2026-07-01 17:17:39,user,UPDATE,홍보기록,162,90 | 46205.5833333333 | 46205,
624,2026-07-01 17:17:49,user,CREATE,홍보기록,173,97 | 2026-07-03 15:00:00 | 46206,
625,2026-07-01 17:17:56,user,UPDATE,홍보기록,160,89 | 2026-07-03 15:50:00 | 46206,
626,2026-07-01 17:18:08,user,CREATE,홍보기록,174,100 | 2026-07-22 16:00:00 | 46225,
627,2026-07-01 17:18:46,user,CREATE,홍보기록,175,102 | 2026-07-08 15:00:00 | 46211,
628,2026-07-01 17:19:48,user,UPDATE,홍보기록,174,100 | 46225.6666666667 | 46225,
629,2026-07-01 17:21:22,user,CREATE,홍보기록,176,104 | 2026-07-02 17:00:00 | 46205,
630,2026-07-01 17:22:58,user,DELETE,홍보기록,176,,
631,2026-07-01 17:24:27,user,CREATE,홍보기록,176,104 | 2026-07-11 17:00:00 | 46214,
632,2026-07-01 17:26:28,user,CREATE,홍보기록,177,105 | 2026-07-18 17:00:00 | 46221,
633,2026-07-01 17:30:08,user,UPDATE,홍보기록,170,98 | 46225.625 | 46225,
634,2026-07-01 17:30:29,user,UPDATE,홍보기록,170,98 | 46225.625 | 46225,
635,2026-07-01 17:31:00,user,UPDATE,홍보기록,171,99 | 2026-07-22 14:00:00 | 46225,
636,2026-07-01 17:31:13,user,UPDATE,홍보기록,171,99 | 46225.5833333333 | 46225,
637,2026-07-01 17:57:08,user,CREATE,홍보기록,178,106 | 2026-07-22 15:50:00 | 46225,
638,2026-07-01 17:57:31,user,UPDATE,홍보기록,174,100 | 46225.6666666667 | 46225,
639,2026-07-01 23:41:33,admin,UPDATE,프로그램,4,3 | 전시 | 어린이미술전 <우리 SUM 타볼래?>,
640,2026-07-01 23:41:40,admin,UPDATE,프로그램,5,4 | 전시 | 기획전시 '섬냥이 in 장도',
641,2026-07-01 23:41:49,admin,UPDATE,프로그램,15,14 | 공연 | 브런치 콘서트 Ⅲ <현 위로 흐르는 계절>,
642,2026-07-01 23:41:54,admin,UPDATE,프로그램,16,15 | 공연 | 여수세계섬박람회 기념 음악회,
643,2026-07-01 23:41:59,admin,UPDATE,프로그램,17,16 | 공연 | 조재혁 피아노 리사이틀,
644,2026-07-01 23:42:04,admin,UPDATE,프로그램,18,17 | 공연 | 뮤지컬 <그날들>,
645,2026-07-01 23:42:08,admin,UPDATE,프로그램,19,18 | 공연 | 뮤지컬 <달 샤베트>,
646,2026-07-01 23:42:15,admin,UPDATE,프로그램,20,19 | 공연 | 뮤지컬 <이상한 나라의 춘자씨>,
647,2026-07-01 23:42:23,admin,UPDATE,프로그램,21,20 | 공연 | 국립현대무용단 <트리플 빌>,
648,2026-07-01 23:42:28,admin,UPDATE,프로그램,22,21 | 공연 | 다비드 바뱅 & 아드리앙 몽도 <피아노 & 피아노>,
649,2026-07-01 23:42:34,admin,UPDATE,프로그램,23,22 | 공연 | 연극 <그때도 오늘>,
650,2026-07-01 23:42:40,admin,UPDATE,프로그램,24,23 | 공연 | 2026 헬로!오페라 <마술피리>,
651,2026-07-01 23:42:44,admin,UPDATE,프로그램,25,24 | 공연 | 뮤지컬 <러커스 더 스쿨>,
652,2026-07-01 23:42:47,admin,UPDATE,프로그램,26,25 | 공연 | 브런치 콘서트 Ⅳ <찬란한 시작의 울림>,
653,2026-07-01 23:42:53,admin,UPDATE,프로그램,27,26 | 공연 | 연극 <쉬어 매드니스>,
654,2026-07-01 23:42:58,admin,UPDATE,프로그램,28,27 | 공연 | 발레 <호두까기 인형>,
655,2026-07-01 23:43:06,admin,UPDATE,프로그램,29,28 | 예술교육 | 2026 화요살롱 - 이낙준(6월),
656,2026-07-01 23:43:12,admin,UPDATE,프로그램,30,29 | 전시 | 배병우 <여수진경 麗水眞景 : 하늘과 땅 사이>,
657,2026-07-01 23:43:22,admin,UPDATE,프로그램,31,30 | 전시 | GS칼텍스 예울마루 기획전시 <숨: 쉬는 섬>,
658,2026-07-02 09:22:49,user,UPDATE,홍보기록,170,98 | 2026-07-15 15:00 | 46218,
659,2026-07-02 09:23:12,user,UPDATE,홍보기록,171,99 | 2026-07-15 14:00 | 46218,
660,2026-07-02 09:25:42,user,UPDATE,홍보기록,174,100 | 2026-07-15 16:00 | 46218,
661,2026-07-02 09:26:34,user,UPDATE,홍보기록,178,106 | 2026-07-15 15:50 | 46218,
662,2026-07-02 09:30:03,user,CREATE,홍보기록,179,107 | 2026-07-22 15:00:00 | 46225,
663,2026-07-02 09:38:30,user,CREATE,홍보기록,180,108 | 2026-07-22 15:50:00 | 46225,
664,2026-07-02 09:39:33,user,CREATE,홍보기록,181,109 | 2026-07-22 11:00:00 | 46225,
665,2026-07-02 09:40:27,user,UPDATE,홍보기록,181,109 | 2026-07-22 14:00:00 | 46225,
666,2026-07-02 09:41:14,user,UPDATE,홍보기록,161,90 | 46232.625 | 46232,
667,2026-07-02 12:38:16,user,CREATE,홍보기록,182,110 | 2026-07-09 05:03:00 | 46212,
668,2026-07-02 12:38:20,user,CREATE,홍보기록,183,111 | 2026-07-09 05:03:00 | 46212,
669,2026-07-02 12:38:30,user,CREATE,홍보기록,184,112 | 2026-07-09 05:03:00 | 46212,
670,2026-07-02 12:38:33,user,CREATE,홍보기록,185,113 | 2026-07-09 05:03:00 | 46212,
671,2026-07-02 12:39:00,user,UPDATE,홍보기록,182,110 | 46212.2104166667 | 46212,
672,2026-07-02 14:27:11,user,UPDATE,홍보기록,162,90 | 46205.5833333333 | 46205,
673,2026-07-03 15:49:29,user,UPDATE,홍보기록,172,99 | 46206.625 | 46206,
674,2026-07-03 15:49:37,user,UPDATE,홍보기록,173,97 | 46206.625 | 46206,
675,2026-07-03 17:03:54,user,UPDATE,홍보기록,173,97 | 46206.625 | 46206,
676,2026-07-03 17:05:38,user,CREATE,홍보기록,186,114 | 2026-07-03 17:00:00 | 46206,
677,2026-07-03 17:06:37,user,UPDATE,홍보기록,186,114 | 46206.7083333333 | 46206,
678,2026-07-03 17:20:04,user,UPDATE,홍보기록,160,89 | 46206.6597222222 | 46206,
679,2026-07-04 09:33:20,user,CREATE,담당자,39,예술사업팀 | Jordan Bennett 22946 | 팀원,
680,2026-07-04 10:29:17,user,CREATE,홍보기록,187,115 | 2026-07-21 10:00:00 | 46224,
681,2026-07-04 10:29:49,user,UPDATE,담당자,39,예술사업팀 | Jordan Bennett 22946 | 팀원,
682,2026-07-04 10:31:10,user,UPDATE,홍보기록,187,115 | 46224.4166666667 | 46224,
683,2026-07-04 11:33:46,user,UPDATE,홍보기록,181,109 | 46225.5833333333 | 46225,
684,2026-07-04 15:09:26,user,CREATE,홍보기록,188,116 | 2026-07-21 10:00:00 | 46224,
685,2026-07-06 17:04:06,user,UPDATE,홍보기록,168,96 | 46213.6666666667 | 46213,
686,2026-07-06 17:04:21,user,UPDATE,홍보기록,168,96 | 46213.6666666667 | 46213,
687,2026-07-07 13:10:05,user,UPDATE,홍보접수설정,7,자동_휴무 | false,
688,2026-07-07 14:03:54,user,UPDATE,홍보기록,188,116 | 46224.4166666667 | 46224,
689,2026-07-07 14:07:10,user,CREATE,홍보기록,189,117 | 2026-07-07 14:10:00 | 46210,
690,2026-07-07 14:10:34,user,DELETE,프로그램,30,,
691,2026-07-07 14:12:33,user,UPDATE,프로그램,19,18 | 공연 | 뮤지컬 <달 샤베트>,
692,2026-07-07 14:13:16,user,UPDATE,프로그램,18,17 | 공연 | 뮤지컬 <그날들>,
693,2026-07-07 14:14:16,user,UPDATE,프로그램,17,16 | 공연 | 조재혁 피아노 리사이틀,
694,2026-07-07 15:28:21,user,UPDATE,프로그램,15,14 | 공연 | 브런치 콘서트 Ⅲ <현 위로 흐르는 계절>,
695,2026-07-07 15:41:31,user,UPDATE,프로그램,16,15 | 공연 | 여수세계섬박람회 기념 음악회,
696,2026-07-07 15:42:05,user,UPDATE,프로그램,18,17 | 공연 | 뮤지컬 <그날들>,
697,2026-07-07 15:42:28,user,UPDATE,프로그램,19,18 | 공연 | 뮤지컬 <달 샤베트>,
698,2026-07-07 15:43:06,user,UPDATE,프로그램,20,19 | 공연 | 뮤지컬 <이상한 나라의 춘자씨>,
699,2026-07-07 15:43:37,user,UPDATE,프로그램,21,20 | 공연 | 국립현대무용단 <트리플 빌>,
700,2026-07-07 15:44:23,user,UPDATE,프로그램,22,21 | 공연 | 다비드 바뱅 & 아드리앙 몽도 <피아노 & 피아노>,
701,2026-07-07 15:45:26,user,UPDATE,프로그램,23,22 | 공연 | 연극 <그때도 오늘>,
702,2026-07-07 15:46:35,user,UPDATE,프로그램,24,23 | 공연 | 2026 헬로!오페라 <마술피리>,
703,2026-07-07 15:47:22,user,UPDATE,프로그램,25,24 | 공연 | 뮤지컬 <러커스 더 스쿨>,
704,2026-07-07 15:48:07,user,UPDATE,프로그램,26,25 | 공연 | 브런치 콘서트 Ⅳ <찬란한 시작의 울림>,
705,2026-07-07 15:48:53,user,UPDATE,프로그램,27,26 | 공연 | 연극 <쉬어 매드니스>,
706,2026-07-07 15:49:28,user,UPDATE,프로그램,28,27 | 공연 | 발레 <호두까기 인형>,
707,2026-07-07 15:52:46,user,CREATE,프로그램,32,"31 | 공연 | 18세기, 시대악기로 만나는 바로크의 정격연주",
708,2026-07-07 15:53:15,user,UPDATE,프로그램,32,"31 | 공연 | 18세기, 시대악기로 만나는 바로크의 정격연주",
709,2026-07-07 15:53:52,user,UPDATE,프로그램,28,27 | 공연 | 발레 <호두까기 인형>,
710,2026-07-07 15:54:17,user,UPDATE,프로그램,23,22 | 공연 | 연극 <그때도 오늘>,
711,2026-07-07 15:54:39,user,UPDATE,프로그램,26,25 | 공연 | 브런치 콘서트 Ⅳ <찬란한 시작의 울림>,
712,2026-07-07 15:54:57,user,UPDATE,프로그램,27,26 | 공연 | 연극 <쉬어 매드니스>,
713,2026-07-08 04:15:05,user,UPDATE,프로그램,31,30 | 전시 | GS칼텍스 예울마루 기획전시 <숨: 쉬는 섬>,
714,2026-07-08 10:52:45,user,CREATE,홍보기록,190,118 | 2026-07-08 10:00:00 | 46211,
715,2026-07-08 12:09:12,admin,UPDATE,담당자,4,예술사업팀 | Rowan Foster 07735 | 팀장,
716,2026-07-08 12:09:39,user,UPDATE,담당자,4,예술사업팀 | Rowan Foster 07735 | 팀장,
717,2026-07-08 15:19:57,user,UPDATE,홍보기록,190,118 | 46211.4166666667 | 46211,
718,2026-07-08 15:20:13,user,UPDATE,홍보기록,175,102 | 46211.625 | 46211,
719,2026-07-08 15:20:47,user,UPDATE,홍보기록,190,118 | 46211.4166666667 | 46211,
720,2026-07-08 15:57:23,user,CREATE,PromoSpecial,31,2026-07-08 15:57:16 | SP-1783493836641-0-0 | 2026-07-16,
721,2026-07-08 16:55:00,user,CREATE,홍보기록,191,119 | 2026-07-08 17:00:00 | 46211,
722,2026-07-08 16:55:30,user,UPDATE,홍보기록,191,119 | 46211.7083333333 | 46211,
723,2026-07-09 17:56:36,user,UPDATE,홍보기록,183,111 | 46212.2104166667 | 46212,
724,2026-07-09 17:58:10,user,CREATE,PromoSpecial,32,2026-07-09 17:58:05 | SP-1783587485746-0-0 | 2026-07-24,
725,2026-07-09 17:58:22,user,DELETE,홍보기록,177,,
726,2026-07-09 22:31:58,user,DELETE,홍보기록,183,,
727,2026-07-09 22:32:06,user,UPDATE,홍보기록,184,112 | 46212.2104166667 | 46212,
728,2026-07-09 22:32:13,user,UPDATE,홍보기록,185,113 | 46212.2104166667 | 46212,
729,2026-07-10 09:54:34,user,UPDATE,홍보기록,166,95 | 46213.625 | 46213,
730,2026-07-10 09:54:58,user,CREATE,PromoSpecial,33,2026-07-10 09:54:53 | SP-1783644893922-0-0 | 2026-07-09,
731,2026-07-10 09:55:06,user,UPDATE,홍보기록,167,95 | 46213.6597222222 | 46213,
732,2026-07-10 15:11:41,user,UPDATE,홍보기록,169,97 | 46213.6666666667 | 46213,
733,2026-07-10 16:08:46,user,UPDATE,홍보기록,168,96 | 46213.6666666667 | 46213,
734,2026-07-10 17:59:27,user,UPDATE,홍보기록,169,97 | 2026-07-11 16:00:00 | 46214,
735,2026-07-11 16:25:19,user,UPDATE,홍보기록,169,97 | 46214.6666666667 | 46214,
736,2026-07-11 16:27:24,user,CREATE,PromoSpecial,34,2026-07-11 16:27:17 | SP-1783754837998-0-0 | 2026-07-18,
737,2026-07-11 17:33:33,user,UPDATE,홍보기록,176,104 | 2026-07-11 18:00:00 | 46214,
738,2026-07-11 17:48:33,user,UPDATE,홍보기록,176,104 | 2026-07-14 18:00:00 | 46217,
739,2026-07-11 20:12:09,user,DELETE,메시지,18,ghost:m1783587396715-hekw,
740,2026-07-11 20:12:32,user,DELETE,메시지,18,ghost:m1783587396715-hekw,
741,2026-07-14 10:19:31,user,UPDATE,홍보기록,176,104 | 46217.75 | 46217,
742,2026-07-15 07:22:54,user,CREATE,홍보기록,192,118 | 2026-07-15 10:00:00 | 46218,
743,2026-07-15 13:06:47,user,UPDATE,홍보기록,192,118 | 46218.4166666667 | 46218,
744,2026-07-15 16:21:29,user,UPDATE,홍보기록,178,106 | 46218.6597222222 | 46218,
745,2026-07-15 16:21:41,user,UPDATE,홍보기록,171,99 | 46218.5833333333 | 46218,
746,2026-07-15 16:36:42,user,UPDATE,홍보기록,170,98 | 46218.625 | 46218,
747,2026-07-15 16:53:29,user,CREATE,홍보기록,193,119 | 2026-07-17 10:00:00 | 46220,
748,2026-07-15 17:48:04,user,UPDATE,홍보기록,174,100 | 46218.6666666667 | 46218,
749,2026-07-16 17:56:17,user,DELETE,홍보기록,187,,
750,2026-07-16 19:06:32,user,UPDATE,홍보기록,193,119 | 46220.4166666667 | 46220,
751,2026-07-16 19:06:49,user,UPDATE,PromoSpecial,34,2026-07-11 16:27:17 | SP-1783754837998-0-0 | 2026-07-18,
752,2026-07-16 19:06:58,user,CREATE,PromoSpecial,35,2026-07-16 19:06:44 | SP-1784196413492-1 | 2026-07-18,
753,2026-07-21 08:57:01,user,UPDATE,홍보기록,181,109 | 46225.5833333333 | 46225,
754,2026-07-21 08:57:27,user,UPDATE,홍보기록,181,109 | 46225.5833333333 | 46225,
755,2026-07-21 08:57:48,user,UPDATE,홍보기록,179,107 | 46225.625 | 46225,
756,2026-07-21 08:58:29,user,UPDATE,홍보기록,180,108 | 46225.6597222222 | 46225,
757,2026-07-21 09:02:00,user,UPDATE,홍보기록,159,88 | 46224.4166666667 | 46224,
758,2026-07-21 09:02:21,user,UPDATE,홍보기록,188,116 | 46224.4166666667 | 46224,
759,2026-07-21 09:33:39,user,CREATE,홍보기록,194,119 | 2026-07-24 15:00:00 | 46227,
760,2026-07-21 09:36:13,user,UPDATE,홍보기록,181,109 | 46225.5833333333 | 46225,
761,2026-07-21 09:36:37,user,UPDATE,홍보기록,181,109 | 2026-07-22 16:00:00 | 46225,
762,2026-07-21 09:37:56,user,UPDATE,홍보기록,194,119 | 2026-07-24 16:00:00 | 46227,
763,2026-07-21 09:39:56,user,CREATE,홍보기록,195,120 | 2026-07-24 15:50:00 | 46227,
764,2026-07-21 09:41:14,user,CREATE,홍보기록,196,121 | 2026-07-24 15:00:00 | 46227,
765,2026-07-21 09:42:26,user,CREATE,홍보기록,197,122 | 2026-07-22 17:00:00 | 46225,
766,2026-07-21 09:43:10,user,CREATE,홍보기록,198,123 | 2026-07-24 17:00:00 | 46227,
767,2026-07-21 09:44:58,user,CREATE,홍보기록,199,124 | 2026-07-28 15:00:00 | 46231,
768,2026-07-21 09:46:07,user,CREATE,홍보기록,200,125 | 2026-07-28 15:50:00 | 46231,
769,2026-07-21 09:46:49,user,CREATE,홍보기록,201,126 | 2026-07-28 16:00:00 | 46231,
770,2026-07-21 09:47:34,user,CREATE,홍보기록,202,127 | 2026-07-28 17:00:00 | 46231,
771,2026-07-21 09:48:28,user,CREATE,홍보기록,203,128 | 2026-07-30 15:00:00 | 46233,
772,2026-07-21 09:52:04,user,DELETE,홍보기록,161,,
773,2026-07-21 09:54:18,user,CREATE,홍보기록,204,128 | 2026-07-30 15:50:00 | 46233,
774,2026-07-21 09:57:51,user,CREATE,홍보기록,205,129 | 2026-07-30 16:00:00 | 46233,
775,2026-07-21 10:39:40,user,UPDATE,홍보기록,188,116 | 46224.4166666667 | 46224,
776,2026-07-21 10:46:17,user,UPDATE,홍보기록,179,107 | 46225.625 | 46225,
777,2026-07-21 10:48:01,user,UPDATE,홍보기록,179,107 | 46225.625 | 46225,
778,2026-07-21 12:54:12,user,UPDATE,홍보기록,159,88 | 46224.4166666667 | 46224,
779,2026-07-21 13:09:25,user,CREATE,홍보기록,206,130 | 2026-07-23 16:00:00 | 46226,
780,2026-07-21 13:09:46,user,UPDATE,홍보기록,196,121 | 46227.625 | 46227,
781,2026-07-21 13:10:08,user,UPDATE,홍보기록,195,120 | 2026-07-24 15:00:00 | 46227,
782,2026-07-21 13:10:19,user,UPDATE,홍보기록,194,119 | 2026-07-23 16:00 | 46226,
783,2026-07-21 13:59:53,user,UPDATE,홍보기록,206,130 | 46226.6666666667 | 46226,
784,2026-07-22 17:54:15,user,UPDATE,홍보기록,181,109 | 46225.6666666667 | 46225,
785,2026-07-22 17:54:25,user,UPDATE,홍보기록,197,122 | 46225.7083333333 | 46225,
786,2026-07-22 17:54:49,user,UPDATE,홍보기록,180,108 | 46225.6597222222 | 46225,
787,2026-07-22 17:54:58,user,UPDATE,홍보기록,179,107 | 46225.625 | 46225,
788,2026-07-23 10:59:55,user,CREATE,홍보기록,207,131 | 2026-07-29 11:00:00 | 46232,
789,2026-07-23 11:07:07,user,UPDATE,홍보기록,207,131 | 46232.4583333333 | 46232,
790,2026-07-23 11:07:28,user,UPDATE,홍보기록,207,131 | 46232.4583333333 | 46232,
791,2026-07-23 15:16:44,user,UPDATE,홍보기록,194,119 | 46226.6666666667 | 46226,
792,2026-07-24 08:03:33,user,UPDATE,프로그램,25,24 | 공연 | 뮤지컬 <러커스 더 스쿨>,
793,2026-07-24 15:22:49,user,UPDATE,홍보기록,198,123 | 2026-07-25 17:00:00 | 46228,
794,2026-07-24 15:23:41,user,CREATE,홍보기록,208,132 | 2026-07-24 16:00:00 | 46227,
795,2026-07-24 15:26:32,user,UPDATE,홍보기록,198,123 | 2026-07-24 17:00:00 | 46227,
796,2026-07-24 16:27:13,user,UPDATE,홍보기록,195,120 | 46227.625 | 46227,
797,2026-07-24 16:27:28,user,UPDATE,홍보기록,208,132 | 46227.6666666667 | 46227,
798,2026-07-25 08:56:13,user,UPDATE,홍보기록,198,123 | 46227.7083333333 | 46227,
799,2026-07-25 11:01:14,user,UPDATE,홍보기록,199,124 | 46231.625 | 46231,
800,2026-07-25 11:01:40,user,UPDATE,홍보기록,201,126 | 46231.6666666667 | 46231,
801,2026-07-28 10:01:31,user,UPDATE,홍보기록,202,127 | 46231.7083333333 | 46231,
802,2026-07-28 10:02:12,user,UPDATE,홍보기록,200,125 | 46231.6597222222 | 46231,
803,2026-07-28 10:03:22,user,CREATE,홍보기록,209,133 | 2026-08-07 10:00:00 | 46241,
804,2026-07-28 10:04:23,user,CREATE,홍보기록,210,134 | 2026-08-19 10:00:00 | 46253,
805,2026-07-28 10:08:38,user,CREATE,홍보기록,211,135 | 2026-07-28 01:10:00 | 46231,
806,2026-07-28 10:10:10,user,CREATE,홍보기록,212,136 | 2026-07-28 10:00:00 | 46231,
807,2026-07-28 11:27:16,user,CREATE,PromoSpecial,36,2026-07-28 11:26:42 | SP-1785205602988-0-0 | 2026-08-06,
808,2026-07-28 11:30:31,user,CREATE,PromoSpecial,37,2026-07-28 11:30:17 | SP-1785205817762-0-0 | 2026-07-30,
809,2026-07-28 16:19:01,user,UPDATE,홍보기록,212,136 | 46231.4166666667 | 46231,
810,2026-07-29 11:37:35,user,UPDATE,홍보기록,207,131 | 46232.4583333333 | 46232,
811,2026-07-29 13:54:55,user,UPDATE,프로그램,18,17 | 공연 | 뮤지컬 <그날들>,
812,2026-07-29 13:56:46,user,UPDATE,프로그램,19,18 | 공연 | 뮤지컬 <달 샤베트>,
813,2026-07-29 13:57:36,user,UPDATE,프로그램,17,16 | 공연 | 조재혁 피아노 리사이틀,
814,2026-07-29 13:58:29,user,UPDATE,프로그램,21,20 | 공연 | 국립현대무용단 <트리플 빌>,
815,2026-07-29 13:59:34,user,UPDATE,프로그램,16,15 | 공연 | 여수세계섬박람회 기념 음악회,
816,2026-07-29 14:01:13,user,UPDATE,프로그램,30,30 | 전시 | GS칼텍스 예울마루 기획전시 <숨: 쉬는 섬>,
817,2026-07-29 14:02:23,user,UPDATE,프로그램,22,21 | 공연 | 다비드 바뱅 & 아드리앙 몽도 <피아노 & 피아노>,
818,2026-07-29 14:05:57,user,UPDATE,프로그램,16,15 | 공연 | 여수세계섬박람회 기념 음악회,
819,2026-07-29 14:08:07,user,UPDATE,프로그램,30,30 | 전시 | GS칼텍스 예울마루 기획전시 <숨: 쉬는 섬>,
820,2026-07-29 14:15:53,user,UPDATE,프로그램,15,14 | 공연 | 브런치 콘서트 Ⅲ <현 위로 흐르는 계절>,
821,2026-07-29 14:20:40,user,UPDATE,프로그램,13,12 | 공연 | 연극 <노인의 꿈>,
822,2026-07-29 14:24:38,user,UPDATE,프로그램,25,24 | 공연 | 뮤지컬 <러커스 더 스쿨>,
823,2026-07-29 14:26:27,user,UPDATE,프로그램,14,13 | 공연 | 2026 헬로!오페라 <세비야의 이발사>,
824,2026-07-29 14:43:38,user,CREATE,홍보기록,213,137 | 2026-07-29 17:00:00 | 46232,
825,2026-07-29 14:47:56,user,DELETE,홍보기록,213,,
826,2026-07-29 16:10:49,user,CREATE,홍보기록,213,137 | 2026-07-29 16:30:00 | 46232,
827,2026-07-29 16:36:18,user,UPDATE,홍보기록,213,137 | 46232.6875 | 46232,
828,2026-07-30 16:44:23,user,UPDATE,홍보기록,205,129 | 46233.6666666667 | 46233,
829,2026-07-30 16:44:39,user,UPDATE,홍보기록,204,128 | 46233.6597222222 | 46233,
830,2026-07-30 16:44:51,user,UPDATE,홍보기록,203,128 | 46233.625 | 46233,
831,2026-08-01 09:05:47,user,UPDATE,홍보접수설정,2,접수월 | 2026-08,
832,2026-08-01 09:06:01,user,DELETE,홍보접수설정,11,,
833,2026-08-01 09:06:14,user,DELETE,홍보접수설정,11,,
834,2026-08-01 09:06:23,user,CREATE,홍보접수설정,8,제외 | 2026-08-15|00:00|23:59,
835,2026-08-01 09:07:10,user,CREATE,홍보접수설정,9,제외 | 2026-08-17|00:00|23:59,
836,2026-08-01 10:22:47,user,DELETE,PromoSpecial,36,,
837,2026-08-03 21:16:33,user,UPDATE,홍보기록,209,133 | 46241.4166666667 | 46241,
838,2026-08-03 21:16:59,user,UPDATE,홍보기록,209,133 | 2026-08-07 15:50:00 | 46241,
839,2026-08-03 21:17:35,user,CREATE,홍보기록,214,138 | 2026-08-07 15:00:00 | 46241,
840,2026-08-03 21:18:15,user,CREATE,홍보기록,215,139 | 2026-08-07 15:00:00 | 46241,
841,2026-08-03 21:20:28,user,UPDATE,홍보기록,210,134 | 46253.4166666667 | 46253,
842,2026-08-03 21:21:00,user,UPDATE,홍보기록,210,134 | 2026-08-19 15:00:00 | 46253,
843,2026-08-03 23:41:04,user,CREATE,홍보기록,216,140 | 2026-08-19 15:50 | 2026-08-19,
844,2026-08-03 23:43:23,user,CREATE,홍보기록,217,141 | 2026-08-19 15:00:00 | 46253,
845,2026-08-03 23:43:46,user,UPDATE,홍보기록,210,134 | 46253.625 | 46253,
846,2026-08-03 23:44:20,user,UPDATE,홍보기록,216,140 | 46253.6597222222 | 46253,
847,2026-08-04 10:21:39,user,CREATE,홍보기록,218,142 | 2026-08-04 14:00:00 | 46238,
848,2026-08-04 10:25:40,user,CREATE,홍보기록,219,143 | 2026-08-14 10:00:00 | 46248,
849,2026-08-04 10:53:03,user,UPDATE,홍보기록,219,143 | 46248.4166666667 | 46248,
850,2026-08-04 13:01:24,user,UPDATE,홍보기록,218,142 | 46238.5833333333 | 46238,
851,2026-08-04 13:02:16,user,CREATE,홍보기록,220,144 | 2026-08-04 16:00:00 | 46238,
852,2026-08-04 14:02:06,user,CREATE,홍보기록,221,145 | 2026-08-14 00:00:00 | 46248,
853,2026-08-04 14:02:24,user,UPDATE,홍보기록,221,145 | 2026-08-15 00:00 | 46249,
854,2026-08-04 17:47:35,user,UPDATE,홍보기록,218,142 | 46238.5833333333 | 46238,
855,2026-08-04 17:48:21,user,UPDATE,홍보기록,220,144 | 46238.6666666667 | 46238,
856,2026-08-04 18:02:28,user,CREATE,홍보기록,222,146 | 2026-08-05 11:00:00 | 46239,
857,2026-08-04 18:02:37,user,CREATE,홍보기록,223,147 | 2026-08-06 14:00:00 | 46240,
858,2026-08-04 18:03:35,user,CREATE,홍보기록,224,148 | 2026-08-05 11:00:00 | 46239,
859,2026-08-04 18:03:48,user,CREATE,홍보기록,225,149 | 2026-08-06 14:00:00 | 46240,
860,2026-08-04 18:04:00,user,CREATE,홍보기록,226,150 | 2026-08-06 15:00:00 | 46240,
861,2026-08-04 18:04:30,user,CREATE,홍보기록,227,151 | 2026-08-07 16:00:00 | 46241,
862,2026-08-04 18:04:41,user,CREATE,홍보기록,228,152 | 2026-08-08 11:00:00 | 46242,
863,2026-08-04 18:04:49,user,CREATE,홍보기록,228,153 | 2026-08-12 11:00:00 | 46246,
864,2026-08-04 18:05:08,user,CREATE,홍보기록,230,155 | 2026-08-14 15:00:00 | 46248,
865,2026-08-04 18:05:20,user,CREATE,홍보기록,230,156 | 2026-08-19 11:00:00 | 46253,
866,2026-08-04 18:05:32,user,CREATE,홍보기록,231,157 | 2026-08-19 14:00:00 | 46253,
867,2026-08-04 18:06:02,user,CREATE,홍보기록,232,158 | 2026-08-21 15:00:00 | 46255,
868,2026-08-04 18:06:33,user,CREATE,홍보기록,233,159 | 2026-08-26 16:00:00 | 46260,
869,2026-08-04 18:06:53,user,CREATE,홍보기록,235,171 | 2026-09-03 15:00:00 | 46268,
870,2026-08-04 18:07:33,user,CREATE,홍보기록,237,173 | 2026-09-24 15:00:00 | 46289,
871,2026-08-04 18:07:41,user,CREATE,홍보기록,238,174 | 2026-09-24 16:00:00 | 46289,
872,2026-08-04 18:07:51,user,CREATE,홍보기록,239,175 | 2026-10-06 14:00:00 | 46301,
873,2026-08-04 18:08:14,user,CREATE,홍보기록,240,176 | 2026-10-08 16:00:00 | 46303,
874,2026-08-04 18:08:27,user,CREATE,홍보기록,241,177 | 2026-10-16 15:00:00 | 46311,
875,2026-08-04 18:08:55,user,CREATE,홍보기록,242,178 | 2026-10-21 14:00:00 | 46316,
876,2026-08-04 18:09:05,user,CREATE,홍보기록,243,179 | 2026-10-21 16:00:00 | 46316,
877,2026-08-05 00:24:37,user,CREATE,홍보접수설정,10,접수월 | 2026-09,
878,2026-08-05 00:24:45,user,CREATE,홍보접수설정,11,제외 | 2026-08-01|00:00|23:59,
879,2026-08-05 00:24:53,user,CREATE,홍보접수설정,12,제외 | 2026-09-24|00:00|23:59,
880,2026-08-05 00:25:03,user,CREATE,홍보접수설정,13,제외 | 2026-09-25|00:00|23:59,
881,2026-08-05 00:25:30,user,CREATE,홍보접수설정,14,제외 | 2026-09-26|00:00|23:59,
882,2026-08-05 00:49:03,user,UPDATE,홍보기록,224,148 | 46239.4583333333 | 46239,
883,2026-08-05 00:50:25,user,CREATE,홍보기록,244,168 | 2026-08-05 14:00:00 | 46239,
884,2026-08-05 08:20:29,user,UPDATE,홍보기록,222,146 | 2026-08-05 15:00:00 | 46239,
885,2026-08-05 08:52:37,user,CREATE,홍보기록,245,169 | 2026-08-04 17:00:00 | 46238,
886,2026-08-05 08:52:52,user,UPDATE,홍보기록,245,169 | 46238.7083333333 | 46238,
887,2026-08-05 10:53:55,user,CREATE,홍보기록,246,170 | 2026-08-05 10:30:00 | 46239,
888,2026-08-05 11:06:35,user,UPDATE,홍보기록,246,170 | 46239.4375 | 46239,
889,2026-08-05 12:30:49,user,CREATE,프로그램,32,32 | 예술교육 | 화요살롱 - 이낙준,
890,2026-08-05 12:31:40,user,UPDATE,프로그램,29,28 | 예술교육 | 화요살롱 - 이낙준,
891,2026-08-05 12:32:08,user,DELETE,프로그램,32,,
892,2026-08-05 14:03:40,user,UPDATE,홍보기록,225,149 | 46240.5833333333 | 46240,
893,2026-08-05 14:04:39,user,UPDATE,홍보기록,225,149 | 46240.5833333333 | 46240,
894,2026-08-06 09:39:16,user,UPDATE,홍보기록,244,168 | 46239.5833333333 | 46239,
895,2026-08-06 10:45:03,user,DELETE,홍보기록,226,,
896,2026-08-06 10:45:43,user,DELETE,홍보기록,223,,
897,2026-08-06 13:31:51,user,CREATE,홍보기록,247,169 | 2026-08-06 17:00:00 | 46240,
898,2026-08-06 13:33:47,user,CREATE,홍보기록,248,169 | 2026-08-06 17:00:00 | 46240,
899,2026-08-06 16:30:28,user,CREATE,홍보기록,249,171 | 2026-08-25 13:00:00 | 46259,
900,2026-08-06 16:31:17,user,CREATE,홍보기록,250,172 | 2026-08-25 13:00:00 | 46259,
901,2026-08-06 16:32:16,user,CREATE,홍보기록,251,173 | 2026-08-25 13:00:00 | 46259,
902,2026-08-06 16:33:42,user,UPDATE,홍보기록,248,169 | 2026-08-06 16:00:00 | 46240,
903,2026-08-07 08:58:17,user,UPDATE,홍보기록,247,169 | 46240.7083333333 | 46240,
904,2026-08-07 08:58:31,user,UPDATE,홍보기록,248,169 | 46240.6666666667 | 46240,
905,2026-08-07 09:16:39,user,CREATE,홍보기록,252,174 | 2026-08-07 11:00:00 | 46241,
906,2026-08-07 09:46:46,user,CREATE,홍보기록,253,175 | 2026-08-14 09:20:00 | 46248,
907,2026-08-07 09:50:11,user,UPDATE,홍보기록,252,174 | 46241.4583333333 | 46241,
908,2026-08-07 10:00:37,user,UPDATE,홍보기록,253,175 | 46248.3888888889 | 46248,
909,2026-08-07 14:00:17,user,UPDATE,프로그램,16,15 | 공연 | 여수세계섬박람회 기념 음악회,
910,2026-08-07 14:02:28,user,UPDATE,프로그램,22,21 | 공연 | 다비드 바뱅 & 아드리앙 몽도 <피아노 & 피아노>,
911,2026-08-07 14:16:03,user,UPDATE,프로그램,16,15 | 공연 | 여수세계섬박람회 기념 음악회,
912,2026-08-07 16:29:10,user,UPDATE,홍보기록,214,138 | 46241.625 | 46241,
913,2026-08-07 16:43:13,user,UPDATE,홍보기록,229,154 | 2026-08-13 14:00 | 46247,
914,2026-08-07 16:43:33,user,UPDATE,홍보기록,228,153 | 2026-08-13 11:00 | 46247,
915,2026-08-07 16:44:01,user,UPDATE,홍보기록,215,139 | 46241.625 | 46241,
916,2026-08-07 16:44:42,user,DELETE,홍보기록,227,,
917,2026-08-08 09:15:15,user,UPDATE,홍보기록,253,175 | 2026-08-08 09:20 | 46242,
918,2026-08-08 14:21:44,user,UPDATE,홍보기록,253,175 | 46242.3888888889 | 46242,
919,2026-08-11 13:40:29,user,CREATE,홍보기록,254,175 | 2026-08-11 17:00:00 | 46245,
920,2026-08-11 17:41:34,user,UPDATE,홍보기록,254,175 | 46245.7083333333 | 46245,
921,2026-08-12 09:10:36,user,UPDATE,홍보기록,165,93 | 46211.6597222222 | 46211,
922,2026-08-12 09:11:10,user,UPDATE,홍보기록,164,92 | 46211.625 | 46211,
923,2026-08-12 09:40:46,user,DELETE,홍보기록,231,,
924,2026-08-12 09:41:11,user,DELETE,홍보기록,230,,
925,2026-08-12 10:53:39,user,UPDATE,홍보기록,219,143 | 46248.4166666667 | 46248,
926,2026-08-12 10:54:42,user,CREATE,홍보기록,255,174 | 2026-08-12 14:00:00 | 46246,
