날짜,입도가능시간
2026-06-01,"6:00~8:32, 10:32~20:31"
2026-06-02,"6:00~9:06, 11:06~21:05"
2026-06-03,6:00~21:42
2026-06-04,6:00~22:00
2026-06-05,6:00~22:00
2026-06-06,6:00~22:00
2026-06-07,6:00~22:00
2026-06-08,6:00~22:00
2026-06-09,6:00~22:00
2026-06-10,6:00~22:00
2026-06-11,"6:00~17:04, 19:36~22:00"
2026-06-12,"6:00~17:38, 20:56~22:00"
2026-06-13,8:29~18:16
2026-06-14,"6:00~7:05, 9:27~19:00"
2026-06-15,"6:00~7:51, 10:23~19:45"
2026-06-16,"6:00~8:38, 11:14~20:33"
2026-06-17,"6:00~9:28, 12:02~21:22"
2026-06-18,"6:00~10:20, 12:48~22:00"
2026-06-19,"6:00~11:18, 13:30~22:00"
2026-06-20,6:00~22:00
2026-06-21,6:00~22:00
2026-06-22,6:00~22:00
2026-06-23,6:00~22:00
2026-06-24,6:00~22:00
2026-06-25,6:00~22:00
2026-06-26,"6:00~18:30, 20:52~22:00"
2026-06-27,6:00~18:53
2026-06-28,6:00~19:18
2026-06-29,6:00~19:48
2026-06-30,6:00~20:18
2026-07-01,"6:00~8:49, 10:57~20:49"
2026-07-02,"6:00~9:24, 11:34~21:22"
2026-07-03,"6:00~10:01, 12:11~21:56"
2026-07-04,"6:00~10:42, 12:46~22:00"
2026-07-05,6:00~22:00
2026-07-06,6:00~22:00
2026-07-07,6:00~22:00
2026-07-08,6:00~22:00
2026-07-09,6:00~22:00
2026-07-10,"6:00~16:37, 19:09~22:00"
2026-07-11,"6:00~17:23, 20:45~22:00"
2026-07-12,6:00~18:08
2026-07-13,"6:00~7:03, 9:11~18:51"
2026-07-14,"6:00~7:44, 10:18~18:51"
2026-07-15,"6:00~8:26, 11:14~20:21"
2026-07-16,"6:00~9:09, 12:03~21:05"
2026-07-17,"6:00~9:54, 12:48~21:50"
2026-07-18,"6:00~10:43, 13:25~22:00"
2026-07-19,"6:00~11:35, 13:59~22:00"
2026-07-20,6:00~22:00
2026-07-21,6:00~22:00
2026-07-22,6:00~22:00
2026-07-23,6:00~22:00
2026-07-24,6:00~22:00
2026-07-25,6:00~22:00
2026-07-26,6:00~18:47
2026-07-27,6:00~19:08
2026-07-28,6:00~19:33
2026-07-29,"6:00~7:59, 10:09~19:59"
2026-07-30,"6:00~8:25, 10:53~20:26"
2026-07-31,"6:00~8:54, 11:34~20:55"
2026-08-01,"6:00~9:26, 12:14~21:26"
2026-08-02,"6:00~10:02, 12:52~22:00"
2026-08-03,"6:00~10:41, 13:29~22:00"
2026-08-04,"6:00~11:25, 14:07~22:00"
2026-08-05,"6:00~12:21, 14:45~22:00"
2026-08-06,"6:00~13:32, 15:36~22:00"
2026-08-07,6:00~22:00
2026-08-08,"6:00~16:35, 18:59~22:00"
2026-08-09,"6:00~17:22, 20:50~22:00"
2026-08-10,6:00~18:03
2026-08-11,"6:00~6:59, 9:15~18:43"
2026-08-12,"6:00~7:30, 10:20~19:23"
2026-08-13,"6:00~8:04, 11:12~20:04"
2026-08-14,"6:00~8:43, 11:57~20:44"
2026-08-15,"6:00~9:22, 12:36~21:24"
2026-08-16,"6:00~10:03, 13:09~22:00"
2026-08-17,"6:00~10:47, 13:35~22:00"
2026-08-18,"6:00~11:34, 13:54~22:00"
2026-08-19,6:00~22:00
2026-08-20,6:00~22:00
2026-08-21,6:00~22:00
2026-08-22,6:00~22:00
2026-08-23,6:00~22:00
2026-08-24,6:00~18:35
2026-08-25,6:00~18:48
2026-08-26,6:00~19:09
2026-08-27,"6:00~7:31, 10:01~19:31"
2026-08-28,"6:00~7:53, 10:47~19:56"
2026-08-29,"6:00~8:19, 11:29~20:25"
2026-08-30,"6:00~8:49, 12:11~20:58"
2026-08-31,"6:00~9:23, 12:47~20:59"
2026-09-01,"6:00~10:01, 13:25~22:00"
2026-09-02,"6:00~10:46, 14:00~22:00"
2026-09-03,"6:00~11:43, 14:35~22:00"
2026-09-04,"6:00~13:04, 15:20~22:00"
2026-09-05,6:00~22:00
2026-09-06,"6:00~16:40, 19:10~22:00"
2026-09-07,"6:00~17:16, 20:50~22:00"
2026-09-08,6:00~17:53
2026-09-09,"6:00~6:41, 9:19~18:29"
2026-09-10,"6:00~7:08, 10:14~19:06"
2026-09-11,"6:00~7:40, 11:02~19:44"
2026-09-12,"6:00~8:14, 11:42~20:21"
2026-09-13,"6:00~8:49, 12:17~20:59"
2026-09-14,"6:00~9:25, 12:47~21:36"
2026-09-15,"6:00~10:02, 13:10~22:00"
2026-09-16,"6:00~10:43, 13:27~22:00"
2026-09-17,"6:00~11:32, 13:38~22:00"
2026-09-18,6:00~22:00
2026-09-19,6:00~22:00
2026-09-20,6:00~22:00
2026-09-21,6:00~22:00
2026-09-22,"6:00~18:11, 20:39~22:00"
2026-09-23,6:00~18:20
2026-09-24,"6:00~6:44, 8:52~18:37"
2026-09-25,"6:00~6:58, 9:44~18:26"
2026-09-26,"6:00~7:19, 10:33~19:28"
2026-09-27,"6:00~7:45, 11:17~20:01"
2026-09-28,"6:00~8:16, 12:00~20:36"
2026-09-29,"6:00~8:52, 12:40~21:17"
2026-09-30,"6:00~9:32, 13:18~22:00"
2026-10-01,"6:00~10:21, 13:55~22:00"
2026-10-02,"6:00~11:25, 14:31~22:00"
2026-10-03,"6:00~12:56, 15:20~22:00"
2026-10-04,6:00~22:00
2026-10-05,"6:00~16:21, 18:59~22:00"
2026-10-06,"6:00~17:02, 20:18~22:00"
2026-10-07,"8:03~17:38, 21:08~22:00"
2026-10-08,9:08~18:14
2026-10-09,"6:00~6:46, 10:00~18:51"
2026-10-10,"6:00~7:17, 10:43~19:27"
2026-10-11,"6:00~7:49, 11:21~20:03"
2026-10-12,"6:00~8:21, 11:55~20:38"
2026-10-13,"6:00~8:55, 12:23~21:16"
2026-10-14,"6:00~9:29, 12:47~21:53"
2026-10-15,"6:00~10:08, 13:06~22:00"
2026-10-16,"6:00~10:55, 13:23~22:00"
2026-10-17,6:00~22:00
2026-10-18,6:00~22:00
2026-10-19,6:00~22:00
2026-10-20,6:00~22:00
2026-10-21,6:00~22:00
2026-10-22,"6:00~17:50, 20:18~22:00"
2026-10-23,"8:20~18:09, 21:03~22:00"
2026-10-24,9:21~18:35
2026-10-25,"6:00~6:48, 10:12~19:06"
2026-10-26,"6:00~7:17, 11:01~19:42"
2026-10-27,"6:00~7:52, 11:48~20:24"
2026-10-28,"6:00~8:31, 12:31~21:09"
2026-10-29,"6:00~9:17, 13:13~21:49"
2026-10-30,"6:00~10:10, 13:54~22:00"
2026-10-31,"6:00~11:17, 14:37~22:00"
2026-11-01,"7:00~12:45, 15:29~22:00"
2026-11-02,"7:00~14:26, 16:42~22:00"
2026-11-03,"7:00~15:50, 18:04~22:00"
2026-11-04,"7:00~16:46, 19:14~22:00"
2026-11-05,"7:00~17:27, 20:07~22:00"
2026-11-06,"8:42~18:07, 20:47~22:00"
2026-11-07,9:34~18:44
2026-11-08,10:19~19:20
2026-11-09,10:58~19:55
2026-11-10,"7:00~8:04, 11:32~20:31"
2026-11-11,"7:00~8:37, 12:03~21:06"
2026-11-12,"7:00~9:13, 12:29~22:00"
2026-11-13,"7:00~9:51, 12:55~22:00"
2026-11-14,"7:00~10:37, 13:17~22:00"
2026-11-15,"7:00~11:34, 13:38~22:00"
2026-11-16,7:00~22:00
2026-11-17,7:00~22:00
2026-11-18,7:00~22:00
2026-11-19,7:00~22:00
2026-11-20,7:00~22:00
2026-11-21,7:00~22:00
2026-11-22,"8:49~18:23, 20:41~22:00"
2026-11-23,9:50~18:58
2026-11-24,10:45~19:39
2026-11-25,"7:00~7:40, 11:36~20:22"
2026-11-26,"7:00~8:23, 12:25~21:11"
2026-11-27,"7:00~9:13, 13:11~22:00"
2026-11-28,"7:00~10:06, 13:56~22:00"
2026-11-29,"7:00~11:11, 14:33~22:00"
2026-11-30,"7:00~12:21, 15:15~22:00"
2026-12-01,"7:00~13:40, 15:58~22:00"
2026-12-02,7:00~22:00
2026-12-03,7:00~22:00
2026-12-04,7:00~22:00
2026-12-05,7:00~22:00
2026-12-06,9:00~22:00
2026-12-07,9:51~22:00
2026-12-08,10:36~22:00
2026-12-09,"7:00~8:01, 11:13~22:00"
2026-12-10,"7:00~8:33, 11:49~22:00"
2026-12-11,"7:00~9:07, 12:19~22:00"
2026-12-12,"7:00~9:42, 12:48~22:00"
2026-12-13,"7:00~10:22, 13:12~22:00"
2026-12-14,"7:00~11:06, 13:36~22:00"
2026-12-15,"7:00~11:56, 14:00~22:00"
2026-12-16,7:00~22:00
2026-12-17,7:00~22:00
2026-12-18,7:00~22:00
2026-12-19,7:00~22:00
2026-12-20,7:00~22:00
2026-12-21,8:11~22:00
2026-12-22,9:28~22:00
2026-12-23,10:34~19:44
2026-12-24,11:31~20:26
2026-12-25,"7:00~8:21, 12:21~21:10"
2026-12-26,"7:00~9:08, 13:06~21:59"
2026-12-27,"7:00~9:56, 13:46~22:00"
2026-12-28,"7:00~10:47, 14:21~22:00"
2026-12-29,"7:00~11:48, 14:46~22:00"
2026-12-30,"7:00~12:54, 15:06~22:00"
2026-12-31,7:00~22:00
