날짜,운영시간
2026-06-01,휴무
2026-06-02,11:00~15:00
2026-06-03,휴무
2026-06-04,09:30~15:00
2026-06-05,11:00~20:00
2026-06-06,휴무
2026-06-07,휴무
2026-06-08,휴무
2026-06-09,11:00~20:00
2026-06-10,11:00~15:00
2026-06-11,11:00~15:00
2026-06-12,11:00~15:00
2026-06-13,11:00~18:30
2026-06-14,휴무
2026-06-15,휴무
2026-06-16,11:00~15:00
2026-06-17,11:00~15:00
2026-06-18,11:00~15:00
2026-06-19,11:00~21:00
2026-06-20,11:00~18:30
2026-06-21,휴무
2026-06-22,휴무
2026-06-23,11:00~19:30
2026-06-24,11:00~15:00
2026-06-25,11:00~20:00
2026-06-26,11:00~20:00
2026-06-27,11:00~17:30
2026-06-28,13:30~17:30
2026-06-29,휴무
2026-06-30,11:00~20:00
2026-07-01,11:00~15:00
2026-07-02,11:00~19:30
2026-07-03,11:00~15:00
2026-07-04,09:30~17:00
2026-07-05,09:30~17:00
2026-07-06,휴무
2026-07-07,11:00~15:00
2026-07-08,11:00~15:00
2026-07-09,11:00~15:00
2026-07-10,11:00~15:00
2026-07-11,11:00~17:30
2026-07-12,11:30~15:30
2026-07-13,휴무
2026-07-14,11:00~15:00
2026-07-15,11:00~15:00
2026-07-16,11:00~15:00
2026-07-17,휴무
2026-07-18,11:00~15:00
2026-07-19,휴무
2026-07-20,휴무
2026-07-21,11:00~15:00
2026-07-22,11:00~15:00
2026-07-23,11:00~15:00
2026-07-24,11:00~15:00
2026-07-25,11:00~15:00
2026-07-26,휴무
2026-07-27,휴무
2026-07-28,11:00~15:00
2026-07-29,11:00~15:00
2026-07-30,11:00~15:00
2026-07-31,11:00~15:00
