주소1,주소2,주소3,회원수
Example State 001,Example City 003,Example District 369,3869
Example State 001,Example City 001,Example District 004,1926
Example State 001,Example City 003,Example District 022,1177
Example State 001,Example City 003,Example District 267,1158
Example State 001,Example City 003,Example District 293,919
Example State 001,Example City 001,Example District 791,914
Example State 001,Example City 003,Example District 937,820
Example State 001,Example City 004,Example District 005,785
Example State 001,Example City 003,Example District 2972,687
Example State 001,Example City 003,Example District 2262,590
Example State 001,Example City 003,Example District 630,581
Example State 001,Example City 001,Example District 263,567
Example State 001,Example City 003,Example District 574,535
Example State 001,Example City 003,Example District 2194,533
Example State 001,Example City 004,Example District 416,516
Example State 001,Example City 001,Example District 1574,460
Example State 001,Example City 001,Example District 1561,457
Example State 001,Example City 003,Example District 773,378
Example State 001,Example City 001,Example District 172,357
Example State 001,Example City 003,Example District 189,354
Example State 001,Example City 003,Example District 390,315
Example State 001,Example City 004,Example District 3704,288
Example State 001,Example City 003,Example District 3664,279
Example State 001,Example City 003,Example District 689,278
Example State 001,Example City 001,Example District 151,255
Example State 001,Example City 004,Example District 2730,229
Example State 001,Example City 004,Example District 3302,189
Example State 001,Example City 003,Example District 793,177
Example State 001,Example City 003,Example District 108,174
Example State 001,Example City 004,Example District 822,157
Example State 001,Example City 002,Example District 106,116
Example State 001,Example City 001,Example District 820,110
Example State 001,Example City 001,Example District 846,96
Example State 001,Example City 003,Example District 155,87
Example State 001,Example City 003,Example District 120,85
Example State 001,Example City 003,Example District 1406,85
Example State 001,Example City 019,Example District 079,58
Example State 001,Example City 004,Example District 023,57
Example State 001,Example City 014,Example District 050,51
Example State 001,Example City 002,Example District 383,44
Example State 001,Example City 003,Example District 1690,42
Example State 001,Example City 001,Example District 2431,42
Example State 001,Example City 167,Example District 505,41
Example State 001,Example City 001,Example District 2978,38
Example State 003,Example City 007,Example District 230,37
Example State 001,Example City 031,Example District 192,37
Example State 001,Example City 001,Example District 525,35
Example State 001,Example City 025,Example District 105,35
Example State 001,Example City 001,Example District 1044,33
Example State 001,Example City 003,Example District 2859,33
Example State 001,Example City 003,Example District 3705,31
Example State 001,Example City 014,Example District 095,27
Example State 001,Example City 001,Example District 129,26
Example State 001,Example City 003,Example District 1518,26
Example State 001,Example City 001,Example District 3706,25
Example State 003,Example City 029,Example District 114,24
Example State 001,Example City 004,Example District 033,22
Example State 001,Example City 052,Example District 228,20
Example State 001,Example City 005,Example District 019,18
Example State 001,Example City 003,Example District 656,17
Example State 001,Example City 003,Example District 501,16
Example State 001,Example City 001,Example District 3134,15
Example State 003,Example City 009,Example District 861,15
Example State 001,Example City 031,Example District 165,14
Example State 001,Example City 018,Example District 540,14
Example State 001,Example City 002,Example District 826,14
Example State 001,Example City 173,Example District 558,14
Example State 003,Example City 009,Example District 1106,13
Example State 001,Example City 204,Example District 1013,13
Example State 001,Example City 001,Example District 607,12
Example State 001,Example City 004,Example District 060,12
Example State 001,Example City 003,Example District 3707,11
Example State 003,Example City 062,Example District 1860,11
Example State 001,Example City 003,Example District 2378,11
Example State 001,Example City 014,Example District 1203,10
Example State 001,Example City 002,Example District 738,10
Example State 001,Example City 032,Example District 1696,10
Example State 001,Example City 026,Example District 107,9
Example State 001,Example City 031,Example District 995,9
Example State 001,Example City 002,Example District 002,9
Example State 001,Example City 001,Example District 1095,9
Example State 003,Example City 009,Example District 1417,9
Example State 001,Example City 002,Example District 986,9
Example State 015,Example City 080,Example District 352,9
Example State 006,Example City 050,Example District 938,9
Example State 001,Example City 028,Example District 2518,9
Example State 001,Example City 085,Example District 2455,8
Example State 001,Example City 004,Example District 530,8
Example State 001,Example City 038,Example District 1045,8
Example State 001,Example City 205,Example District 982,8
Example State 001,Example City 001,Example District 1359,8
Example State 001,Example City 002,Example District 888,8
Example State 008,Example City 044,Example District 1035,7
Example State 001,Example City 004,Example District 1096,7
Example State 001,Example City 204,Example District 977,7
Example State 003,Example City 062,Example District 1346,7
Example State 001,Example City 047,Example District 811,7
Example State 001,Example City 019,Example District 243,7
Example State 001,Example City 002,Example District 1817,7
Example State 001,Example City 002,Example District 843,7
Example State 001,Example City 014,Example District 967,6
Example State 001,Example City 001,Example District 3708,6
Example State 001,Example City 031,Example District 1041,6
Example State 001,Example City 019,Example District 1381,6
Example State 001,Example City 019,Example District 556,6
Example State 001,Example City 004,Example District 3709,6
Example State 001,Example City 173,Example District 1027,6
Example State 003,Example City 029,Example District 656,5
Example State 001,Example City 002,Example District 1376,5
Example State 006,Example City 011,Example District 578,5
Example State 006,Example City 050,Example District 1995,5
Example State 013,Example City 185,Example District 1660,5
Example State 012,Example City 430,Example District 3710,5
Example State 001,Example City 014,Example District 3711,5
Example State 001,Example City 019,Example District 1070,5
Example State 003,Example City 086,Example District 1633,5
Example State 003,Example City 062,Example District 1817,5
Example State 001,Example City 019,Example District 725,5
Example State 001,Example City 038,Example District 177,5
Example State 014,Example City 084,Example District 1243,5
Example State 006,Example City 042,Example District 2451,5
Example State 001,Example City 001,Example District 1510,5
Example State 006,Example City 183,Example District 1032,5
Example State 003,Example City 431,Example District 3712,5
Example State 003,Example City 009,Example District 360,5
Example State 001,Example City 025,Example District 140,5
Example State 008,Example City 083,Example District 1797,5
Example State 001,Example City 003,Example District 3658,5
Example State 001,Example City 003,Example District 2332,5
Example State 014,Example City 196,Example District 1445,4
Example State 001,Example City 003,Example District 3713,4
Example State 001,Example City 003,Example District 2087,4
Example State 001,Example City 204,Example District 895,4
Example State 001,Example City 004,Example District 772,4
Example State 008,Example City 046,Example District 946,4
Example State 005,Example City 081,Example District 1549,4
Example State 001,Example City 025,Example District 2399,4
Example State 008,Example City 087,Example District 2234,4
Example State 003,Example City 007,Example District 028,4
Example State 001,Example City 072,Example District 310,4
Example State 003,Example City 007,Example District 717,4
Example State 013,Example City 185,Example District 664,4
Example State 006,Example City 030,Example District 3714,4
Example State 006,Example City 183,Example District 734,4
Example State 001,Example City 026,Example District 1555,4
Example State 001,Example City 001,Example District 3715,4
Example State 001,Example City 018,Example District 1130,4
Example State 008,Example City 015,Example District 1212,4
Example State 006,Example City 027,Example District 1693,4
Example State 001,Example City 002,Example District 179,4
Example State 001,Example City 017,Example District 2012,4
Example State 008,Example City 087,Example District 853,4
Example State 014,Example City 198,Example District 875,4
Example State 001,Example City 026,Example District 1367,4
Example State 006,Example City 039,Example District 2075,3
Example State 006,Example City 048,Example District 3353,3
Example State 003,Example City 029,Example District 234,3
Example State 001,Example City 001,Example District 361,3
Example State 003,Example City 029,Example District 1883,3
Example State 003,Example City 029,Example District 172,3
Example State 008,Example City 217,Example District 1172,3
Example State 001,Example City 003,Example District 3716,3
Example State 003,Example City 179,Example District 1006,3
Example State 008,Example City 192,Example District 787,3
Example State 008,Example City 044,Example District 1761,3
Example State 008,Example City 199,Example District 1653,3
Example State 001,Example City 004,Example District 3717,3
Example State 001,Example City 038,Example District 656,3
Example State 001,Example City 003,Example District 1586,3
Example State 003,Example City 262,Example District 1745,3
Example State 001,Example City 003,Example District 1670,3
Example State 001,Example City 043,Example District 919,3
Example State 001,Example City 047,Example District 577,3
Example State 006,Example City 030,Example District 2364,3
Example State 001,Example City 026,Example District 533,3
Example State 006,Example City 058,Example District 2143,3
Example State 006,Example City 064,Example District 2165,3
Example State 001,Example City 043,Example District 989,3
Example State 001,Example City 032,Example District 743,3
Example State 001,Example City 032,Example District 1199,3
Example State 003,Example City 007,Example District 1532,3
Example State 003,Example City 171,Example District 1358,3
Example State 003,Example City 432,Example District 3718,3
Example State 003,Example City 253,Example District 1640,3
Example State 003,Example City 212,Example District 1569,3
Example State 001,Example City 003,Example District 768,3
Example State 001,Example City 003,Example District 070,3
Example State 001,Example City 085,Example District 366,3
Example State 014,Example City 084,Example District 363,3
Example State 008,Example City 433,Example District 3719,3
Example State 010,Example City 043,Example District 949,3
Example State 001,Example City 049,Example District 1402,3
Example State 009,Example City 070,Example District 304,3
Example State 006,Example City 053,Example District 1554,3
Example State 001,Example City 002,Example District 697,3
Example State 006,Example City 027,Example District 1838,3
Example State 001,Example City 002,Example District 816,3
Example State 001,Example City 167,Example District 583,3
Example State 005,Example City 176,Example District 603,3
Example State 005,Example City 270,Example District 1997,3
Example State 005,Example City 228,Example District 1306,3
Example State 005,Example City 176,Example District 2459,3
Example State 012,Example City 434,Example District 3720,3
Example State 014,Example City 074,Example District 670,3
Example State 014,Example City 435,Example District 3721,2
Example State 001,Example City 025,Example District 992,2
Example State 001,Example City 025,Example District 3320,2
Example State 008,Example City 102,Example District 415,2
Example State 008,Example City 102,Example District 2779,2
Example State 005,Example City 216,Example District 1151,2
Example State 005,Example City 081,Example District 354,2
Example State 005,Example City 081,Example District 753,2
Example State 005,Example City 036,Example District 1943,2
Example State 005,Example City 176,Example District 850,2
Example State 001,Example City 167,Example District 2223,2
Example State 001,Example City 205,Example District 1132,2
Example State 001,Example City 205,Example District 985,2
Example State 001,Example City 038,Example District 972,2
Example State 001,Example City 020,Example District 080,2
Example State 001,Example City 167,Example District 3722,2
Example State 001,Example City 167,Example District 3491,2
Example State 001,Example City 052,Example District 827,2
Example State 006,Example City 027,Example District 1075,2
Example State 006,Example City 053,Example District 1278,2
Example State 006,Example City 076,Example District 1813,2
Example State 006,Example City 056,Example District 1777,2
Example State 006,Example City 201,Example District 1258,2
Example State 006,Example City 039,Example District 594,2
Example State 006,Example City 067,Example District 2666,2
Example State 008,Example City 180,Example District 2729,2
Example State 008,Example City 087,Example District 2177,2
Example State 001,Example City 001,Example District 3723,2
Example State 013,Example City 185,Example District 2139,2
Example State 092,Example City 436,Example District 3724,2
Example State 003,Example City 181,Example District 618,2
Example State 001,Example City 049,Example District 994,2
Example State 001,Example City 032,Example District 2514,2
Example State 001,Example City 019,Example District 1399,2
Example State 001,Example City 047,Example District 2353,2
Example State 001,Example City 047,Example District 2571,2
Example State 001,Example City 085,Example District 3129,2
Example State 001,Example City 047,Example District 3055,2
Example State 001,Example City 017,Example District 1094,2
Example State 001,Example City 017,Example District 3233,2
Example State 006,Example City 030,Example District 1986,2
Example State 006,Example City 011,Example District 1534,2
Example State 015,Example City 080,Example District 1281,2
Example State 006,Example City 061,Example District 1492,2
Example State 006,Example City 061,Example District 1246,2
Example State 006,Example City 061,Example District 395,2
Example State 006,Example City 183,Example District 2161,2
Example State 001,Example City 028,Example District 1154,2
Example State 001,Example City 026,Example District 3061,2
Example State 092,Example City 233,Example District 1877,2
Example State 003,Example City 007,Example District 2423,2
Example State 092,Example City 267,Example District 1868,2
Example State 092,Example City 168,Example District 509,2
Example State 001,Example City 001,Example District 3725,2
Example State 001,Example City 018,Example District 2973,2
Example State 003,Example City 007,Example District 2536,2
Example State 003,Example City 431,Example District 3726,2
Example State 001,Example City 197,Example District 1162,2
Example State 003,Example City 029,Example District 1521,2
Example State 003,Example City 029,Example District 2432,2
Example State 003,Example City 009,Example District 1645,2
Example State 003,Example City 029,Example District 1023,2
Example State 008,Example City 217,Example District 3245,2
Example State 001,Example City 003,Example District 1171,2
Example State 001,Example City 003,Example District 2969,2
Example State 008,Example City 078,Example District 1349,2
Example State 008,Example City 044,Example District 2266,2
Example State 008,Example City 217,Example District 2001,2
Example State 008,Example City 083,Example District 2000,2
Example State 008,Example City 437,Example District 3727,2
Example State 008,Example City 044,Example District 1387,2
Example State 001,Example City 038,Example District 821,2
Example State 001,Example City 072,Example District 978,2
Example State 001,Example City 003,Example District 2781,2
Example State 001,Example City 028,Example District 1531,2
Example State 004,Example City 077,Example District 1919,2
Example State 004,Example City 008,Example District 1749,2
Example State 006,Example City 064,Example District 1678,2
Example State 006,Example City 042,Example District 3728,2
Example State 006,Example City 042,Example District 2846,2
Example State 006,Example City 075,Example District 3403,2
Example State 006,Example City 175,Example District 903,2
Example State 015,Example City 215,Example District 1538,2
Example State 015,Example City 032,Example District 1302,2
Example State 015,Example City 210,Example District 1184,2
Example State 009,Example City 070,Example District 1980,2
Example State 008,Example City 087,Example District 1148,2
Example State 005,Example City 237,Example District 1437,2
Example State 002,Example City 187,Example District 1509,2
Example State 005,Example City 036,Example District 709,2
Example State 014,Example City 240,Example District 1469,2
Example State 014,Example City 277,Example District 2235,2
Example State 014,Example City 264,Example District 1850,2
Example State 008,Example City 057,Example District 1317,2
Example State 008,Example City 016,Example District 2069,2
Example State 008,Example City 016,Example District 1858,1
Example State 016,Example City 396,Example District 2721,1
Example State 016,Example City 065,Example District 2393,1
Example State 016,Example City 223,Example District 1276,1
Example State 016,Example City 200,Example District 2469,1
Example State 016,Example City 200,Example District 3229,1
Example State 016,Example City 200,Example District 2868,1
Example State 014,Example City 238,Example District 2474,1
Example State 014,Example City 193,Example District 812,1
Example State 014,Example City 264,Example District 3729,1
Example State 014,Example City 084,Example District 1720,1
Example State 002,Example City 187,Example District 1490,1
Example State 002,Example City 006,Example District 560,1
Example State 002,Example City 006,Example District 3082,1
Example State 014,Example City 259,Example District 1912,1
Example State 014,Example City 259,Example District 1736,1
Example State 014,Example City 265,Example District 1854,1
Example State 014,Example City 240,Example District 1532,1
Example State 005,Example City 182,Example District 2941,1
Example State 005,Example City 010,Example District 2107,1
Example State 005,Example City 237,Example District 2142,1
Example State 005,Example City 237,Example District 2436,1
Example State 002,Example City 187,Example District 2726,1
Example State 002,Example City 187,Example District 2379,1
Example State 005,Example City 036,Example District 1289,1
Example State 014,Example City 084,Example District 2428,1
Example State 014,Example City 198,Example District 1806,1
Example State 014,Example City 060,Example District 3499,1
Example State 014,Example City 438,Example District 3730,1
Example State 008,Example City 439,Example District 3731,1
Example State 008,Example City 440,Example District 3732,1
Example State 008,Example City 440,Example District 3733,1
Example State 008,Example City 440,Example District 3734,1
Example State 008,Example City 441,Example District 3735,1
Example State 008,Example City 102,Example District 539,1
Example State 008,Example City 102,Example District 2804,1
Example State 008,Example City 442,Example District 3736,1
Example State 008,Example City 443,Example District 3737,1
Example State 008,Example City 443,Example District 3738,1
Example State 008,Example City 444,Example District 3739,1
Example State 008,Example City 444,Example District 3740,1
Example State 008,Example City 445,Example District 3741,1
Example State 008,Example City 046,Example District 3290,1
Example State 008,Example City 046,Example District 3232,1
Example State 008,Example City 191,Example District 1099,1
Example State 005,Example City 182,Example District 1314,1
Example State 005,Example City 182,Example District 629,1
Example State 008,Example City 439,Example District 3742,1
Example State 008,Example City 439,Example District 3743,1
Example State 008,Example City 439,Example District 3744,1
Example State 008,Example City 439,Example District 2730,1
Example State 008,Example City 446,Example District 3745,1
Example State 008,Example City 446,Example District 3746,1
Example State 005,Example City 189,Example District 3046,1
Example State 005,Example City 273,Example District 3052,1
Example State 005,Example City 273,Example District 2077,1
Example State 005,Example City 176,Example District 2952,1
Example State 001,Example City 025,Example District 3688,1
Example State 005,Example City 036,Example District 3063,1
Example State 005,Example City 182,Example District 1832,1
Example State 005,Example City 182,Example District 2848,1
Example State 006,Example City 048,Example District 2074,1
Example State 006,Example City 175,Example District 2764,1
Example State 006,Example City 175,Example District 1550,1
Example State 006,Example City 175,Example District 1256,1
Example State 006,Example City 175,Example District 3575,1
Example State 006,Example City 027,Example District 2239,1
Example State 006,Example City 054,Example District 1885,1
Example State 006,Example City 194,Example District 1636,1
Example State 001,Example City 173,Example District 3747,1
Example State 001,Example City 173,Example District 988,1
Example State 001,Example City 173,Example District 847,1
Example State 001,Example City 173,Example District 1093,1
Example State 009,Example City 070,Example District 3610,1
Example State 015,Example City 017,Example District 3108,1
Example State 015,Example City 043,Example District 627,1
Example State 006,Example City 048,Example District 2227,1
Example State 006,Example City 059,Example District 2219,1
Example State 006,Example City 037,Example District 2149,1
Example State 006,Example City 027,Example District 2288,1
Example State 006,Example City 027,Example District 3678,1
Example State 006,Example City 013,Example District 3372,1
Example State 001,Example City 002,Example District 2475,1
Example State 001,Example City 002,Example District 2530,1
Example State 004,Example City 056,Example District 3032,1
Example State 011,Example City 447,Example District 2536,1
Example State 011,Example City 447,Example District 3748,1
Example State 011,Example City 447,Example District 3749,1
Example State 006,Example City 013,Example District 2806,1
Example State 006,Example City 076,Example District 3294,1
Example State 006,Example City 076,Example District 3165,1
Example State 006,Example City 076,Example District 1888,1
Example State 006,Example City 059,Example District 3750,1
Example State 013,Example City 252,Example District 1637,1
Example State 013,Example City 017,Example District 1840,1
Example State 013,Example City 188,Example District 2002,1
Example State 013,Example City 188,Example District 3003,1
Example State 006,Example City 183,Example District 632,1
Example State 006,Example City 068,Example District 1422,1
Example State 006,Example City 068,Example District 3751,1
Example State 006,Example City 218,Example District 1759,1
Example State 001,Example City 004,Example District 3752,1
Example State 001,Example City 028,Example District 3321,1
Example State 001,Example City 028,Example District 2462,1
Example State 001,Example City 028,Example District 1033,1
Example State 001,Example City 004,Example District 3753,1
Example State 001,Example City 026,Example District 1289,1
Example State 092,Example City 448,Example District 3754,1
Example State 013,Example City 252,Example District 1913,1
Example State 006,Example City 054,Example District 3558,1
Example State 009,Example City 056,Example District 3379,1
Example State 004,Example City 275,Example District 2122,1
Example State 004,Example City 105,Example District 3481,1
Example State 004,Example City 258,Example District 1723,1
Example State 001,Example City 004,Example District 3755,1
Example State 001,Example City 004,Example District 3756,1
Example State 001,Example City 004,Example District 3757,1
Example State 006,Example City 194,Example District 2057,1
Example State 006,Example City 042,Example District 3652,1
Example State 006,Example City 075,Example District 3074,1
Example State 006,Example City 075,Example District 1033,1
Example State 006,Example City 054,Example District 2225,1
Example State 006,Example City 054,Example District 2087,1
Example State 006,Example City 054,Example District 1171,1
Example State 006,Example City 054,Example District 2222,1
Example State 001,Example City 032,Example District 3206,1
Example State 001,Example City 032,Example District 2776,1
Example State 001,Example City 032,Example District 3011,1
Example State 001,Example City 032,Example District 2827,1
Example State 001,Example City 032,Example District 3758,1
Example State 001,Example City 014,Example District 3679,1
Example State 001,Example City 014,Example District 3528,1
Example State 001,Example City 031,Example District 778,1
Example State 001,Example City 047,Example District 3128,1
Example State 001,Example City 017,Example District 3759,1
Example State 001,Example City 017,Example District 2338,1
Example State 001,Example City 047,Example District 3656,1
Example State 001,Example City 047,Example District 2336,1
Example State 001,Example City 047,Example District 826,1
Example State 001,Example City 004,Example District 3671,1
Example State 001,Example City 019,Example District 797,1
Example State 001,Example City 028,Example District 3547,1
Example State 001,Example City 028,Example District 3618,1
Example State 001,Example City 085,Example District 1532,1
Example State 001,Example City 085,Example District 3760,1
Example State 001,Example City 085,Example District 539,1
Example State 001,Example City 085,Example District 1069,1
Example State 001,Example City 047,Example District 2141,1
Example State 001,Example City 047,Example District 1078,1
Example State 006,Example City 218,Example District 1825,1
Example State 006,Example City 061,Example District 1450,1
Example State 006,Example City 030,Example District 2719,1
Example State 006,Example City 030,Example District 2987,1
Example State 006,Example City 030,Example District 3761,1
Example State 015,Example City 080,Example District 1197,1
Example State 001,Example City 028,Example District 3661,1
Example State 001,Example City 028,Example District 1858,1
Example State 013,Example City 222,Example District 1393,1
Example State 013,Example City 056,Example District 3475,1
Example State 092,Example City 436,Example District 3762,1
Example State 001,Example City 018,Example District 651,1
Example State 001,Example City 018,Example District 2345,1
Example State 001,Example City 018,Example District 3763,1
Example State 001,Example City 049,Example District 1848,1
Example State 001,Example City 001,Example District 3764,1
Example State 010,Example City 018,Example District 3765,1
Example State 010,Example City 043,Example District 951,1
Example State 010,Example City 043,Example District 731,1
Example State 010,Example City 023,Example District 2521,1
Example State 010,Example City 023,Example District 3373,1
Example State 013,Example City 185,Example District 806,1
Example State 013,Example City 185,Example District 2006,1
Example State 013,Example City 185,Example District 1886,1
Example State 010,Example City 023,Example District 1731,1
Example State 010,Example City 023,Example District 3766,1
Example State 010,Example City 023,Example District 2605,1
Example State 010,Example City 023,Example District 1342,1
Example State 010,Example City 056,Example District 1554,1
Example State 015,Example City 186,Example District 1799,1
Example State 010,Example City 211,Example District 1829,1
Example State 010,Example City 018,Example District 1492,1
Example State 001,Example City 031,Example District 3767,1
Example State 001,Example City 031,Example District 3768,1
Example State 001,Example City 049,Example District 3522,1
Example State 001,Example City 049,Example District 2540,1
Example State 003,Example City 181,Example District 2285,1
Example State 003,Example City 181,Example District 1918,1
Example State 010,Example City 023,Example District 2859,1
Example State 010,Example City 023,Example District 3651,1
Example State 092,Example City 314,Example District 2861,1
Example State 092,Example City 271,Example District 3086,1
Example State 092,Example City 401,Example District 3474,1
Example State 003,Example City 181,Example District 1198,1
Example State 003,Example City 247,Example District 3110,1
Example State 003,Example City 247,Example District 2017,1
Example State 003,Example City 247,Example District 1566,1
Example State 003,Example City 368,Example District 3275,1
Example State 092,Example City 300,Example District 2607,1
Example State 092,Example City 169,Example District 519,1
Example State 092,Example City 169,Example District 3769,1
Example State 092,Example City 169,Example District 3104,1
Example State 092,Example City 232,Example District 2595,1
Example State 092,Example City 168,Example District 1498,1
Example State 092,Example City 177,Example District 609,1
Example State 092,Example City 177,Example District 3770,1
Example State 001,Example City 032,Example District 1047,1
Example State 003,Example City 086,Example District 2694,1
Example State 003,Example City 086,Example District 1686,1
Example State 003,Example City 062,Example District 1382,1
Example State 003,Example City 062,Example District 3771,1
Example State 092,Example City 170,Example District 521,1
Example State 092,Example City 226,Example District 2043,1
Example State 092,Example City 316,Example District 2936,1
Example State 001,Example City 001,Example District 1725,1
Example State 001,Example City 001,Example District 3772,1
Example State 001,Example City 043,Example District 3302,1
Example State 001,Example City 043,Example District 1135,1
Example State 001,Example City 043,Example District 3773,1
Example State 001,Example City 043,Example District 1732,1
Example State 001,Example City 043,Example District 3774,1
Example State 001,Example City 032,Example District 1099,1
Example State 003,Example City 449,Example District 3775,1
Example State 003,Example City 449,Example District 3776,1
Example State 003,Example City 450,Example District 3777,1
Example State 003,Example City 450,Example District 3664,1
Example State 003,Example City 450,Example District 3778,1
Example State 003,Example City 431,Example District 3779,1
Example State 003,Example City 062,Example District 3780,1
Example State 003,Example City 062,Example District 2109,1
Example State 003,Example City 071,Example District 3781,1
Example State 003,Example City 071,Example District 3004,1
Example State 003,Example City 179,Example District 2838,1
Example State 003,Example City 179,Example District 837,1
Example State 003,Example City 451,Example District 3782,1
Example State 003,Example City 171,Example District 3783,1
Example State 003,Example City 171,Example District 2438,1
Example State 003,Example City 007,Example District 694,1
Example State 001,Example City 003,Example District 3784,1
Example State 001,Example City 197,Example District 1082,1
Example State 001,Example City 197,Example District 2011,1
Example State 001,Example City 003,Example District 3785,1
Example State 001,Example City 003,Example District 3700,1
Example State 001,Example City 001,Example District 3786,1
Example State 001,Example City 197,Example District 864,1
Example State 001,Example City 001,Example District 2486,1
Example State 092,Example City 233,Example District 2022,1
Example State 092,Example City 233,Example District 3092,1
Example State 001,Example City 032,Example District 3313,1
Example State 001,Example City 032,Example District 3787,1
Example State 001,Example City 032,Example District 2899,1
Example State 001,Example City 003,Example District 3788,1
Example State 001,Example City 003,Example District 3789,1
Example State 001,Example City 003,Example District 3790,1
Example State 003,Example City 009,Example District 1546,1
Example State 003,Example City 029,Example District 3791,1
Example State 003,Example City 029,Example District 3792,1
Example State 003,Example City 071,Example District 3505,1
Example State 003,Example City 071,Example District 2651,1
Example State 001,Example City 005,Example District 2768,1
Example State 001,Example City 005,Example District 3793,1
Example State 001,Example City 005,Example District 3504,1
Example State 008,Example City 217,Example District 2128,1
Example State 003,Example City 009,Example District 3794,1
Example State 003,Example City 009,Example District 3795,1
Example State 003,Example City 009,Example District 3796,1
Example State 003,Example City 172,Example District 3797,1
Example State 003,Example City 172,Example District 536,1
Example State 003,Example City 284,Example District 2963,1
Example State 003,Example City 284,Example District 2369,1
Example State 001,Example City 003,Example District 3798,1
Example State 001,Example City 003,Example District 3799,1
Example State 001,Example City 003,Example District 3800,1
Example State 001,Example City 003,Example District 3801,1
Example State 001,Example City 003,Example District 3802,1
Example State 008,Example City 217,Example District 2478,1
Example State 008,Example City 217,Example District 3803,1
Example State 008,Example City 217,Example District 2127,1
Example State 003,Example City 062,Example District 3130,1
Example State 003,Example City 062,Example District 1508,1
Example State 003,Example City 062,Example District 1141,1
Example State 003,Example City 212,Example District 3698,1
Example State 003,Example City 212,Example District 1092,1
Example State 003,Example City 086,Example District 2721,1
Example State 001,Example City 001,Example District 3804,1
Example State 001,Example City 003,Example District 263,1
Example State 008,Example City 217,Example District 2645,1
Example State 008,Example City 217,Example District 3103,1
Example State 008,Example City 192,Example District 3400,1
Example State 008,Example City 192,Example District 2658,1
Example State 008,Example City 192,Example District 1711,1
Example State 008,Example City 443,Example District 3805,1
Example State 008,Example City 443,Example District 3806,1
Example State 001,Example City 003,Example District 1199,1
Example State 008,Example City 044,Example District 1298,1
Example State 008,Example City 044,Example District 2507,1
Example State 008,Example City 044,Example District 3807,1
Example State 008,Example City 452,Example District 3808,1
Example State 008,Example City 199,Example District 895,1
Example State 008,Example City 078,Example District 3513,1
Example State 008,Example City 044,Example District 3214,1
Example State 008,Example City 044,Example District 2372,1
Example State 001,Example City 072,Example District 2457,1
Example State 001,Example City 003,Example District 1659,1
Example State 008,Example City 453,Example District 3809,1
Example State 008,Example City 437,Example District 3810,1
Example State 008,Example City 437,Example District 3811,1
Example State 008,Example City 454,Example District 3812,1
Example State 008,Example City 454,Example District 3813,1
Example State 008,Example City 044,Example District 3814,1
Example State 001,Example City 072,Example District 473,1
Example State 001,Example City 204,Example District 3262,1
Example State 001,Example City 005,Example District 3356,1
Example State 001,Example City 005,Example District 2989,1
Example State 001,Example City 003,Example District 3815,1
Example State 001,Example City 003,Example District 3816,1
Example State 001,Example City 003,Example District 3817,1
Example State 001,Example City 003,Example District 3818,1
Example State 005,Example City 081,Example District 3177,1
Example State 005,Example City 176,Example District 3819,1
Example State 005,Example City 176,Example District 2460,1
Example State 005,Example City 176,Example District 3273,1
Example State 005,Example City 228,Example District 2314,1
Example State 005,Example City 216,Example District 2624,1
Example State 005,Example City 216,Example District 3145,1
Example State 005,Example City 189,Example District 831,1
Example State 001,Example City 205,Example District 3820,1
Example State 001,Example City 167,Example District 2783,1
Example State 001,Example City 167,Example District 3484,1
Example State 001,Example City 167,Example District 3080,1
Example State 001,Example City 167,Example District 3690,1
Example State 005,Example City 184,Example District 648,1
Example State 005,Example City 081,Example District 775,1
Example State 005,Example City 081,Example District 1333,1
Example State 001,Example City 020,Example District 1449,1
Example State 001,Example City 020,Example District 2404,1
Example State 001,Example City 020,Example District 3527,1
Example State 001,Example City 020,Example District 3360,1
Example State 001,Example City 052,Example District 1439,1
Example State 001,Example City 052,Example District 3821,1
Example State 001,Example City 205,Example District 3263,1
Example State 001,Example City 205,Example District 3163,1
Example State 001,Example City 003,Example District 3676,1
Example State 001,Example City 003,Example District 3822,1
Example State 001,Example City 052,Example District 1081,1
Example State 001,Example City 052,Example District 680,1
Example State 001,Example City 052,Example District 1670,1
Example State 001,Example City 052,Example District 3823,1
Example State 001,Example City 052,Example District 3049,1
Example State 001,Example City 020,Example District 3231,1
Example State 014,Example City 084,Example District 2276,1
Example State 014,Example City 084,Example District 2096,1
Example State 008,Example City 455,Example District 3824,1
Example State 008,Example City 455,Example District 3774,1
Example State 008,Example City 456,Example District 3825,1
Example State 016,Example City 266,Example District 1859,1
Example State 012,Example City 263,Example District 2200,1
Example State 008,Example City 087,Example District 1795,1
Example State 012,Example City 457,Example District 3826,1
Example State 012,Example City 430,Example District 3827,1
Example State 014,Example City 438,Example District 3828,1
Example State 014,Example City 438,Example District 3499,1
Example State 014,Example City 435,Example District 3829,1
Example State 014,Example City 435,Example District 3830,1
Example State 014,Example City 285,Example District 2383,1
Example State 014,Example City 074,Example District 326,1
Example State 012,Example City 434,Example District 3831,1
Example State 016,Example City 278,Example District 2244,1
Example State 012,Example City 227,Example District 1300,1
Example State 012,Example City 352,Example District 3172,1
Example State 012,Example City 399,Example District 3460,1
Example State 012,Example City 279,Example District 3832,1
Example State 012,Example City 220,Example District 1227,1
Example State 012,Example City 245,Example District 1552,1
Example State 008,Example City 453,Example District 3833,1
Example State 001,Example City 025,Example District 2721,1
Example State 001,Example City 025,Example District 1549,1
Example State 001,Example City 025,Example District 3135,1
Example State 012,Example City 430,Example District 3834,1
Example State 012,Example City 434,Example District 3835,1
Example State 012,Example City 434,Example District 3373,1
Example State 012,Example City 434,Example District 3836,1
Example State 009,Example City 017,Example District 1725,1
Example State 009,Example City 017,Example District 1278,1
Example State 009,Example City 032,Example District 1987,1
Example State 009,Example City 070,Example District 1846,1
Example State 009,Example City 070,Example District 2242,1
Example State 006,Example City 037,Example District 3041,1
Example State 006,Example City 037,Example District 2534,1
Example State 006,Example City 201,Example District 1180,1
Example State 016,Example City 260,Example District 1738,1
Example State 008,Example City 455,Example District 3837,1
Example State 006,Example City 067,Example District 1688,1
Example State 006,Example City 067,Example District 3313,1
Example State 006,Example City 067,Example District 1871,1
Example State 006,Example City 075,Example District 2163,1
Example State 011,Example City 447,Example District 3838,1
Example State 011,Example City 447,Example District 3839,1
Example State 008,Example City 087,Example District 3840,1
Example State 008,Example City 087,Example District 935,1
Example State 008,Example City 016,Example District 2132,1
Example State 008,Example City 016,Example District 2655,1
Example State 008,Example City 016,Example District 3259,1
Example State 008,Example City 082,Example District 1821,1
Example State 008,Example City 015,Example District 2327,1
Example State 008,Example City 015,Example District 1955,1
Example State 008,Example City 458,Example District 3841,1
Example State 008,Example City 458,Example District 3842,1
Example State 008,Example City 459,Example District 3843,1
Example State 008,Example City 459,Example District 3844,1
Example State 008,Example City 433,Example District 3845,1
Example State 008,Example City 015,Example District 2196,1
Example State 008,Example City 015,Example District 051,1
Example State 008,Example City 015,Example District 1756,1
